ISO-10303-21;
HEADER;
/* Generated by software containing ST-Developer
 * from STEP Tools, Inc. (www.steptools.com) 
 */
/* OPTION: using custom renumber hook */

FILE_DESCRIPTION(
/* description */ ('STEP AP242 Edition 2',
'CAx-IF Rec.Pracs.---Representation and Presentation of Product Manufa
cturing Information (PMI)---4.0---2014-10-13',
'CAx-IF Rec.Pracs.---3D Tessellated Geometry---0.4---2014-09-14','2;1',
'CAx-IF Rec.Pracs.---User Defined Attributes---1.5---2016-08-15'),
/* implementation_level */ '2;1');

FILE_NAME(
/* name */ 'Part Studio 1',
/* time_stamp */ '2026-08-07T03:15:18Z',
/* author */ (''),
/* organization */ (''),
/* preprocessor_version */ 'ST-DEVELOPER v20',
/* originating_system */ 'ONSHAPE BY PTC INC, 1.218',
/* authorisation */ '  ');

FILE_SCHEMA (('AP242_MANAGED_MODEL_BASED_3D_ENGINEERING_MIM_LF { 1 0 10303 442 3 1 4 }'));
ENDSEC;

DATA;
#10=SHAPE_REPRESENTATION_RELATIONSHIP('','',#2807,#22);
#11=SHAPE_REPRESENTATION_RELATIONSHIP('','',#2808,#23);
#12=SHAPE_REPRESENTATION_RELATIONSHIP('','',#2809,#24);
#13=SHAPE_REPRESENTATION_RELATIONSHIP('','',#2810,#25);
#14=SHAPE_REPRESENTATION_RELATIONSHIP('','',#2811,#26);
#15=SHAPE_REPRESENTATION_RELATIONSHIP('','',#2812,#27);
#16=SHAPE_REPRESENTATION_RELATIONSHIP('','',#2813,#28);
#17=SHAPE_REPRESENTATION_RELATIONSHIP('','',#2814,#29);
#18=SHAPE_REPRESENTATION_RELATIONSHIP('','',#2815,#30);
#19=SHAPE_REPRESENTATION_RELATIONSHIP('','',#2816,#31);
#20=SHAPE_REPRESENTATION_RELATIONSHIP('','',#2817,#32);
#21=SHAPE_REPRESENTATION_RELATIONSHIP('','',#2818,#33);
#22=ADVANCED_BREP_SHAPE_REPRESENTATION('',(#2783),#5363);
#23=ADVANCED_BREP_SHAPE_REPRESENTATION('',(#2784),#5364);
#24=ADVANCED_BREP_SHAPE_REPRESENTATION('',(#2785),#5365);
#25=ADVANCED_BREP_SHAPE_REPRESENTATION('',(#2786),#5366);
#26=ADVANCED_BREP_SHAPE_REPRESENTATION('',(#2787),#5367);
#27=ADVANCED_BREP_SHAPE_REPRESENTATION('',(#2788),#5368);
#28=ADVANCED_BREP_SHAPE_REPRESENTATION('',(#2789),#5369);
#29=ADVANCED_BREP_SHAPE_REPRESENTATION('',(#2790),#5370);
#30=ADVANCED_BREP_SHAPE_REPRESENTATION('',(#2791),#5371);
#31=ADVANCED_BREP_SHAPE_REPRESENTATION('',(#2792),#5372);
#32=ADVANCED_BREP_SHAPE_REPRESENTATION('',(#2793),#5373);
#33=ADVANCED_BREP_SHAPE_REPRESENTATION('',(#2794),#5374);
#34=CONICAL_SURFACE('',#2826,0.000904521465194,0.785398163397301);
#35=CONICAL_SURFACE('',#2850,0.0007238999990519,0.785398163397301);
#36=CONICAL_SURFACE('',#2862,0.000904521465194,0.785398163397301);
#37=CONICAL_SURFACE('',#2886,0.0007238999990519,0.785398163397301);
#38=CONICAL_SURFACE('',#2898,0.000904521465194,0.785398163397301);
#39=CONICAL_SURFACE('',#2922,0.0007238999990519,0.785398163397301);
#40=CONICAL_SURFACE('',#2934,0.000904521465194,0.785398163397301);
#41=CONICAL_SURFACE('',#2958,0.0007238999990519,0.785398163397301);
#42=CONICAL_SURFACE('',#2970,0.000904521465194,0.785398163397301);
#43=CONICAL_SURFACE('',#2994,0.0007238999990519,0.785398163397301);
#44=CONICAL_SURFACE('',#3006,0.000904521465194,0.785398163397301);
#45=CONICAL_SURFACE('',#3030,0.0007238999990519,0.785398163397301);
#46=CONICAL_SURFACE('',#3042,0.000904521465194,0.785398163397301);
#47=CONICAL_SURFACE('',#3066,0.0007238999990519,0.785398163397301);
#48=CONICAL_SURFACE('',#3078,0.000904521465194,0.785398163397301);
#49=CONICAL_SURFACE('',#3102,0.0007238999990519,0.785398163397301);
#50=CONICAL_SURFACE('',#3114,0.000904521465194,0.785398163397301);
#51=CONICAL_SURFACE('',#3138,0.0007238999990519,0.785398163397301);
#52=CONICAL_SURFACE('',#3150,0.000904521465194,0.785398163397301);
#53=CONICAL_SURFACE('',#3174,0.0007238999990519,0.785398163397301);
#54=CONICAL_SURFACE('',#3186,0.000904521465194,0.785398163397301);
#55=CONICAL_SURFACE('',#3210,0.0007238999990519,0.785398163397301);
#56=CONICAL_SURFACE('',#3222,0.000904521465194,0.785398163397301);
#57=CONICAL_SURFACE('',#3246,0.0007238999990519,0.785398163397301);
#58=TOROIDAL_SURFACE('',#2824,0.0017653,0.00127);
#59=TOROIDAL_SURFACE('',#2828,0.0008852,8.E-5);
#60=TOROIDAL_SURFACE('',#2834,0.0011827,0.0001);
#61=TOROIDAL_SURFACE('',#2838,0.0011827,0.0001);
#62=TOROIDAL_SURFACE('',#2842,0.0010652,0.0001);
#63=TOROIDAL_SURFACE('',#2860,0.0017653,0.00127);
#64=TOROIDAL_SURFACE('',#2864,0.0008852,8.E-5);
#65=TOROIDAL_SURFACE('',#2870,0.0011827,0.0001);
#66=TOROIDAL_SURFACE('',#2874,0.0011827,0.0001);
#67=TOROIDAL_SURFACE('',#2878,0.0010652,0.0001);
#68=TOROIDAL_SURFACE('',#2896,0.0017653,0.00127);
#69=TOROIDAL_SURFACE('',#2900,0.0008852,8.E-5);
#70=TOROIDAL_SURFACE('',#2906,0.0011827,0.0001);
#71=TOROIDAL_SURFACE('',#2910,0.0011827,0.0001);
#72=TOROIDAL_SURFACE('',#2914,0.0010652,0.0001);
#73=TOROIDAL_SURFACE('',#2932,0.0017653,0.00127);
#74=TOROIDAL_SURFACE('',#2936,0.0008852,8.E-5);
#75=TOROIDAL_SURFACE('',#2942,0.0011827,0.0001);
#76=TOROIDAL_SURFACE('',#2946,0.0011827,0.0001);
#77=TOROIDAL_SURFACE('',#2950,0.0010652,0.0001);
#78=TOROIDAL_SURFACE('',#2968,0.0017653,0.00127);
#79=TOROIDAL_SURFACE('',#2972,0.0008852,8.E-5);
#80=TOROIDAL_SURFACE('',#2978,0.0011827,0.0001);
#81=TOROIDAL_SURFACE('',#2982,0.0011827,0.0001);
#82=TOROIDAL_SURFACE('',#2986,0.0010652,0.0001);
#83=TOROIDAL_SURFACE('',#3004,0.0017653,0.00127);
#84=TOROIDAL_SURFACE('',#3008,0.0008852,8.E-5);
#85=TOROIDAL_SURFACE('',#3014,0.0011827,0.0001);
#86=TOROIDAL_SURFACE('',#3018,0.0011827,0.0001);
#87=TOROIDAL_SURFACE('',#3022,0.0010652,0.0001);
#88=TOROIDAL_SURFACE('',#3040,0.0017653,0.00127);
#89=TOROIDAL_SURFACE('',#3044,0.0008852,8.E-5);
#90=TOROIDAL_SURFACE('',#3050,0.0011827,0.0001);
#91=TOROIDAL_SURFACE('',#3054,0.0011827,0.0001);
#92=TOROIDAL_SURFACE('',#3058,0.0010652,0.0001);
#93=TOROIDAL_SURFACE('',#3076,0.0017653,0.00127);
#94=TOROIDAL_SURFACE('',#3080,0.0008852,8.E-5);
#95=TOROIDAL_SURFACE('',#3086,0.0011827,0.0001);
#96=TOROIDAL_SURFACE('',#3090,0.0011827,0.0001);
#97=TOROIDAL_SURFACE('',#3094,0.0010652,0.0001);
#98=TOROIDAL_SURFACE('',#3112,0.0017653,0.00127);
#99=TOROIDAL_SURFACE('',#3116,0.0008852,8.E-5);
#100=TOROIDAL_SURFACE('',#3122,0.0011827,0.0001);
#101=TOROIDAL_SURFACE('',#3126,0.0011827,0.0001);
#102=TOROIDAL_SURFACE('',#3130,0.0010652,0.0001);
#103=TOROIDAL_SURFACE('',#3148,0.0017653,0.00127);
#104=TOROIDAL_SURFACE('',#3152,0.0008852,8.E-5);
#105=TOROIDAL_SURFACE('',#3158,0.0011827,0.0001);
#106=TOROIDAL_SURFACE('',#3162,0.0011827,0.0001);
#107=TOROIDAL_SURFACE('',#3166,0.0010652,0.0001);
#108=TOROIDAL_SURFACE('',#3184,0.0017653,0.00127);
#109=TOROIDAL_SURFACE('',#3188,0.0008852,8.E-5);
#110=TOROIDAL_SURFACE('',#3194,0.0011827,0.0001);
#111=TOROIDAL_SURFACE('',#3198,0.0011827,0.0001);
#112=TOROIDAL_SURFACE('',#3202,0.0010652,0.0001);
#113=TOROIDAL_SURFACE('',#3220,0.0017653,0.00127);
#114=TOROIDAL_SURFACE('',#3224,0.0008852,8.E-5);
#115=TOROIDAL_SURFACE('',#3230,0.0011827,0.0001);
#116=TOROIDAL_SURFACE('',#3234,0.0011827,0.0001);
#117=TOROIDAL_SURFACE('',#3238,0.0010652,0.0001);
#118=CIRCLE('',#2823,0.0004953);
#119=CIRCLE('',#2825,0.000867274387893056);
#120=CIRCLE('',#2827,0.000941768542495836);
#121=CIRCLE('',#2829,0.0009652);
#122=CIRCLE('',#2831,0.0009652);
#123=CIRCLE('',#2833,0.0011827);
#124=CIRCLE('',#2835,0.0012827);
#125=CIRCLE('',#2837,0.0012827);
#126=CIRCLE('',#2839,0.0011827);
#127=CIRCLE('',#2841,0.0010652);
#128=CIRCLE('',#2843,0.0009652);
#129=CIRCLE('',#2845,0.0009652);
#130=CIRCLE('',#2849,0.000812800000000938);
#131=CIRCLE('',#2851,0.000635000000000963);
#132=CIRCLE('',#2853,0.000635);
#133=CIRCLE('',#2859,0.0004953);
#134=CIRCLE('',#2861,0.000867274387893056);
#135=CIRCLE('',#2863,0.000941768542495836);
#136=CIRCLE('',#2865,0.0009652);
#137=CIRCLE('',#2867,0.0009652);
#138=CIRCLE('',#2869,0.0011827);
#139=CIRCLE('',#2871,0.0012827);
#140=CIRCLE('',#2873,0.0012827);
#141=CIRCLE('',#2875,0.0011827);
#142=CIRCLE('',#2877,0.0010652);
#143=CIRCLE('',#2879,0.0009652);
#144=CIRCLE('',#2881,0.0009652);
#145=CIRCLE('',#2885,0.000812800000000938);
#146=CIRCLE('',#2887,0.000635000000000963);
#147=CIRCLE('',#2889,0.000635);
#148=CIRCLE('',#2895,0.0004953);
#149=CIRCLE('',#2897,0.000867274387893056);
#150=CIRCLE('',#2899,0.000941768542495836);
#151=CIRCLE('',#2901,0.0009652);
#152=CIRCLE('',#2903,0.0009652);
#153=CIRCLE('',#2905,0.0011827);
#154=CIRCLE('',#2907,0.0012827);
#155=CIRCLE('',#2909,0.0012827);
#156=CIRCLE('',#2911,0.0011827);
#157=CIRCLE('',#2913,0.0010652);
#158=CIRCLE('',#2915,0.0009652);
#159=CIRCLE('',#2917,0.0009652);
#160=CIRCLE('',#2921,0.000812800000000938);
#161=CIRCLE('',#2923,0.000635000000000963);
#162=CIRCLE('',#2925,0.000635);
#163=CIRCLE('',#2931,0.0004953);
#164=CIRCLE('',#2933,0.000867274387893056);
#165=CIRCLE('',#2935,0.000941768542495836);
#166=CIRCLE('',#2937,0.0009652);
#167=CIRCLE('',#2939,0.0009652);
#168=CIRCLE('',#2941,0.0011827);
#169=CIRCLE('',#2943,0.0012827);
#170=CIRCLE('',#2945,0.0012827);
#171=CIRCLE('',#2947,0.0011827);
#172=CIRCLE('',#2949,0.0010652);
#173=CIRCLE('',#2951,0.0009652);
#174=CIRCLE('',#2953,0.0009652);
#175=CIRCLE('',#2957,0.000812800000000938);
#176=CIRCLE('',#2959,0.000635000000000963);
#177=CIRCLE('',#2961,0.000635);
#178=CIRCLE('',#2967,0.0004953);
#179=CIRCLE('',#2969,0.000867274387893056);
#180=CIRCLE('',#2971,0.000941768542495836);
#181=CIRCLE('',#2973,0.0009652);
#182=CIRCLE('',#2975,0.0009652);
#183=CIRCLE('',#2977,0.0011827);
#184=CIRCLE('',#2979,0.0012827);
#185=CIRCLE('',#2981,0.0012827);
#186=CIRCLE('',#2983,0.0011827);
#187=CIRCLE('',#2985,0.0010652);
#188=CIRCLE('',#2987,0.0009652);
#189=CIRCLE('',#2989,0.0009652);
#190=CIRCLE('',#2993,0.000812800000000938);
#191=CIRCLE('',#2995,0.000635000000000963);
#192=CIRCLE('',#2997,0.000635);
#193=CIRCLE('',#3003,0.0004953);
#194=CIRCLE('',#3005,0.000867274387893056);
#195=CIRCLE('',#3007,0.000941768542495836);
#196=CIRCLE('',#3009,0.0009652);
#197=CIRCLE('',#3011,0.0009652);
#198=CIRCLE('',#3013,0.0011827);
#199=CIRCLE('',#3015,0.0012827);
#200=CIRCLE('',#3017,0.0012827);
#201=CIRCLE('',#3019,0.0011827);
#202=CIRCLE('',#3021,0.0010652);
#203=CIRCLE('',#3023,0.0009652);
#204=CIRCLE('',#3025,0.0009652);
#205=CIRCLE('',#3029,0.000812800000000938);
#206=CIRCLE('',#3031,0.000635000000000963);
#207=CIRCLE('',#3033,0.000635);
#208=CIRCLE('',#3039,0.0004953);
#209=CIRCLE('',#3041,0.000867274387893056);
#210=CIRCLE('',#3043,0.000941768542495836);
#211=CIRCLE('',#3045,0.0009652);
#212=CIRCLE('',#3047,0.0009652);
#213=CIRCLE('',#3049,0.0011827);
#214=CIRCLE('',#3051,0.0012827);
#215=CIRCLE('',#3053,0.0012827);
#216=CIRCLE('',#3055,0.0011827);
#217=CIRCLE('',#3057,0.0010652);
#218=CIRCLE('',#3059,0.0009652);
#219=CIRCLE('',#3061,0.0009652);
#220=CIRCLE('',#3065,0.000812800000000938);
#221=CIRCLE('',#3067,0.000635000000000963);
#222=CIRCLE('',#3069,0.000635);
#223=CIRCLE('',#3075,0.0004953);
#224=CIRCLE('',#3077,0.000867274387893056);
#225=CIRCLE('',#3079,0.000941768542495836);
#226=CIRCLE('',#3081,0.0009652);
#227=CIRCLE('',#3083,0.0009652);
#228=CIRCLE('',#3085,0.0011827);
#229=CIRCLE('',#3087,0.0012827);
#230=CIRCLE('',#3089,0.0012827);
#231=CIRCLE('',#3091,0.0011827);
#232=CIRCLE('',#3093,0.0010652);
#233=CIRCLE('',#3095,0.0009652);
#234=CIRCLE('',#3097,0.0009652);
#235=CIRCLE('',#3101,0.000812800000000938);
#236=CIRCLE('',#3103,0.000635000000000963);
#237=CIRCLE('',#3105,0.000635);
#238=CIRCLE('',#3111,0.0004953);
#239=CIRCLE('',#3113,0.000867274387893056);
#240=CIRCLE('',#3115,0.000941768542495836);
#241=CIRCLE('',#3117,0.0009652);
#242=CIRCLE('',#3119,0.0009652);
#243=CIRCLE('',#3121,0.0011827);
#244=CIRCLE('',#3123,0.0012827);
#245=CIRCLE('',#3125,0.0012827);
#246=CIRCLE('',#3127,0.0011827);
#247=CIRCLE('',#3129,0.0010652);
#248=CIRCLE('',#3131,0.0009652);
#249=CIRCLE('',#3133,0.0009652);
#250=CIRCLE('',#3137,0.000812800000000938);
#251=CIRCLE('',#3139,0.000635000000000963);
#252=CIRCLE('',#3141,0.000635);
#253=CIRCLE('',#3147,0.0004953);
#254=CIRCLE('',#3149,0.000867274387893056);
#255=CIRCLE('',#3151,0.000941768542495836);
#256=CIRCLE('',#3153,0.0009652);
#257=CIRCLE('',#3155,0.0009652);
#258=CIRCLE('',#3157,0.0011827);
#259=CIRCLE('',#3159,0.0012827);
#260=CIRCLE('',#3161,0.0012827);
#261=CIRCLE('',#3163,0.0011827);
#262=CIRCLE('',#3165,0.0010652);
#263=CIRCLE('',#3167,0.0009652);
#264=CIRCLE('',#3169,0.0009652);
#265=CIRCLE('',#3173,0.000812800000000938);
#266=CIRCLE('',#3175,0.000635000000000963);
#267=CIRCLE('',#3177,0.000635);
#268=CIRCLE('',#3183,0.0004953);
#269=CIRCLE('',#3185,0.000867274387893056);
#270=CIRCLE('',#3187,0.000941768542495836);
#271=CIRCLE('',#3189,0.0009652);
#272=CIRCLE('',#3191,0.0009652);
#273=CIRCLE('',#3193,0.0011827);
#274=CIRCLE('',#3195,0.0012827);
#275=CIRCLE('',#3197,0.0012827);
#276=CIRCLE('',#3199,0.0011827);
#277=CIRCLE('',#3201,0.0010652);
#278=CIRCLE('',#3203,0.0009652);
#279=CIRCLE('',#3205,0.0009652);
#280=CIRCLE('',#3209,0.000812800000000938);
#281=CIRCLE('',#3211,0.000635000000000963);
#282=CIRCLE('',#3213,0.000635);
#283=CIRCLE('',#3219,0.0004953);
#284=CIRCLE('',#3221,0.000867274387893056);
#285=CIRCLE('',#3223,0.000941768542495836);
#286=CIRCLE('',#3225,0.0009652);
#287=CIRCLE('',#3227,0.0009652);
#288=CIRCLE('',#3229,0.0011827);
#289=CIRCLE('',#3231,0.0012827);
#290=CIRCLE('',#3233,0.0012827);
#291=CIRCLE('',#3235,0.0011827);
#292=CIRCLE('',#3237,0.0010652);
#293=CIRCLE('',#3239,0.0009652);
#294=CIRCLE('',#3241,0.0009652);
#295=CIRCLE('',#3245,0.000812800000000938);
#296=CIRCLE('',#3247,0.000635000000000963);
#297=CIRCLE('',#3249,0.000635);
#298=CYLINDRICAL_SURFACE('',#2822,0.0004953);
#299=CYLINDRICAL_SURFACE('',#2830,0.0009652);
#300=CYLINDRICAL_SURFACE('',#2836,0.0012827);
#301=CYLINDRICAL_SURFACE('',#2844,0.0009652);
#302=CYLINDRICAL_SURFACE('',#2846,0.0003683);
#303=CYLINDRICAL_SURFACE('',#2847,0.000635);
#304=CYLINDRICAL_SURFACE('',#2852,0.000635);
#305=CYLINDRICAL_SURFACE('',#2858,0.0004953);
#306=CYLINDRICAL_SURFACE('',#2866,0.0009652);
#307=CYLINDRICAL_SURFACE('',#2872,0.0012827);
#308=CYLINDRICAL_SURFACE('',#2880,0.0009652);
#309=CYLINDRICAL_SURFACE('',#2882,0.0003683);
#310=CYLINDRICAL_SURFACE('',#2883,0.000635);
#311=CYLINDRICAL_SURFACE('',#2888,0.000635);
#312=CYLINDRICAL_SURFACE('',#2894,0.0004953);
#313=CYLINDRICAL_SURFACE('',#2902,0.0009652);
#314=CYLINDRICAL_SURFACE('',#2908,0.0012827);
#315=CYLINDRICAL_SURFACE('',#2916,0.0009652);
#316=CYLINDRICAL_SURFACE('',#2918,0.0003683);
#317=CYLINDRICAL_SURFACE('',#2919,0.000635);
#318=CYLINDRICAL_SURFACE('',#2924,0.000635);
#319=CYLINDRICAL_SURFACE('',#2930,0.0004953);
#320=CYLINDRICAL_SURFACE('',#2938,0.0009652);
#321=CYLINDRICAL_SURFACE('',#2944,0.0012827);
#322=CYLINDRICAL_SURFACE('',#2952,0.0009652);
#323=CYLINDRICAL_SURFACE('',#2954,0.0003683);
#324=CYLINDRICAL_SURFACE('',#2955,0.000635);
#325=CYLINDRICAL_SURFACE('',#2960,0.000635);
#326=CYLINDRICAL_SURFACE('',#2966,0.0004953);
#327=CYLINDRICAL_SURFACE('',#2974,0.0009652);
#328=CYLINDRICAL_SURFACE('',#2980,0.0012827);
#329=CYLINDRICAL_SURFACE('',#2988,0.0009652);
#330=CYLINDRICAL_SURFACE('',#2990,0.0003683);
#331=CYLINDRICAL_SURFACE('',#2991,0.000635);
#332=CYLINDRICAL_SURFACE('',#2996,0.000635);
#333=CYLINDRICAL_SURFACE('',#3002,0.0004953);
#334=CYLINDRICAL_SURFACE('',#3010,0.0009652);
#335=CYLINDRICAL_SURFACE('',#3016,0.0012827);
#336=CYLINDRICAL_SURFACE('',#3024,0.0009652);
#337=CYLINDRICAL_SURFACE('',#3026,0.0003683);
#338=CYLINDRICAL_SURFACE('',#3027,0.000635);
#339=CYLINDRICAL_SURFACE('',#3032,0.000635);
#340=CYLINDRICAL_SURFACE('',#3038,0.0004953);
#341=CYLINDRICAL_SURFACE('',#3046,0.0009652);
#342=CYLINDRICAL_SURFACE('',#3052,0.0012827);
#343=CYLINDRICAL_SURFACE('',#3060,0.0009652);
#344=CYLINDRICAL_SURFACE('',#3062,0.0003683);
#345=CYLINDRICAL_SURFACE('',#3063,0.000635);
#346=CYLINDRICAL_SURFACE('',#3068,0.000635);
#347=CYLINDRICAL_SURFACE('',#3074,0.0004953);
#348=CYLINDRICAL_SURFACE('',#3082,0.0009652);
#349=CYLINDRICAL_SURFACE('',#3088,0.0012827);
#350=CYLINDRICAL_SURFACE('',#3096,0.0009652);
#351=CYLINDRICAL_SURFACE('',#3098,0.0003683);
#352=CYLINDRICAL_SURFACE('',#3099,0.000635);
#353=CYLINDRICAL_SURFACE('',#3104,0.000635);
#354=CYLINDRICAL_SURFACE('',#3110,0.0004953);
#355=CYLINDRICAL_SURFACE('',#3118,0.0009652);
#356=CYLINDRICAL_SURFACE('',#3124,0.0012827);
#357=CYLINDRICAL_SURFACE('',#3132,0.0009652);
#358=CYLINDRICAL_SURFACE('',#3134,0.0003683);
#359=CYLINDRICAL_SURFACE('',#3135,0.000635);
#360=CYLINDRICAL_SURFACE('',#3140,0.000635);
#361=CYLINDRICAL_SURFACE('',#3146,0.0004953);
#362=CYLINDRICAL_SURFACE('',#3154,0.0009652);
#363=CYLINDRICAL_SURFACE('',#3160,0.0012827);
#364=CYLINDRICAL_SURFACE('',#3168,0.0009652);
#365=CYLINDRICAL_SURFACE('',#3170,0.0003683);
#366=CYLINDRICAL_SURFACE('',#3171,0.000635);
#367=CYLINDRICAL_SURFACE('',#3176,0.000635);
#368=CYLINDRICAL_SURFACE('',#3182,0.0004953);
#369=CYLINDRICAL_SURFACE('',#3190,0.0009652);
#370=CYLINDRICAL_SURFACE('',#3196,0.0012827);
#371=CYLINDRICAL_SURFACE('',#3204,0.0009652);
#372=CYLINDRICAL_SURFACE('',#3206,0.0003683);
#373=CYLINDRICAL_SURFACE('',#3207,0.000635);
#374=CYLINDRICAL_SURFACE('',#3212,0.000635);
#375=CYLINDRICAL_SURFACE('',#3218,0.0004953);
#376=CYLINDRICAL_SURFACE('',#3226,0.0009652);
#377=CYLINDRICAL_SURFACE('',#3232,0.0012827);
#378=CYLINDRICAL_SURFACE('',#3240,0.0009652);
#379=CYLINDRICAL_SURFACE('',#3242,0.0003683);
#380=CYLINDRICAL_SURFACE('',#3243,0.000635);
#381=CYLINDRICAL_SURFACE('',#3248,0.000635);
#382=DEGENERATE_TOROIDAL_SURFACE('',#2821,0.000245299999999989,0.000249999999999997,
 .T.);
#383=DEGENERATE_TOROIDAL_SURFACE('',#2857,0.000245299999999989,0.000249999999999997,
 .T.);
#384=DEGENERATE_TOROIDAL_SURFACE('',#2893,0.000245299999999989,0.000249999999999997,
 .T.);
#385=DEGENERATE_TOROIDAL_SURFACE('',#2929,0.000245299999999989,0.000249999999999997,
 .T.);
#386=DEGENERATE_TOROIDAL_SURFACE('',#2965,0.000245299999999989,0.000249999999999997,
 .T.);
#387=DEGENERATE_TOROIDAL_SURFACE('',#3001,0.000245299999999989,0.000249999999999997,
 .T.);
#388=DEGENERATE_TOROIDAL_SURFACE('',#3037,0.000245299999999989,0.000249999999999997,
 .T.);
#389=DEGENERATE_TOROIDAL_SURFACE('',#3073,0.000245299999999989,0.000249999999999997,
 .T.);
#390=DEGENERATE_TOROIDAL_SURFACE('',#3109,0.000245299999999989,0.000249999999999997,
 .T.);
#391=DEGENERATE_TOROIDAL_SURFACE('',#3145,0.000245299999999989,0.000249999999999997,
 .T.);
#392=DEGENERATE_TOROIDAL_SURFACE('',#3181,0.000245299999999989,0.000249999999999997,
 .T.);
#393=DEGENERATE_TOROIDAL_SURFACE('',#3217,0.000245299999999989,0.000249999999999997,
 .T.);
#394=ORIENTED_EDGE('',*,*,#898,.F.);
#395=ORIENTED_EDGE('',*,*,#899,.F.);
#396=ORIENTED_EDGE('',*,*,#898,.T.);
#397=ORIENTED_EDGE('',*,*,#899,.T.);
#398=ORIENTED_EDGE('',*,*,#900,.F.);
#399=ORIENTED_EDGE('',*,*,#901,.F.);
#400=ORIENTED_EDGE('',*,*,#902,.T.);
#401=ORIENTED_EDGE('',*,*,#900,.T.);
#402=ORIENTED_EDGE('',*,*,#901,.T.);
#403=ORIENTED_EDGE('',*,*,#903,.F.);
#404=ORIENTED_EDGE('',*,*,#902,.F.);
#405=ORIENTED_EDGE('',*,*,#904,.F.);
#406=ORIENTED_EDGE('',*,*,#903,.T.);
#407=ORIENTED_EDGE('',*,*,#904,.T.);
#408=ORIENTED_EDGE('',*,*,#905,.F.);
#409=ORIENTED_EDGE('',*,*,#906,.T.);
#410=ORIENTED_EDGE('',*,*,#905,.T.);
#411=ORIENTED_EDGE('',*,*,#907,.F.);
#412=ORIENTED_EDGE('',*,*,#906,.F.);
#413=ORIENTED_EDGE('',*,*,#907,.T.);
#414=ORIENTED_EDGE('',*,*,#908,.F.);
#415=ORIENTED_EDGE('',*,*,#909,.F.);
#416=ORIENTED_EDGE('',*,*,#908,.T.);
#417=ORIENTED_EDGE('',*,*,#909,.T.);
#418=ORIENTED_EDGE('',*,*,#910,.F.);
#419=ORIENTED_EDGE('',*,*,#910,.T.);
#420=ORIENTED_EDGE('',*,*,#911,.T.);
#421=ORIENTED_EDGE('',*,*,#911,.F.);
#422=ORIENTED_EDGE('',*,*,#912,.T.);
#423=ORIENTED_EDGE('',*,*,#913,.T.);
#424=ORIENTED_EDGE('',*,*,#914,.F.);
#425=ORIENTED_EDGE('',*,*,#912,.F.);
#426=ORIENTED_EDGE('',*,*,#913,.F.);
#427=ORIENTED_EDGE('',*,*,#915,.F.);
#428=ORIENTED_EDGE('',*,*,#915,.T.);
#429=ORIENTED_EDGE('',*,*,#914,.T.);
#430=ORIENTED_EDGE('',*,*,#916,.T.);
#431=ORIENTED_EDGE('',*,*,#917,.T.);
#432=ORIENTED_EDGE('',*,*,#916,.F.);
#433=ORIENTED_EDGE('',*,*,#918,.F.);
#434=ORIENTED_EDGE('',*,*,#917,.F.);
#435=ORIENTED_EDGE('',*,*,#918,.T.);
#436=ORIENTED_EDGE('',*,*,#919,.F.);
#437=ORIENTED_EDGE('',*,*,#920,.F.);
#438=ORIENTED_EDGE('',*,*,#919,.T.);
#439=ORIENTED_EDGE('',*,*,#920,.T.);
#440=ORIENTED_EDGE('',*,*,#921,.F.);
#441=ORIENTED_EDGE('',*,*,#922,.F.);
#442=ORIENTED_EDGE('',*,*,#923,.T.);
#443=ORIENTED_EDGE('',*,*,#921,.T.);
#444=ORIENTED_EDGE('',*,*,#922,.T.);
#445=ORIENTED_EDGE('',*,*,#924,.F.);
#446=ORIENTED_EDGE('',*,*,#923,.F.);
#447=ORIENTED_EDGE('',*,*,#925,.F.);
#448=ORIENTED_EDGE('',*,*,#924,.T.);
#449=ORIENTED_EDGE('',*,*,#925,.T.);
#450=ORIENTED_EDGE('',*,*,#926,.F.);
#451=ORIENTED_EDGE('',*,*,#927,.T.);
#452=ORIENTED_EDGE('',*,*,#926,.T.);
#453=ORIENTED_EDGE('',*,*,#928,.F.);
#454=ORIENTED_EDGE('',*,*,#927,.F.);
#455=ORIENTED_EDGE('',*,*,#928,.T.);
#456=ORIENTED_EDGE('',*,*,#929,.F.);
#457=ORIENTED_EDGE('',*,*,#930,.F.);
#458=ORIENTED_EDGE('',*,*,#929,.T.);
#459=ORIENTED_EDGE('',*,*,#930,.T.);
#460=ORIENTED_EDGE('',*,*,#931,.F.);
#461=ORIENTED_EDGE('',*,*,#931,.T.);
#462=ORIENTED_EDGE('',*,*,#932,.T.);
#463=ORIENTED_EDGE('',*,*,#932,.F.);
#464=ORIENTED_EDGE('',*,*,#933,.T.);
#465=ORIENTED_EDGE('',*,*,#934,.T.);
#466=ORIENTED_EDGE('',*,*,#935,.F.);
#467=ORIENTED_EDGE('',*,*,#933,.F.);
#468=ORIENTED_EDGE('',*,*,#934,.F.);
#469=ORIENTED_EDGE('',*,*,#936,.F.);
#470=ORIENTED_EDGE('',*,*,#936,.T.);
#471=ORIENTED_EDGE('',*,*,#935,.T.);
#472=ORIENTED_EDGE('',*,*,#937,.T.);
#473=ORIENTED_EDGE('',*,*,#938,.T.);
#474=ORIENTED_EDGE('',*,*,#937,.F.);
#475=ORIENTED_EDGE('',*,*,#939,.F.);
#476=ORIENTED_EDGE('',*,*,#938,.F.);
#477=ORIENTED_EDGE('',*,*,#939,.T.);
#478=ORIENTED_EDGE('',*,*,#940,.F.);
#479=ORIENTED_EDGE('',*,*,#941,.F.);
#480=ORIENTED_EDGE('',*,*,#940,.T.);
#481=ORIENTED_EDGE('',*,*,#941,.T.);
#482=ORIENTED_EDGE('',*,*,#942,.F.);
#483=ORIENTED_EDGE('',*,*,#943,.F.);
#484=ORIENTED_EDGE('',*,*,#944,.T.);
#485=ORIENTED_EDGE('',*,*,#942,.T.);
#486=ORIENTED_EDGE('',*,*,#943,.T.);
#487=ORIENTED_EDGE('',*,*,#945,.F.);
#488=ORIENTED_EDGE('',*,*,#944,.F.);
#489=ORIENTED_EDGE('',*,*,#946,.F.);
#490=ORIENTED_EDGE('',*,*,#945,.T.);
#491=ORIENTED_EDGE('',*,*,#946,.T.);
#492=ORIENTED_EDGE('',*,*,#947,.F.);
#493=ORIENTED_EDGE('',*,*,#948,.T.);
#494=ORIENTED_EDGE('',*,*,#947,.T.);
#495=ORIENTED_EDGE('',*,*,#949,.F.);
#496=ORIENTED_EDGE('',*,*,#948,.F.);
#497=ORIENTED_EDGE('',*,*,#949,.T.);
#498=ORIENTED_EDGE('',*,*,#950,.F.);
#499=ORIENTED_EDGE('',*,*,#951,.F.);
#500=ORIENTED_EDGE('',*,*,#950,.T.);
#501=ORIENTED_EDGE('',*,*,#951,.T.);
#502=ORIENTED_EDGE('',*,*,#952,.F.);
#503=ORIENTED_EDGE('',*,*,#952,.T.);
#504=ORIENTED_EDGE('',*,*,#953,.T.);
#505=ORIENTED_EDGE('',*,*,#953,.F.);
#506=ORIENTED_EDGE('',*,*,#954,.T.);
#507=ORIENTED_EDGE('',*,*,#955,.T.);
#508=ORIENTED_EDGE('',*,*,#956,.F.);
#509=ORIENTED_EDGE('',*,*,#954,.F.);
#510=ORIENTED_EDGE('',*,*,#955,.F.);
#511=ORIENTED_EDGE('',*,*,#957,.F.);
#512=ORIENTED_EDGE('',*,*,#957,.T.);
#513=ORIENTED_EDGE('',*,*,#956,.T.);
#514=ORIENTED_EDGE('',*,*,#958,.T.);
#515=ORIENTED_EDGE('',*,*,#959,.T.);
#516=ORIENTED_EDGE('',*,*,#958,.F.);
#517=ORIENTED_EDGE('',*,*,#960,.F.);
#518=ORIENTED_EDGE('',*,*,#959,.F.);
#519=ORIENTED_EDGE('',*,*,#960,.T.);
#520=ORIENTED_EDGE('',*,*,#961,.F.);
#521=ORIENTED_EDGE('',*,*,#962,.F.);
#522=ORIENTED_EDGE('',*,*,#961,.T.);
#523=ORIENTED_EDGE('',*,*,#962,.T.);
#524=ORIENTED_EDGE('',*,*,#963,.F.);
#525=ORIENTED_EDGE('',*,*,#964,.F.);
#526=ORIENTED_EDGE('',*,*,#965,.T.);
#527=ORIENTED_EDGE('',*,*,#963,.T.);
#528=ORIENTED_EDGE('',*,*,#964,.T.);
#529=ORIENTED_EDGE('',*,*,#966,.F.);
#530=ORIENTED_EDGE('',*,*,#965,.F.);
#531=ORIENTED_EDGE('',*,*,#967,.F.);
#532=ORIENTED_EDGE('',*,*,#966,.T.);
#533=ORIENTED_EDGE('',*,*,#967,.T.);
#534=ORIENTED_EDGE('',*,*,#968,.F.);
#535=ORIENTED_EDGE('',*,*,#969,.T.);
#536=ORIENTED_EDGE('',*,*,#968,.T.);
#537=ORIENTED_EDGE('',*,*,#970,.F.);
#538=ORIENTED_EDGE('',*,*,#969,.F.);
#539=ORIENTED_EDGE('',*,*,#970,.T.);
#540=ORIENTED_EDGE('',*,*,#971,.F.);
#541=ORIENTED_EDGE('',*,*,#972,.F.);
#542=ORIENTED_EDGE('',*,*,#971,.T.);
#543=ORIENTED_EDGE('',*,*,#972,.T.);
#544=ORIENTED_EDGE('',*,*,#973,.F.);
#545=ORIENTED_EDGE('',*,*,#973,.T.);
#546=ORIENTED_EDGE('',*,*,#974,.T.);
#547=ORIENTED_EDGE('',*,*,#974,.F.);
#548=ORIENTED_EDGE('',*,*,#975,.T.);
#549=ORIENTED_EDGE('',*,*,#976,.T.);
#550=ORIENTED_EDGE('',*,*,#977,.F.);
#551=ORIENTED_EDGE('',*,*,#975,.F.);
#552=ORIENTED_EDGE('',*,*,#976,.F.);
#553=ORIENTED_EDGE('',*,*,#978,.F.);
#554=ORIENTED_EDGE('',*,*,#978,.T.);
#555=ORIENTED_EDGE('',*,*,#977,.T.);
#556=ORIENTED_EDGE('',*,*,#979,.T.);
#557=ORIENTED_EDGE('',*,*,#980,.T.);
#558=ORIENTED_EDGE('',*,*,#979,.F.);
#559=ORIENTED_EDGE('',*,*,#981,.F.);
#560=ORIENTED_EDGE('',*,*,#980,.F.);
#561=ORIENTED_EDGE('',*,*,#981,.T.);
#562=ORIENTED_EDGE('',*,*,#982,.F.);
#563=ORIENTED_EDGE('',*,*,#983,.F.);
#564=ORIENTED_EDGE('',*,*,#982,.T.);
#565=ORIENTED_EDGE('',*,*,#983,.T.);
#566=ORIENTED_EDGE('',*,*,#984,.F.);
#567=ORIENTED_EDGE('',*,*,#985,.F.);
#568=ORIENTED_EDGE('',*,*,#986,.T.);
#569=ORIENTED_EDGE('',*,*,#984,.T.);
#570=ORIENTED_EDGE('',*,*,#985,.T.);
#571=ORIENTED_EDGE('',*,*,#987,.F.);
#572=ORIENTED_EDGE('',*,*,#986,.F.);
#573=ORIENTED_EDGE('',*,*,#988,.F.);
#574=ORIENTED_EDGE('',*,*,#987,.T.);
#575=ORIENTED_EDGE('',*,*,#988,.T.);
#576=ORIENTED_EDGE('',*,*,#989,.F.);
#577=ORIENTED_EDGE('',*,*,#990,.T.);
#578=ORIENTED_EDGE('',*,*,#989,.T.);
#579=ORIENTED_EDGE('',*,*,#991,.F.);
#580=ORIENTED_EDGE('',*,*,#990,.F.);
#581=ORIENTED_EDGE('',*,*,#991,.T.);
#582=ORIENTED_EDGE('',*,*,#992,.F.);
#583=ORIENTED_EDGE('',*,*,#993,.F.);
#584=ORIENTED_EDGE('',*,*,#992,.T.);
#585=ORIENTED_EDGE('',*,*,#993,.T.);
#586=ORIENTED_EDGE('',*,*,#994,.F.);
#587=ORIENTED_EDGE('',*,*,#994,.T.);
#588=ORIENTED_EDGE('',*,*,#995,.T.);
#589=ORIENTED_EDGE('',*,*,#995,.F.);
#590=ORIENTED_EDGE('',*,*,#996,.T.);
#591=ORIENTED_EDGE('',*,*,#997,.T.);
#592=ORIENTED_EDGE('',*,*,#998,.F.);
#593=ORIENTED_EDGE('',*,*,#996,.F.);
#594=ORIENTED_EDGE('',*,*,#997,.F.);
#595=ORIENTED_EDGE('',*,*,#999,.F.);
#596=ORIENTED_EDGE('',*,*,#999,.T.);
#597=ORIENTED_EDGE('',*,*,#998,.T.);
#598=ORIENTED_EDGE('',*,*,#1000,.T.);
#599=ORIENTED_EDGE('',*,*,#1001,.T.);
#600=ORIENTED_EDGE('',*,*,#1000,.F.);
#601=ORIENTED_EDGE('',*,*,#1002,.F.);
#602=ORIENTED_EDGE('',*,*,#1001,.F.);
#603=ORIENTED_EDGE('',*,*,#1002,.T.);
#604=ORIENTED_EDGE('',*,*,#1003,.F.);
#605=ORIENTED_EDGE('',*,*,#1004,.F.);
#606=ORIENTED_EDGE('',*,*,#1003,.T.);
#607=ORIENTED_EDGE('',*,*,#1004,.T.);
#608=ORIENTED_EDGE('',*,*,#1005,.F.);
#609=ORIENTED_EDGE('',*,*,#1006,.F.);
#610=ORIENTED_EDGE('',*,*,#1007,.T.);
#611=ORIENTED_EDGE('',*,*,#1005,.T.);
#612=ORIENTED_EDGE('',*,*,#1006,.T.);
#613=ORIENTED_EDGE('',*,*,#1008,.F.);
#614=ORIENTED_EDGE('',*,*,#1007,.F.);
#615=ORIENTED_EDGE('',*,*,#1009,.F.);
#616=ORIENTED_EDGE('',*,*,#1008,.T.);
#617=ORIENTED_EDGE('',*,*,#1009,.T.);
#618=ORIENTED_EDGE('',*,*,#1010,.F.);
#619=ORIENTED_EDGE('',*,*,#1011,.T.);
#620=ORIENTED_EDGE('',*,*,#1010,.T.);
#621=ORIENTED_EDGE('',*,*,#1012,.F.);
#622=ORIENTED_EDGE('',*,*,#1011,.F.);
#623=ORIENTED_EDGE('',*,*,#1012,.T.);
#624=ORIENTED_EDGE('',*,*,#1013,.F.);
#625=ORIENTED_EDGE('',*,*,#1014,.F.);
#626=ORIENTED_EDGE('',*,*,#1013,.T.);
#627=ORIENTED_EDGE('',*,*,#1014,.T.);
#628=ORIENTED_EDGE('',*,*,#1015,.F.);
#629=ORIENTED_EDGE('',*,*,#1015,.T.);
#630=ORIENTED_EDGE('',*,*,#1016,.T.);
#631=ORIENTED_EDGE('',*,*,#1016,.F.);
#632=ORIENTED_EDGE('',*,*,#1017,.T.);
#633=ORIENTED_EDGE('',*,*,#1018,.T.);
#634=ORIENTED_EDGE('',*,*,#1019,.F.);
#635=ORIENTED_EDGE('',*,*,#1017,.F.);
#636=ORIENTED_EDGE('',*,*,#1018,.F.);
#637=ORIENTED_EDGE('',*,*,#1020,.F.);
#638=ORIENTED_EDGE('',*,*,#1020,.T.);
#639=ORIENTED_EDGE('',*,*,#1019,.T.);
#640=ORIENTED_EDGE('',*,*,#1021,.T.);
#641=ORIENTED_EDGE('',*,*,#1022,.T.);
#642=ORIENTED_EDGE('',*,*,#1021,.F.);
#643=ORIENTED_EDGE('',*,*,#1023,.F.);
#644=ORIENTED_EDGE('',*,*,#1022,.F.);
#645=ORIENTED_EDGE('',*,*,#1023,.T.);
#646=ORIENTED_EDGE('',*,*,#1024,.F.);
#647=ORIENTED_EDGE('',*,*,#1025,.F.);
#648=ORIENTED_EDGE('',*,*,#1024,.T.);
#649=ORIENTED_EDGE('',*,*,#1025,.T.);
#650=ORIENTED_EDGE('',*,*,#1026,.F.);
#651=ORIENTED_EDGE('',*,*,#1027,.F.);
#652=ORIENTED_EDGE('',*,*,#1028,.T.);
#653=ORIENTED_EDGE('',*,*,#1026,.T.);
#654=ORIENTED_EDGE('',*,*,#1027,.T.);
#655=ORIENTED_EDGE('',*,*,#1029,.F.);
#656=ORIENTED_EDGE('',*,*,#1028,.F.);
#657=ORIENTED_EDGE('',*,*,#1030,.F.);
#658=ORIENTED_EDGE('',*,*,#1029,.T.);
#659=ORIENTED_EDGE('',*,*,#1030,.T.);
#660=ORIENTED_EDGE('',*,*,#1031,.F.);
#661=ORIENTED_EDGE('',*,*,#1032,.T.);
#662=ORIENTED_EDGE('',*,*,#1031,.T.);
#663=ORIENTED_EDGE('',*,*,#1033,.F.);
#664=ORIENTED_EDGE('',*,*,#1032,.F.);
#665=ORIENTED_EDGE('',*,*,#1033,.T.);
#666=ORIENTED_EDGE('',*,*,#1034,.F.);
#667=ORIENTED_EDGE('',*,*,#1035,.F.);
#668=ORIENTED_EDGE('',*,*,#1034,.T.);
#669=ORIENTED_EDGE('',*,*,#1035,.T.);
#670=ORIENTED_EDGE('',*,*,#1036,.F.);
#671=ORIENTED_EDGE('',*,*,#1036,.T.);
#672=ORIENTED_EDGE('',*,*,#1037,.T.);
#673=ORIENTED_EDGE('',*,*,#1037,.F.);
#674=ORIENTED_EDGE('',*,*,#1038,.T.);
#675=ORIENTED_EDGE('',*,*,#1039,.T.);
#676=ORIENTED_EDGE('',*,*,#1040,.F.);
#677=ORIENTED_EDGE('',*,*,#1038,.F.);
#678=ORIENTED_EDGE('',*,*,#1039,.F.);
#679=ORIENTED_EDGE('',*,*,#1041,.F.);
#680=ORIENTED_EDGE('',*,*,#1041,.T.);
#681=ORIENTED_EDGE('',*,*,#1040,.T.);
#682=ORIENTED_EDGE('',*,*,#1042,.T.);
#683=ORIENTED_EDGE('',*,*,#1043,.T.);
#684=ORIENTED_EDGE('',*,*,#1042,.F.);
#685=ORIENTED_EDGE('',*,*,#1044,.F.);
#686=ORIENTED_EDGE('',*,*,#1043,.F.);
#687=ORIENTED_EDGE('',*,*,#1044,.T.);
#688=ORIENTED_EDGE('',*,*,#1045,.F.);
#689=ORIENTED_EDGE('',*,*,#1046,.F.);
#690=ORIENTED_EDGE('',*,*,#1045,.T.);
#691=ORIENTED_EDGE('',*,*,#1046,.T.);
#692=ORIENTED_EDGE('',*,*,#1047,.F.);
#693=ORIENTED_EDGE('',*,*,#1048,.F.);
#694=ORIENTED_EDGE('',*,*,#1049,.T.);
#695=ORIENTED_EDGE('',*,*,#1047,.T.);
#696=ORIENTED_EDGE('',*,*,#1048,.T.);
#697=ORIENTED_EDGE('',*,*,#1050,.F.);
#698=ORIENTED_EDGE('',*,*,#1049,.F.);
#699=ORIENTED_EDGE('',*,*,#1051,.F.);
#700=ORIENTED_EDGE('',*,*,#1050,.T.);
#701=ORIENTED_EDGE('',*,*,#1051,.T.);
#702=ORIENTED_EDGE('',*,*,#1052,.F.);
#703=ORIENTED_EDGE('',*,*,#1053,.T.);
#704=ORIENTED_EDGE('',*,*,#1052,.T.);
#705=ORIENTED_EDGE('',*,*,#1054,.F.);
#706=ORIENTED_EDGE('',*,*,#1053,.F.);
#707=ORIENTED_EDGE('',*,*,#1054,.T.);
#708=ORIENTED_EDGE('',*,*,#1055,.F.);
#709=ORIENTED_EDGE('',*,*,#1056,.F.);
#710=ORIENTED_EDGE('',*,*,#1055,.T.);
#711=ORIENTED_EDGE('',*,*,#1056,.T.);
#712=ORIENTED_EDGE('',*,*,#1057,.F.);
#713=ORIENTED_EDGE('',*,*,#1057,.T.);
#714=ORIENTED_EDGE('',*,*,#1058,.T.);
#715=ORIENTED_EDGE('',*,*,#1058,.F.);
#716=ORIENTED_EDGE('',*,*,#1059,.T.);
#717=ORIENTED_EDGE('',*,*,#1060,.T.);
#718=ORIENTED_EDGE('',*,*,#1061,.F.);
#719=ORIENTED_EDGE('',*,*,#1059,.F.);
#720=ORIENTED_EDGE('',*,*,#1060,.F.);
#721=ORIENTED_EDGE('',*,*,#1062,.F.);
#722=ORIENTED_EDGE('',*,*,#1062,.T.);
#723=ORIENTED_EDGE('',*,*,#1061,.T.);
#724=ORIENTED_EDGE('',*,*,#1063,.T.);
#725=ORIENTED_EDGE('',*,*,#1064,.T.);
#726=ORIENTED_EDGE('',*,*,#1063,.F.);
#727=ORIENTED_EDGE('',*,*,#1065,.F.);
#728=ORIENTED_EDGE('',*,*,#1064,.F.);
#729=ORIENTED_EDGE('',*,*,#1065,.T.);
#730=ORIENTED_EDGE('',*,*,#1066,.F.);
#731=ORIENTED_EDGE('',*,*,#1067,.F.);
#732=ORIENTED_EDGE('',*,*,#1066,.T.);
#733=ORIENTED_EDGE('',*,*,#1067,.T.);
#734=ORIENTED_EDGE('',*,*,#1068,.F.);
#735=ORIENTED_EDGE('',*,*,#1069,.F.);
#736=ORIENTED_EDGE('',*,*,#1070,.T.);
#737=ORIENTED_EDGE('',*,*,#1068,.T.);
#738=ORIENTED_EDGE('',*,*,#1069,.T.);
#739=ORIENTED_EDGE('',*,*,#1071,.F.);
#740=ORIENTED_EDGE('',*,*,#1070,.F.);
#741=ORIENTED_EDGE('',*,*,#1072,.F.);
#742=ORIENTED_EDGE('',*,*,#1071,.T.);
#743=ORIENTED_EDGE('',*,*,#1072,.T.);
#744=ORIENTED_EDGE('',*,*,#1073,.F.);
#745=ORIENTED_EDGE('',*,*,#1074,.T.);
#746=ORIENTED_EDGE('',*,*,#1073,.T.);
#747=ORIENTED_EDGE('',*,*,#1075,.F.);
#748=ORIENTED_EDGE('',*,*,#1074,.F.);
#749=ORIENTED_EDGE('',*,*,#1075,.T.);
#750=ORIENTED_EDGE('',*,*,#1076,.F.);
#751=ORIENTED_EDGE('',*,*,#1077,.F.);
#752=ORIENTED_EDGE('',*,*,#1076,.T.);
#753=ORIENTED_EDGE('',*,*,#1077,.T.);
#754=ORIENTED_EDGE('',*,*,#1078,.F.);
#755=ORIENTED_EDGE('',*,*,#1078,.T.);
#756=ORIENTED_EDGE('',*,*,#1079,.T.);
#757=ORIENTED_EDGE('',*,*,#1079,.F.);
#758=ORIENTED_EDGE('',*,*,#1080,.T.);
#759=ORIENTED_EDGE('',*,*,#1081,.T.);
#760=ORIENTED_EDGE('',*,*,#1082,.F.);
#761=ORIENTED_EDGE('',*,*,#1080,.F.);
#762=ORIENTED_EDGE('',*,*,#1081,.F.);
#763=ORIENTED_EDGE('',*,*,#1083,.F.);
#764=ORIENTED_EDGE('',*,*,#1083,.T.);
#765=ORIENTED_EDGE('',*,*,#1082,.T.);
#766=ORIENTED_EDGE('',*,*,#1084,.T.);
#767=ORIENTED_EDGE('',*,*,#1085,.T.);
#768=ORIENTED_EDGE('',*,*,#1084,.F.);
#769=ORIENTED_EDGE('',*,*,#1086,.F.);
#770=ORIENTED_EDGE('',*,*,#1085,.F.);
#771=ORIENTED_EDGE('',*,*,#1086,.T.);
#772=ORIENTED_EDGE('',*,*,#1087,.F.);
#773=ORIENTED_EDGE('',*,*,#1088,.F.);
#774=ORIENTED_EDGE('',*,*,#1087,.T.);
#775=ORIENTED_EDGE('',*,*,#1088,.T.);
#776=ORIENTED_EDGE('',*,*,#1089,.F.);
#777=ORIENTED_EDGE('',*,*,#1090,.F.);
#778=ORIENTED_EDGE('',*,*,#1091,.T.);
#779=ORIENTED_EDGE('',*,*,#1089,.T.);
#780=ORIENTED_EDGE('',*,*,#1090,.T.);
#781=ORIENTED_EDGE('',*,*,#1092,.F.);
#782=ORIENTED_EDGE('',*,*,#1091,.F.);
#783=ORIENTED_EDGE('',*,*,#1093,.F.);
#784=ORIENTED_EDGE('',*,*,#1092,.T.);
#785=ORIENTED_EDGE('',*,*,#1093,.T.);
#786=ORIENTED_EDGE('',*,*,#1094,.F.);
#787=ORIENTED_EDGE('',*,*,#1095,.T.);
#788=ORIENTED_EDGE('',*,*,#1094,.T.);
#789=ORIENTED_EDGE('',*,*,#1096,.F.);
#790=ORIENTED_EDGE('',*,*,#1095,.F.);
#791=ORIENTED_EDGE('',*,*,#1096,.T.);
#792=ORIENTED_EDGE('',*,*,#1097,.F.);
#793=ORIENTED_EDGE('',*,*,#1098,.F.);
#794=ORIENTED_EDGE('',*,*,#1097,.T.);
#795=ORIENTED_EDGE('',*,*,#1098,.T.);
#796=ORIENTED_EDGE('',*,*,#1099,.F.);
#797=ORIENTED_EDGE('',*,*,#1099,.T.);
#798=ORIENTED_EDGE('',*,*,#1100,.T.);
#799=ORIENTED_EDGE('',*,*,#1100,.F.);
#800=ORIENTED_EDGE('',*,*,#1101,.T.);
#801=ORIENTED_EDGE('',*,*,#1102,.T.);
#802=ORIENTED_EDGE('',*,*,#1103,.F.);
#803=ORIENTED_EDGE('',*,*,#1101,.F.);
#804=ORIENTED_EDGE('',*,*,#1102,.F.);
#805=ORIENTED_EDGE('',*,*,#1104,.F.);
#806=ORIENTED_EDGE('',*,*,#1104,.T.);
#807=ORIENTED_EDGE('',*,*,#1103,.T.);
#808=ORIENTED_EDGE('',*,*,#1105,.T.);
#809=ORIENTED_EDGE('',*,*,#1106,.T.);
#810=ORIENTED_EDGE('',*,*,#1105,.F.);
#811=ORIENTED_EDGE('',*,*,#1107,.F.);
#812=ORIENTED_EDGE('',*,*,#1106,.F.);
#813=ORIENTED_EDGE('',*,*,#1107,.T.);
#814=ORIENTED_EDGE('',*,*,#1108,.F.);
#815=ORIENTED_EDGE('',*,*,#1109,.F.);
#816=ORIENTED_EDGE('',*,*,#1108,.T.);
#817=ORIENTED_EDGE('',*,*,#1109,.T.);
#818=ORIENTED_EDGE('',*,*,#1110,.F.);
#819=ORIENTED_EDGE('',*,*,#1111,.F.);
#820=ORIENTED_EDGE('',*,*,#1112,.T.);
#821=ORIENTED_EDGE('',*,*,#1110,.T.);
#822=ORIENTED_EDGE('',*,*,#1111,.T.);
#823=ORIENTED_EDGE('',*,*,#1113,.F.);
#824=ORIENTED_EDGE('',*,*,#1112,.F.);
#825=ORIENTED_EDGE('',*,*,#1114,.F.);
#826=ORIENTED_EDGE('',*,*,#1113,.T.);
#827=ORIENTED_EDGE('',*,*,#1114,.T.);
#828=ORIENTED_EDGE('',*,*,#1115,.F.);
#829=ORIENTED_EDGE('',*,*,#1116,.T.);
#830=ORIENTED_EDGE('',*,*,#1115,.T.);
#831=ORIENTED_EDGE('',*,*,#1117,.F.);
#832=ORIENTED_EDGE('',*,*,#1116,.F.);
#833=ORIENTED_EDGE('',*,*,#1117,.T.);
#834=ORIENTED_EDGE('',*,*,#1118,.F.);
#835=ORIENTED_EDGE('',*,*,#1119,.F.);
#836=ORIENTED_EDGE('',*,*,#1118,.T.);
#837=ORIENTED_EDGE('',*,*,#1119,.T.);
#838=ORIENTED_EDGE('',*,*,#1120,.F.);
#839=ORIENTED_EDGE('',*,*,#1120,.T.);
#840=ORIENTED_EDGE('',*,*,#1121,.T.);
#841=ORIENTED_EDGE('',*,*,#1121,.F.);
#842=ORIENTED_EDGE('',*,*,#1122,.T.);
#843=ORIENTED_EDGE('',*,*,#1123,.T.);
#844=ORIENTED_EDGE('',*,*,#1124,.F.);
#845=ORIENTED_EDGE('',*,*,#1122,.F.);
#846=ORIENTED_EDGE('',*,*,#1123,.F.);
#847=ORIENTED_EDGE('',*,*,#1125,.F.);
#848=ORIENTED_EDGE('',*,*,#1125,.T.);
#849=ORIENTED_EDGE('',*,*,#1124,.T.);
#850=ORIENTED_EDGE('',*,*,#1126,.T.);
#851=ORIENTED_EDGE('',*,*,#1127,.T.);
#852=ORIENTED_EDGE('',*,*,#1126,.F.);
#853=ORIENTED_EDGE('',*,*,#1128,.F.);
#854=ORIENTED_EDGE('',*,*,#1127,.F.);
#855=ORIENTED_EDGE('',*,*,#1128,.T.);
#856=ORIENTED_EDGE('',*,*,#1129,.F.);
#857=ORIENTED_EDGE('',*,*,#1130,.F.);
#858=ORIENTED_EDGE('',*,*,#1129,.T.);
#859=ORIENTED_EDGE('',*,*,#1130,.T.);
#860=ORIENTED_EDGE('',*,*,#1131,.F.);
#861=ORIENTED_EDGE('',*,*,#1132,.F.);
#862=ORIENTED_EDGE('',*,*,#1133,.T.);
#863=ORIENTED_EDGE('',*,*,#1131,.T.);
#864=ORIENTED_EDGE('',*,*,#1132,.T.);
#865=ORIENTED_EDGE('',*,*,#1134,.F.);
#866=ORIENTED_EDGE('',*,*,#1133,.F.);
#867=ORIENTED_EDGE('',*,*,#1135,.F.);
#868=ORIENTED_EDGE('',*,*,#1134,.T.);
#869=ORIENTED_EDGE('',*,*,#1135,.T.);
#870=ORIENTED_EDGE('',*,*,#1136,.F.);
#871=ORIENTED_EDGE('',*,*,#1137,.T.);
#872=ORIENTED_EDGE('',*,*,#1136,.T.);
#873=ORIENTED_EDGE('',*,*,#1138,.F.);
#874=ORIENTED_EDGE('',*,*,#1137,.F.);
#875=ORIENTED_EDGE('',*,*,#1138,.T.);
#876=ORIENTED_EDGE('',*,*,#1139,.F.);
#877=ORIENTED_EDGE('',*,*,#1140,.F.);
#878=ORIENTED_EDGE('',*,*,#1139,.T.);
#879=ORIENTED_EDGE('',*,*,#1140,.T.);
#880=ORIENTED_EDGE('',*,*,#1141,.F.);
#881=ORIENTED_EDGE('',*,*,#1141,.T.);
#882=ORIENTED_EDGE('',*,*,#1142,.T.);
#883=ORIENTED_EDGE('',*,*,#1142,.F.);
#884=ORIENTED_EDGE('',*,*,#1143,.T.);
#885=ORIENTED_EDGE('',*,*,#1144,.T.);
#886=ORIENTED_EDGE('',*,*,#1145,.F.);
#887=ORIENTED_EDGE('',*,*,#1143,.F.);
#888=ORIENTED_EDGE('',*,*,#1144,.F.);
#889=ORIENTED_EDGE('',*,*,#1146,.F.);
#890=ORIENTED_EDGE('',*,*,#1146,.T.);
#891=ORIENTED_EDGE('',*,*,#1145,.T.);
#892=ORIENTED_EDGE('',*,*,#1147,.T.);
#893=ORIENTED_EDGE('',*,*,#1148,.T.);
#894=ORIENTED_EDGE('',*,*,#1147,.F.);
#895=ORIENTED_EDGE('',*,*,#1149,.F.);
#896=ORIENTED_EDGE('',*,*,#1148,.F.);
#897=ORIENTED_EDGE('',*,*,#1149,.T.);
#898=EDGE_CURVE('',#1150,#1151,#1402,.F.);
#899=EDGE_CURVE('',#1151,#1150,#1403,.F.);
#900=EDGE_CURVE('',#1152,#1153,#1404,.T.);
#901=EDGE_CURVE('',#1153,#1152,#1405,.T.);
#902=EDGE_CURVE('',#1154,#1154,#118,.T.);
#903=EDGE_CURVE('',#1155,#1155,#119,.T.);
#904=EDGE_CURVE('',#1156,#1156,#120,.F.);
#905=EDGE_CURVE('',#1157,#1157,#121,.F.);
#906=EDGE_CURVE('',#1158,#1158,#122,.T.);
#907=EDGE_CURVE('',#1159,#1159,#123,.F.);
#908=EDGE_CURVE('',#1160,#1160,#124,.F.);
#909=EDGE_CURVE('',#1161,#1161,#125,.F.);
#910=EDGE_CURVE('',#1162,#1162,#126,.F.);
#911=EDGE_CURVE('',#1163,#1163,#127,.T.);
#912=EDGE_CURVE('',#1164,#1164,#128,.T.);
#913=EDGE_CURVE('',#1165,#1165,#1406,.T.);
#914=EDGE_CURVE('',#1166,#1166,#129,.F.);
#915=EDGE_CURVE('',#1167,#1167,#1407,.T.);
#916=EDGE_CURVE('',#1168,#1168,#130,.F.);
#917=EDGE_CURVE('',#1169,#1169,#131,.F.);
#918=EDGE_CURVE('',#1170,#1170,#132,.T.);
#919=EDGE_CURVE('',#1171,#1172,#1408,.F.);
#920=EDGE_CURVE('',#1172,#1171,#1409,.F.);
#921=EDGE_CURVE('',#1173,#1174,#1410,.T.);
#922=EDGE_CURVE('',#1174,#1173,#1411,.T.);
#923=EDGE_CURVE('',#1175,#1175,#133,.T.);
#924=EDGE_CURVE('',#1176,#1176,#134,.T.);
#925=EDGE_CURVE('',#1177,#1177,#135,.F.);
#926=EDGE_CURVE('',#1178,#1178,#136,.F.);
#927=EDGE_CURVE('',#1179,#1179,#137,.T.);
#928=EDGE_CURVE('',#1180,#1180,#138,.F.);
#929=EDGE_CURVE('',#1181,#1181,#139,.F.);
#930=EDGE_CURVE('',#1182,#1182,#140,.F.);
#931=EDGE_CURVE('',#1183,#1183,#141,.F.);
#932=EDGE_CURVE('',#1184,#1184,#142,.T.);
#933=EDGE_CURVE('',#1185,#1185,#143,.T.);
#934=EDGE_CURVE('',#1186,#1186,#1412,.T.);
#935=EDGE_CURVE('',#1187,#1187,#144,.F.);
#936=EDGE_CURVE('',#1188,#1188,#1413,.T.);
#937=EDGE_CURVE('',#1189,#1189,#145,.F.);
#938=EDGE_CURVE('',#1190,#1190,#146,.F.);
#939=EDGE_CURVE('',#1191,#1191,#147,.T.);
#940=EDGE_CURVE('',#1192,#1193,#1414,.F.);
#941=EDGE_CURVE('',#1193,#1192,#1415,.F.);
#942=EDGE_CURVE('',#1194,#1195,#1416,.T.);
#943=EDGE_CURVE('',#1195,#1194,#1417,.T.);
#944=EDGE_CURVE('',#1196,#1196,#148,.T.);
#945=EDGE_CURVE('',#1197,#1197,#149,.T.);
#946=EDGE_CURVE('',#1198,#1198,#150,.F.);
#947=EDGE_CURVE('',#1199,#1199,#151,.F.);
#948=EDGE_CURVE('',#1200,#1200,#152,.T.);
#949=EDGE_CURVE('',#1201,#1201,#153,.F.);
#950=EDGE_CURVE('',#1202,#1202,#154,.F.);
#951=EDGE_CURVE('',#1203,#1203,#155,.F.);
#952=EDGE_CURVE('',#1204,#1204,#156,.F.);
#953=EDGE_CURVE('',#1205,#1205,#157,.T.);
#954=EDGE_CURVE('',#1206,#1206,#158,.T.);
#955=EDGE_CURVE('',#1207,#1207,#1418,.T.);
#956=EDGE_CURVE('',#1208,#1208,#159,.F.);
#957=EDGE_CURVE('',#1209,#1209,#1419,.T.);
#958=EDGE_CURVE('',#1210,#1210,#160,.F.);
#959=EDGE_CURVE('',#1211,#1211,#161,.F.);
#960=EDGE_CURVE('',#1212,#1212,#162,.T.);
#961=EDGE_CURVE('',#1213,#1214,#1420,.F.);
#962=EDGE_CURVE('',#1214,#1213,#1421,.F.);
#963=EDGE_CURVE('',#1215,#1216,#1422,.T.);
#964=EDGE_CURVE('',#1216,#1215,#1423,.T.);
#965=EDGE_CURVE('',#1217,#1217,#163,.T.);
#966=EDGE_CURVE('',#1218,#1218,#164,.T.);
#967=EDGE_CURVE('',#1219,#1219,#165,.F.);
#968=EDGE_CURVE('',#1220,#1220,#166,.F.);
#969=EDGE_CURVE('',#1221,#1221,#167,.T.);
#970=EDGE_CURVE('',#1222,#1222,#168,.F.);
#971=EDGE_CURVE('',#1223,#1223,#169,.F.);
#972=EDGE_CURVE('',#1224,#1224,#170,.F.);
#973=EDGE_CURVE('',#1225,#1225,#171,.F.);
#974=EDGE_CURVE('',#1226,#1226,#172,.T.);
#975=EDGE_CURVE('',#1227,#1227,#173,.T.);
#976=EDGE_CURVE('',#1228,#1228,#1424,.T.);
#977=EDGE_CURVE('',#1229,#1229,#174,.F.);
#978=EDGE_CURVE('',#1230,#1230,#1425,.T.);
#979=EDGE_CURVE('',#1231,#1231,#175,.F.);
#980=EDGE_CURVE('',#1232,#1232,#176,.F.);
#981=EDGE_CURVE('',#1233,#1233,#177,.T.);
#982=EDGE_CURVE('',#1234,#1235,#1426,.F.);
#983=EDGE_CURVE('',#1235,#1234,#1427,.F.);
#984=EDGE_CURVE('',#1236,#1237,#1428,.T.);
#985=EDGE_CURVE('',#1237,#1236,#1429,.T.);
#986=EDGE_CURVE('',#1238,#1238,#178,.T.);
#987=EDGE_CURVE('',#1239,#1239,#179,.T.);
#988=EDGE_CURVE('',#1240,#1240,#180,.F.);
#989=EDGE_CURVE('',#1241,#1241,#181,.F.);
#990=EDGE_CURVE('',#1242,#1242,#182,.T.);
#991=EDGE_CURVE('',#1243,#1243,#183,.F.);
#992=EDGE_CURVE('',#1244,#1244,#184,.F.);
#993=EDGE_CURVE('',#1245,#1245,#185,.F.);
#994=EDGE_CURVE('',#1246,#1246,#186,.F.);
#995=EDGE_CURVE('',#1247,#1247,#187,.T.);
#996=EDGE_CURVE('',#1248,#1248,#188,.T.);
#997=EDGE_CURVE('',#1249,#1249,#1430,.T.);
#998=EDGE_CURVE('',#1250,#1250,#189,.F.);
#999=EDGE_CURVE('',#1251,#1251,#1431,.T.);
#1000=EDGE_CURVE('',#1252,#1252,#190,.F.);
#1001=EDGE_CURVE('',#1253,#1253,#191,.F.);
#1002=EDGE_CURVE('',#1254,#1254,#192,.T.);
#1003=EDGE_CURVE('',#1255,#1256,#1432,.F.);
#1004=EDGE_CURVE('',#1256,#1255,#1433,.F.);
#1005=EDGE_CURVE('',#1257,#1258,#1434,.T.);
#1006=EDGE_CURVE('',#1258,#1257,#1435,.T.);
#1007=EDGE_CURVE('',#1259,#1259,#193,.T.);
#1008=EDGE_CURVE('',#1260,#1260,#194,.T.);
#1009=EDGE_CURVE('',#1261,#1261,#195,.F.);
#1010=EDGE_CURVE('',#1262,#1262,#196,.F.);
#1011=EDGE_CURVE('',#1263,#1263,#197,.T.);
#1012=EDGE_CURVE('',#1264,#1264,#198,.F.);
#1013=EDGE_CURVE('',#1265,#1265,#199,.F.);
#1014=EDGE_CURVE('',#1266,#1266,#200,.F.);
#1015=EDGE_CURVE('',#1267,#1267,#201,.F.);
#1016=EDGE_CURVE('',#1268,#1268,#202,.T.);
#1017=EDGE_CURVE('',#1269,#1269,#203,.T.);
#1018=EDGE_CURVE('',#1270,#1270,#1436,.T.);
#1019=EDGE_CURVE('',#1271,#1271,#204,.F.);
#1020=EDGE_CURVE('',#1272,#1272,#1437,.T.);
#1021=EDGE_CURVE('',#1273,#1273,#205,.F.);
#1022=EDGE_CURVE('',#1274,#1274,#206,.F.);
#1023=EDGE_CURVE('',#1275,#1275,#207,.T.);
#1024=EDGE_CURVE('',#1276,#1277,#1438,.F.);
#1025=EDGE_CURVE('',#1277,#1276,#1439,.F.);
#1026=EDGE_CURVE('',#1278,#1279,#1440,.T.);
#1027=EDGE_CURVE('',#1279,#1278,#1441,.T.);
#1028=EDGE_CURVE('',#1280,#1280,#208,.T.);
#1029=EDGE_CURVE('',#1281,#1281,#209,.T.);
#1030=EDGE_CURVE('',#1282,#1282,#210,.F.);
#1031=EDGE_CURVE('',#1283,#1283,#211,.F.);
#1032=EDGE_CURVE('',#1284,#1284,#212,.T.);
#1033=EDGE_CURVE('',#1285,#1285,#213,.F.);
#1034=EDGE_CURVE('',#1286,#1286,#214,.F.);
#1035=EDGE_CURVE('',#1287,#1287,#215,.F.);
#1036=EDGE_CURVE('',#1288,#1288,#216,.F.);
#1037=EDGE_CURVE('',#1289,#1289,#217,.T.);
#1038=EDGE_CURVE('',#1290,#1290,#218,.T.);
#1039=EDGE_CURVE('',#1291,#1291,#1442,.T.);
#1040=EDGE_CURVE('',#1292,#1292,#219,.F.);
#1041=EDGE_CURVE('',#1293,#1293,#1443,.T.);
#1042=EDGE_CURVE('',#1294,#1294,#220,.F.);
#1043=EDGE_CURVE('',#1295,#1295,#221,.F.);
#1044=EDGE_CURVE('',#1296,#1296,#222,.T.);
#1045=EDGE_CURVE('',#1297,#1298,#1444,.F.);
#1046=EDGE_CURVE('',#1298,#1297,#1445,.F.);
#1047=EDGE_CURVE('',#1299,#1300,#1446,.T.);
#1048=EDGE_CURVE('',#1300,#1299,#1447,.T.);
#1049=EDGE_CURVE('',#1301,#1301,#223,.T.);
#1050=EDGE_CURVE('',#1302,#1302,#224,.T.);
#1051=EDGE_CURVE('',#1303,#1303,#225,.F.);
#1052=EDGE_CURVE('',#1304,#1304,#226,.F.);
#1053=EDGE_CURVE('',#1305,#1305,#227,.T.);
#1054=EDGE_CURVE('',#1306,#1306,#228,.F.);
#1055=EDGE_CURVE('',#1307,#1307,#229,.F.);
#1056=EDGE_CURVE('',#1308,#1308,#230,.F.);
#1057=EDGE_CURVE('',#1309,#1309,#231,.F.);
#1058=EDGE_CURVE('',#1310,#1310,#232,.T.);
#1059=EDGE_CURVE('',#1311,#1311,#233,.T.);
#1060=EDGE_CURVE('',#1312,#1312,#1448,.T.);
#1061=EDGE_CURVE('',#1313,#1313,#234,.F.);
#1062=EDGE_CURVE('',#1314,#1314,#1449,.T.);
#1063=EDGE_CURVE('',#1315,#1315,#235,.F.);
#1064=EDGE_CURVE('',#1316,#1316,#236,.F.);
#1065=EDGE_CURVE('',#1317,#1317,#237,.T.);
#1066=EDGE_CURVE('',#1318,#1319,#1450,.F.);
#1067=EDGE_CURVE('',#1319,#1318,#1451,.F.);
#1068=EDGE_CURVE('',#1320,#1321,#1452,.T.);
#1069=EDGE_CURVE('',#1321,#1320,#1453,.T.);
#1070=EDGE_CURVE('',#1322,#1322,#238,.T.);
#1071=EDGE_CURVE('',#1323,#1323,#239,.T.);
#1072=EDGE_CURVE('',#1324,#1324,#240,.F.);
#1073=EDGE_CURVE('',#1325,#1325,#241,.F.);
#1074=EDGE_CURVE('',#1326,#1326,#242,.T.);
#1075=EDGE_CURVE('',#1327,#1327,#243,.F.);
#1076=EDGE_CURVE('',#1328,#1328,#244,.F.);
#1077=EDGE_CURVE('',#1329,#1329,#245,.F.);
#1078=EDGE_CURVE('',#1330,#1330,#246,.F.);
#1079=EDGE_CURVE('',#1331,#1331,#247,.T.);
#1080=EDGE_CURVE('',#1332,#1332,#248,.T.);
#1081=EDGE_CURVE('',#1333,#1333,#1454,.T.);
#1082=EDGE_CURVE('',#1334,#1334,#249,.F.);
#1083=EDGE_CURVE('',#1335,#1335,#1455,.T.);
#1084=EDGE_CURVE('',#1336,#1336,#250,.F.);
#1085=EDGE_CURVE('',#1337,#1337,#251,.F.);
#1086=EDGE_CURVE('',#1338,#1338,#252,.T.);
#1087=EDGE_CURVE('',#1339,#1340,#1456,.F.);
#1088=EDGE_CURVE('',#1340,#1339,#1457,.F.);
#1089=EDGE_CURVE('',#1341,#1342,#1458,.T.);
#1090=EDGE_CURVE('',#1342,#1341,#1459,.T.);
#1091=EDGE_CURVE('',#1343,#1343,#253,.T.);
#1092=EDGE_CURVE('',#1344,#1344,#254,.T.);
#1093=EDGE_CURVE('',#1345,#1345,#255,.F.);
#1094=EDGE_CURVE('',#1346,#1346,#256,.F.);
#1095=EDGE_CURVE('',#1347,#1347,#257,.T.);
#1096=EDGE_CURVE('',#1348,#1348,#258,.F.);
#1097=EDGE_CURVE('',#1349,#1349,#259,.F.);
#1098=EDGE_CURVE('',#1350,#1350,#260,.F.);
#1099=EDGE_CURVE('',#1351,#1351,#261,.F.);
#1100=EDGE_CURVE('',#1352,#1352,#262,.T.);
#1101=EDGE_CURVE('',#1353,#1353,#263,.T.);
#1102=EDGE_CURVE('',#1354,#1354,#1460,.T.);
#1103=EDGE_CURVE('',#1355,#1355,#264,.F.);
#1104=EDGE_CURVE('',#1356,#1356,#1461,.T.);
#1105=EDGE_CURVE('',#1357,#1357,#265,.F.);
#1106=EDGE_CURVE('',#1358,#1358,#266,.F.);
#1107=EDGE_CURVE('',#1359,#1359,#267,.T.);
#1108=EDGE_CURVE('',#1360,#1361,#1462,.F.);
#1109=EDGE_CURVE('',#1361,#1360,#1463,.F.);
#1110=EDGE_CURVE('',#1362,#1363,#1464,.T.);
#1111=EDGE_CURVE('',#1363,#1362,#1465,.T.);
#1112=EDGE_CURVE('',#1364,#1364,#268,.T.);
#1113=EDGE_CURVE('',#1365,#1365,#269,.T.);
#1114=EDGE_CURVE('',#1366,#1366,#270,.F.);
#1115=EDGE_CURVE('',#1367,#1367,#271,.F.);
#1116=EDGE_CURVE('',#1368,#1368,#272,.T.);
#1117=EDGE_CURVE('',#1369,#1369,#273,.F.);
#1118=EDGE_CURVE('',#1370,#1370,#274,.F.);
#1119=EDGE_CURVE('',#1371,#1371,#275,.F.);
#1120=EDGE_CURVE('',#1372,#1372,#276,.F.);
#1121=EDGE_CURVE('',#1373,#1373,#277,.T.);
#1122=EDGE_CURVE('',#1374,#1374,#278,.T.);
#1123=EDGE_CURVE('',#1375,#1375,#1466,.T.);
#1124=EDGE_CURVE('',#1376,#1376,#279,.F.);
#1125=EDGE_CURVE('',#1377,#1377,#1467,.T.);
#1126=EDGE_CURVE('',#1378,#1378,#280,.F.);
#1127=EDGE_CURVE('',#1379,#1379,#281,.F.);
#1128=EDGE_CURVE('',#1380,#1380,#282,.T.);
#1129=EDGE_CURVE('',#1381,#1382,#1468,.F.);
#1130=EDGE_CURVE('',#1382,#1381,#1469,.F.);
#1131=EDGE_CURVE('',#1383,#1384,#1470,.T.);
#1132=EDGE_CURVE('',#1384,#1383,#1471,.T.);
#1133=EDGE_CURVE('',#1385,#1385,#283,.T.);
#1134=EDGE_CURVE('',#1386,#1386,#284,.T.);
#1135=EDGE_CURVE('',#1387,#1387,#285,.F.);
#1136=EDGE_CURVE('',#1388,#1388,#286,.F.);
#1137=EDGE_CURVE('',#1389,#1389,#287,.T.);
#1138=EDGE_CURVE('',#1390,#1390,#288,.F.);
#1139=EDGE_CURVE('',#1391,#1391,#289,.F.);
#1140=EDGE_CURVE('',#1392,#1392,#290,.F.);
#1141=EDGE_CURVE('',#1393,#1393,#291,.F.);
#1142=EDGE_CURVE('',#1394,#1394,#292,.T.);
#1143=EDGE_CURVE('',#1395,#1395,#293,.T.);
#1144=EDGE_CURVE('',#1396,#1396,#1472,.T.);
#1145=EDGE_CURVE('',#1397,#1397,#294,.F.);
#1146=EDGE_CURVE('',#1398,#1398,#1473,.T.);
#1147=EDGE_CURVE('',#1399,#1399,#295,.F.);
#1148=EDGE_CURVE('',#1400,#1400,#296,.F.);
#1149=EDGE_CURVE('',#1401,#1401,#297,.T.);
#1150=VERTEX_POINT('',#4122);
#1151=VERTEX_POINT('',#4123);
#1152=VERTEX_POINT('',#4137);
#1153=VERTEX_POINT('',#4138);
#1154=VERTEX_POINT('',#4148);
#1155=VERTEX_POINT('',#4151);
#1156=VERTEX_POINT('',#4154);
#1157=VERTEX_POINT('',#4157);
#1158=VERTEX_POINT('',#4160);
#1159=VERTEX_POINT('',#4163);
#1160=VERTEX_POINT('',#4166);
#1161=VERTEX_POINT('',#4169);
#1162=VERTEX_POINT('',#4172);
#1163=VERTEX_POINT('',#4175);
#1164=VERTEX_POINT('',#4178);
#1165=VERTEX_POINT('',#4191);
#1166=VERTEX_POINT('',#4193);
#1167=VERTEX_POINT('',#4206);
#1168=VERTEX_POINT('',#4210);
#1169=VERTEX_POINT('',#4213);
#1170=VERTEX_POINT('',#4216);
#1171=VERTEX_POINT('',#4225);
#1172=VERTEX_POINT('',#4226);
#1173=VERTEX_POINT('',#4240);
#1174=VERTEX_POINT('',#4241);
#1175=VERTEX_POINT('',#4251);
#1176=VERTEX_POINT('',#4254);
#1177=VERTEX_POINT('',#4257);
#1178=VERTEX_POINT('',#4260);
#1179=VERTEX_POINT('',#4263);
#1180=VERTEX_POINT('',#4266);
#1181=VERTEX_POINT('',#4269);
#1182=VERTEX_POINT('',#4272);
#1183=VERTEX_POINT('',#4275);
#1184=VERTEX_POINT('',#4278);
#1185=VERTEX_POINT('',#4281);
#1186=VERTEX_POINT('',#4294);
#1187=VERTEX_POINT('',#4296);
#1188=VERTEX_POINT('',#4309);
#1189=VERTEX_POINT('',#4313);
#1190=VERTEX_POINT('',#4316);
#1191=VERTEX_POINT('',#4319);
#1192=VERTEX_POINT('',#4328);
#1193=VERTEX_POINT('',#4329);
#1194=VERTEX_POINT('',#4343);
#1195=VERTEX_POINT('',#4344);
#1196=VERTEX_POINT('',#4354);
#1197=VERTEX_POINT('',#4357);
#1198=VERTEX_POINT('',#4360);
#1199=VERTEX_POINT('',#4363);
#1200=VERTEX_POINT('',#4366);
#1201=VERTEX_POINT('',#4369);
#1202=VERTEX_POINT('',#4372);
#1203=VERTEX_POINT('',#4375);
#1204=VERTEX_POINT('',#4378);
#1205=VERTEX_POINT('',#4381);
#1206=VERTEX_POINT('',#4384);
#1207=VERTEX_POINT('',#4397);
#1208=VERTEX_POINT('',#4399);
#1209=VERTEX_POINT('',#4412);
#1210=VERTEX_POINT('',#4416);
#1211=VERTEX_POINT('',#4419);
#1212=VERTEX_POINT('',#4422);
#1213=VERTEX_POINT('',#4431);
#1214=VERTEX_POINT('',#4432);
#1215=VERTEX_POINT('',#4446);
#1216=VERTEX_POINT('',#4447);
#1217=VERTEX_POINT('',#4457);
#1218=VERTEX_POINT('',#4460);
#1219=VERTEX_POINT('',#4463);
#1220=VERTEX_POINT('',#4466);
#1221=VERTEX_POINT('',#4469);
#1222=VERTEX_POINT('',#4472);
#1223=VERTEX_POINT('',#4475);
#1224=VERTEX_POINT('',#4478);
#1225=VERTEX_POINT('',#4481);
#1226=VERTEX_POINT('',#4484);
#1227=VERTEX_POINT('',#4487);
#1228=VERTEX_POINT('',#4500);
#1229=VERTEX_POINT('',#4502);
#1230=VERTEX_POINT('',#4515);
#1231=VERTEX_POINT('',#4519);
#1232=VERTEX_POINT('',#4522);
#1233=VERTEX_POINT('',#4525);
#1234=VERTEX_POINT('',#4534);
#1235=VERTEX_POINT('',#4535);
#1236=VERTEX_POINT('',#4549);
#1237=VERTEX_POINT('',#4550);
#1238=VERTEX_POINT('',#4560);
#1239=VERTEX_POINT('',#4563);
#1240=VERTEX_POINT('',#4566);
#1241=VERTEX_POINT('',#4569);
#1242=VERTEX_POINT('',#4572);
#1243=VERTEX_POINT('',#4575);
#1244=VERTEX_POINT('',#4578);
#1245=VERTEX_POINT('',#4581);
#1246=VERTEX_POINT('',#4584);
#1247=VERTEX_POINT('',#4587);
#1248=VERTEX_POINT('',#4590);
#1249=VERTEX_POINT('',#4603);
#1250=VERTEX_POINT('',#4605);
#1251=VERTEX_POINT('',#4618);
#1252=VERTEX_POINT('',#4622);
#1253=VERTEX_POINT('',#4625);
#1254=VERTEX_POINT('',#4628);
#1255=VERTEX_POINT('',#4637);
#1256=VERTEX_POINT('',#4638);
#1257=VERTEX_POINT('',#4652);
#1258=VERTEX_POINT('',#4653);
#1259=VERTEX_POINT('',#4663);
#1260=VERTEX_POINT('',#4666);
#1261=VERTEX_POINT('',#4669);
#1262=VERTEX_POINT('',#4672);
#1263=VERTEX_POINT('',#4675);
#1264=VERTEX_POINT('',#4678);
#1265=VERTEX_POINT('',#4681);
#1266=VERTEX_POINT('',#4684);
#1267=VERTEX_POINT('',#4687);
#1268=VERTEX_POINT('',#4690);
#1269=VERTEX_POINT('',#4693);
#1270=VERTEX_POINT('',#4706);
#1271=VERTEX_POINT('',#4708);
#1272=VERTEX_POINT('',#4721);
#1273=VERTEX_POINT('',#4725);
#1274=VERTEX_POINT('',#4728);
#1275=VERTEX_POINT('',#4731);
#1276=VERTEX_POINT('',#4740);
#1277=VERTEX_POINT('',#4741);
#1278=VERTEX_POINT('',#4755);
#1279=VERTEX_POINT('',#4756);
#1280=VERTEX_POINT('',#4766);
#1281=VERTEX_POINT('',#4769);
#1282=VERTEX_POINT('',#4772);
#1283=VERTEX_POINT('',#4775);
#1284=VERTEX_POINT('',#4778);
#1285=VERTEX_POINT('',#4781);
#1286=VERTEX_POINT('',#4784);
#1287=VERTEX_POINT('',#4787);
#1288=VERTEX_POINT('',#4790);
#1289=VERTEX_POINT('',#4793);
#1290=VERTEX_POINT('',#4796);
#1291=VERTEX_POINT('',#4809);
#1292=VERTEX_POINT('',#4811);
#1293=VERTEX_POINT('',#4824);
#1294=VERTEX_POINT('',#4828);
#1295=VERTEX_POINT('',#4831);
#1296=VERTEX_POINT('',#4834);
#1297=VERTEX_POINT('',#4843);
#1298=VERTEX_POINT('',#4844);
#1299=VERTEX_POINT('',#4858);
#1300=VERTEX_POINT('',#4859);
#1301=VERTEX_POINT('',#4869);
#1302=VERTEX_POINT('',#4872);
#1303=VERTEX_POINT('',#4875);
#1304=VERTEX_POINT('',#4878);
#1305=VERTEX_POINT('',#4881);
#1306=VERTEX_POINT('',#4884);
#1307=VERTEX_POINT('',#4887);
#1308=VERTEX_POINT('',#4890);
#1309=VERTEX_POINT('',#4893);
#1310=VERTEX_POINT('',#4896);
#1311=VERTEX_POINT('',#4899);
#1312=VERTEX_POINT('',#4912);
#1313=VERTEX_POINT('',#4914);
#1314=VERTEX_POINT('',#4927);
#1315=VERTEX_POINT('',#4931);
#1316=VERTEX_POINT('',#4934);
#1317=VERTEX_POINT('',#4937);
#1318=VERTEX_POINT('',#4946);
#1319=VERTEX_POINT('',#4947);
#1320=VERTEX_POINT('',#4961);
#1321=VERTEX_POINT('',#4962);
#1322=VERTEX_POINT('',#4972);
#1323=VERTEX_POINT('',#4975);
#1324=VERTEX_POINT('',#4978);
#1325=VERTEX_POINT('',#4981);
#1326=VERTEX_POINT('',#4984);
#1327=VERTEX_POINT('',#4987);
#1328=VERTEX_POINT('',#4990);
#1329=VERTEX_POINT('',#4993);
#1330=VERTEX_POINT('',#4996);
#1331=VERTEX_POINT('',#4999);
#1332=VERTEX_POINT('',#5002);
#1333=VERTEX_POINT('',#5015);
#1334=VERTEX_POINT('',#5017);
#1335=VERTEX_POINT('',#5030);
#1336=VERTEX_POINT('',#5034);
#1337=VERTEX_POINT('',#5037);
#1338=VERTEX_POINT('',#5040);
#1339=VERTEX_POINT('',#5049);
#1340=VERTEX_POINT('',#5050);
#1341=VERTEX_POINT('',#5064);
#1342=VERTEX_POINT('',#5065);
#1343=VERTEX_POINT('',#5075);
#1344=VERTEX_POINT('',#5078);
#1345=VERTEX_POINT('',#5081);
#1346=VERTEX_POINT('',#5084);
#1347=VERTEX_POINT('',#5087);
#1348=VERTEX_POINT('',#5090);
#1349=VERTEX_POINT('',#5093);
#1350=VERTEX_POINT('',#5096);
#1351=VERTEX_POINT('',#5099);
#1352=VERTEX_POINT('',#5102);
#1353=VERTEX_POINT('',#5105);
#1354=VERTEX_POINT('',#5118);
#1355=VERTEX_POINT('',#5120);
#1356=VERTEX_POINT('',#5133);
#1357=VERTEX_POINT('',#5137);
#1358=VERTEX_POINT('',#5140);
#1359=VERTEX_POINT('',#5143);
#1360=VERTEX_POINT('',#5152);
#1361=VERTEX_POINT('',#5153);
#1362=VERTEX_POINT('',#5167);
#1363=VERTEX_POINT('',#5168);
#1364=VERTEX_POINT('',#5178);
#1365=VERTEX_POINT('',#5181);
#1366=VERTEX_POINT('',#5184);
#1367=VERTEX_POINT('',#5187);
#1368=VERTEX_POINT('',#5190);
#1369=VERTEX_POINT('',#5193);
#1370=VERTEX_POINT('',#5196);
#1371=VERTEX_POINT('',#5199);
#1372=VERTEX_POINT('',#5202);
#1373=VERTEX_POINT('',#5205);
#1374=VERTEX_POINT('',#5208);
#1375=VERTEX_POINT('',#5221);
#1376=VERTEX_POINT('',#5223);
#1377=VERTEX_POINT('',#5236);
#1378=VERTEX_POINT('',#5240);
#1379=VERTEX_POINT('',#5243);
#1380=VERTEX_POINT('',#5246);
#1381=VERTEX_POINT('',#5255);
#1382=VERTEX_POINT('',#5256);
#1383=VERTEX_POINT('',#5270);
#1384=VERTEX_POINT('',#5271);
#1385=VERTEX_POINT('',#5281);
#1386=VERTEX_POINT('',#5284);
#1387=VERTEX_POINT('',#5287);
#1388=VERTEX_POINT('',#5290);
#1389=VERTEX_POINT('',#5293);
#1390=VERTEX_POINT('',#5296);
#1391=VERTEX_POINT('',#5299);
#1392=VERTEX_POINT('',#5302);
#1393=VERTEX_POINT('',#5305);
#1394=VERTEX_POINT('',#5308);
#1395=VERTEX_POINT('',#5311);
#1396=VERTEX_POINT('',#5324);
#1397=VERTEX_POINT('',#5326);
#1398=VERTEX_POINT('',#5339);
#1399=VERTEX_POINT('',#5343);
#1400=VERTEX_POINT('',#5346);
#1401=VERTEX_POINT('',#5349);
#1402=B_SPLINE_CURVE_WITH_KNOTS('',3,(#4117,#4118,#4119,#4120,#4121),
 .UNSPECIFIED.,.F.,.F.,(4,1,4),(0.,90.,180.),.UNSPECIFIED.);
#1403=B_SPLINE_CURVE_WITH_KNOTS('',3,(#4124,#4125,#4126,#4127,#4128),
 .UNSPECIFIED.,.F.,.F.,(4,1,4),(0.,90.,180.),.UNSPECIFIED.);
#1404=B_SPLINE_CURVE_WITH_KNOTS('',3,(#4130,#4131,#4132,#4133,#4134,#4135,
#4136),.UNSPECIFIED.,.F.,.F.,(4,1,1,1,4),(0.,45.,90.,135.,180.),
 .UNSPECIFIED.);
#1405=B_SPLINE_CURVE_WITH_KNOTS('',3,(#4139,#4140,#4141,#4142,#4143,#4144,
#4145),.UNSPECIFIED.,.F.,.F.,(4,1,1,1,4),(0.,45.,90.,135.,180.),
 .UNSPECIFIED.);
#1406=B_SPLINE_CURVE_WITH_KNOTS('',3,(#4180,#4181,#4182,#4183,#4184,#4185,
#4186,#4187,#4188,#4189,#4190),.UNSPECIFIED.,.T.,.F.,(1,1,1,1,1,1,1,1,1,
1,1,1,1,1,1),(-0.000871415783377303,-0.000580943855584868,-0.000290471927792434,
0.,0.000290471927792434,0.000580943855584868,0.000871415783377303,0.00116188771116974,
0.00145235963896217,0.00174283156675461,0.00203330349454704,0.00232377542233947,
0.00261424735013191,0.00290471927792434,0.00319519120571678),
 .UNSPECIFIED.);
#1407=B_SPLINE_CURVE_WITH_KNOTS('',3,(#4195,#4196,#4197,#4198,#4199,#4200,
#4201,#4202,#4203,#4204,#4205),.UNSPECIFIED.,.T.,.F.,(1,1,1,1,1,1,1,1,1,
1,1,1,1,1,1),(-0.000883502591939484,-0.000589001727959656,-0.000294500863979828,
0.,0.000294500863979828,0.000589001727959656,0.000883502591939484,0.00117800345591931,
0.00147250431989914,0.00176700518387897,0.0020615060478588,0.00235600691183862,
0.00265050777581845,0.00294500863979828,0.00323950950377811),
 .UNSPECIFIED.);
#1408=B_SPLINE_CURVE_WITH_KNOTS('',3,(#4220,#4221,#4222,#4223,#4224),
 .UNSPECIFIED.,.F.,.F.,(4,1,4),(0.,90.,180.),.UNSPECIFIED.);
#1409=B_SPLINE_CURVE_WITH_KNOTS('',3,(#4227,#4228,#4229,#4230,#4231),
 .UNSPECIFIED.,.F.,.F.,(4,1,4),(0.,90.,180.),.UNSPECIFIED.);
#1410=B_SPLINE_CURVE_WITH_KNOTS('',3,(#4233,#4234,#4235,#4236,#4237,#4238,
#4239),.UNSPECIFIED.,.F.,.F.,(4,1,1,1,4),(0.,45.,90.,135.,180.),
 .UNSPECIFIED.);
#1411=B_SPLINE_CURVE_WITH_KNOTS('',3,(#4242,#4243,#4244,#4245,#4246,#4247,
#4248),.UNSPECIFIED.,.F.,.F.,(4,1,1,1,4),(0.,45.,90.,135.,180.),
 .UNSPECIFIED.);
#1412=B_SPLINE_CURVE_WITH_KNOTS('',3,(#4283,#4284,#4285,#4286,#4287,#4288,
#4289,#4290,#4291,#4292,#4293),.UNSPECIFIED.,.T.,.F.,(1,1,1,1,1,1,1,1,1,
1,1,1,1,1,1),(-0.000871415783377304,-0.000580943855584869,-0.000290471927792435,
0.,0.000290471927792435,0.000580943855584869,0.000871415783377304,0.00116188771116974,
0.00145235963896217,0.00174283156675461,0.00203330349454704,0.00232377542233948,
0.00261424735013191,0.00290471927792435,0.00319519120571678),
 .UNSPECIFIED.);
#1413=B_SPLINE_CURVE_WITH_KNOTS('',3,(#4298,#4299,#4300,#4301,#4302,#4303,
#4304,#4305,#4306,#4307,#4308),.UNSPECIFIED.,.T.,.F.,(1,1,1,1,1,1,1,1,1,
1,1,1,1,1,1),(-0.000883502591939485,-0.000589001727959657,-0.000294500863979828,
0.,0.000294500863979828,0.000589001727959657,0.000883502591939485,0.00117800345591931,
0.00147250431989914,0.00176700518387897,0.0020615060478588,0.00235600691183863,
0.00265050777581845,0.00294500863979828,0.00323950950377811),
 .UNSPECIFIED.);
#1414=B_SPLINE_CURVE_WITH_KNOTS('',3,(#4323,#4324,#4325,#4326,#4327),
 .UNSPECIFIED.,.F.,.F.,(4,1,4),(0.,90.,180.),.UNSPECIFIED.);
#1415=B_SPLINE_CURVE_WITH_KNOTS('',3,(#4330,#4331,#4332,#4333,#4334),
 .UNSPECIFIED.,.F.,.F.,(4,1,4),(0.,90.,180.),.UNSPECIFIED.);
#1416=B_SPLINE_CURVE_WITH_KNOTS('',3,(#4336,#4337,#4338,#4339,#4340,#4341,
#4342),.UNSPECIFIED.,.F.,.F.,(4,1,1,1,4),(0.,45.,90.,135.,180.),
 .UNSPECIFIED.);
#1417=B_SPLINE_CURVE_WITH_KNOTS('',3,(#4345,#4346,#4347,#4348,#4349,#4350,
#4351),.UNSPECIFIED.,.F.,.F.,(4,1,1,1,4),(0.,45.,90.,135.,180.),
 .UNSPECIFIED.);
#1418=B_SPLINE_CURVE_WITH_KNOTS('',3,(#4386,#4387,#4388,#4389,#4390,#4391,
#4392,#4393,#4394,#4395,#4396),.UNSPECIFIED.,.T.,.F.,(1,1,1,1,1,1,1,1,1,
1,1,1,1,1,1),(-0.000871415783377306,-0.00058094385558487,-0.000290471927792435,
0.,0.000290471927792435,0.00058094385558487,0.000871415783377306,0.00116188771116974,
0.00145235963896218,0.00174283156675461,0.00203330349454705,0.00232377542233948,
0.00261424735013192,0.00290471927792435,0.00319519120571679),
 .UNSPECIFIED.);
#1419=B_SPLINE_CURVE_WITH_KNOTS('',3,(#4401,#4402,#4403,#4404,#4405,#4406,
#4407,#4408,#4409,#4410,#4411),.UNSPECIFIED.,.T.,.F.,(1,1,1,1,1,1,1,1,1,
1,1,1,1,1,1),(-0.000883502591939482,-0.000589001727959654,-0.000294500863979827,
0.,0.000294500863979827,0.000589001727959654,0.000883502591939482,0.00117800345591931,
0.00147250431989914,0.00176700518387896,0.00206150604785879,0.00235600691183862,
0.00265050777581844,0.00294500863979827,0.0032395095037781),
 .UNSPECIFIED.);
#1420=B_SPLINE_CURVE_WITH_KNOTS('',3,(#4426,#4427,#4428,#4429,#4430),
 .UNSPECIFIED.,.F.,.F.,(4,1,4),(0.,90.,180.),.UNSPECIFIED.);
#1421=B_SPLINE_CURVE_WITH_KNOTS('',3,(#4433,#4434,#4435,#4436,#4437),
 .UNSPECIFIED.,.F.,.F.,(4,1,4),(0.,90.,180.),.UNSPECIFIED.);
#1422=B_SPLINE_CURVE_WITH_KNOTS('',3,(#4439,#4440,#4441,#4442,#4443,#4444,
#4445),.UNSPECIFIED.,.F.,.F.,(4,1,1,1,4),(0.,45.,90.,135.,180.),
 .UNSPECIFIED.);
#1423=B_SPLINE_CURVE_WITH_KNOTS('',3,(#4448,#4449,#4450,#4451,#4452,#4453,
#4454),.UNSPECIFIED.,.F.,.F.,(4,1,1,1,4),(0.,45.,90.,135.,180.),
 .UNSPECIFIED.);
#1424=B_SPLINE_CURVE_WITH_KNOTS('',3,(#4489,#4490,#4491,#4492,#4493,#4494,
#4495,#4496,#4497,#4498,#4499),.UNSPECIFIED.,.T.,.F.,(1,1,1,1,1,1,1,1,1,
1,1,1,1,1,1),(-0.000871415783377305,-0.00058094385558487,-0.000290471927792435,
0.,0.000290471927792435,0.00058094385558487,0.000871415783377305,0.00116188771116974,
0.00145235963896217,0.00174283156675461,0.00203330349454704,0.00232377542233948,
0.00261424735013191,0.00290471927792435,0.00319519120571678),
 .UNSPECIFIED.);
#1425=B_SPLINE_CURVE_WITH_KNOTS('',3,(#4504,#4505,#4506,#4507,#4508,#4509,
#4510,#4511,#4512,#4513,#4514),.UNSPECIFIED.,.T.,.F.,(1,1,1,1,1,1,1,1,1,
1,1,1,1,1,1),(-0.000883502591939479,-0.000589001727959653,-0.000294500863979826,
0.,0.000294500863979826,0.000589001727959653,0.000883502591939479,0.00117800345591931,
0.00147250431989913,0.00176700518387896,0.00206150604785878,0.00235600691183861,
0.00265050777581844,0.00294500863979826,0.00323950950377809),
 .UNSPECIFIED.);
#1426=B_SPLINE_CURVE_WITH_KNOTS('',3,(#4529,#4530,#4531,#4532,#4533),
 .UNSPECIFIED.,.F.,.F.,(4,1,4),(0.,90.,180.),.UNSPECIFIED.);
#1427=B_SPLINE_CURVE_WITH_KNOTS('',3,(#4536,#4537,#4538,#4539,#4540),
 .UNSPECIFIED.,.F.,.F.,(4,1,4),(0.,90.,180.),.UNSPECIFIED.);
#1428=B_SPLINE_CURVE_WITH_KNOTS('',3,(#4542,#4543,#4544,#4545,#4546,#4547,
#4548),.UNSPECIFIED.,.F.,.F.,(4,1,1,1,4),(0.,45.,90.,135.,180.),
 .UNSPECIFIED.);
#1429=B_SPLINE_CURVE_WITH_KNOTS('',3,(#4551,#4552,#4553,#4554,#4555,#4556,
#4557),.UNSPECIFIED.,.F.,.F.,(4,1,1,1,4),(0.,45.,90.,135.,180.),
 .UNSPECIFIED.);
#1430=B_SPLINE_CURVE_WITH_KNOTS('',3,(#4592,#4593,#4594,#4595,#4596,#4597,
#4598,#4599,#4600,#4601,#4602),.UNSPECIFIED.,.T.,.F.,(1,1,1,1,1,1,1,1,1,
1,1,1,1,1,1),(-0.000871415783377303,-0.000580943855584869,-0.000290471927792434,
0.,0.000290471927792434,0.000580943855584869,0.000871415783377303,0.00116188771116974,
0.00145235963896217,0.00174283156675461,0.00203330349454704,0.00232377542233947,
0.00261424735013191,0.00290471927792434,0.00319519120571678),
 .UNSPECIFIED.);
#1431=B_SPLINE_CURVE_WITH_KNOTS('',3,(#4607,#4608,#4609,#4610,#4611,#4612,
#4613,#4614,#4615,#4616,#4617),.UNSPECIFIED.,.T.,.F.,(1,1,1,1,1,1,1,1,1,
1,1,1,1,1,1),(-0.000883502591939478,-0.000589001727959652,-0.000294500863979826,
0.,0.000294500863979826,0.000589001727959652,0.000883502591939479,0.0011780034559193,
0.00147250431989913,0.00176700518387896,0.00206150604785878,0.00235600691183861,
0.00265050777581844,0.00294500863979826,0.00323950950377809),
 .UNSPECIFIED.);
#1432=B_SPLINE_CURVE_WITH_KNOTS('',3,(#4632,#4633,#4634,#4635,#4636),
 .UNSPECIFIED.,.F.,.F.,(4,1,4),(0.,90.,180.),.UNSPECIFIED.);
#1433=B_SPLINE_CURVE_WITH_KNOTS('',3,(#4639,#4640,#4641,#4642,#4643),
 .UNSPECIFIED.,.F.,.F.,(4,1,4),(0.,90.,180.),.UNSPECIFIED.);
#1434=B_SPLINE_CURVE_WITH_KNOTS('',3,(#4645,#4646,#4647,#4648,#4649,#4650,
#4651),.UNSPECIFIED.,.F.,.F.,(4,1,1,1,4),(0.,45.,90.,135.,180.),
 .UNSPECIFIED.);
#1435=B_SPLINE_CURVE_WITH_KNOTS('',3,(#4654,#4655,#4656,#4657,#4658,#4659,
#4660),.UNSPECIFIED.,.F.,.F.,(4,1,1,1,4),(0.,45.,90.,135.,180.),
 .UNSPECIFIED.);
#1436=B_SPLINE_CURVE_WITH_KNOTS('',3,(#4695,#4696,#4697,#4698,#4699,#4700,
#4701,#4702,#4703,#4704,#4705),.UNSPECIFIED.,.T.,.F.,(1,1,1,1,1,1,1,1,1,
1,1,1,1,1,1),(-0.000871415783377304,-0.000580943855584869,-0.000290471927792435,
0.,0.000290471927792434,0.000580943855584869,0.000871415783377303,0.00116188771116974,
0.00145235963896217,0.00174283156675461,0.00203330349454704,0.00232377542233948,
0.00261424735013191,0.00290471927792434,0.00319519120571678),
 .UNSPECIFIED.);
#1437=B_SPLINE_CURVE_WITH_KNOTS('',3,(#4710,#4711,#4712,#4713,#4714,#4715,
#4716,#4717,#4718,#4719,#4720),.UNSPECIFIED.,.T.,.F.,(1,1,1,1,1,1,1,1,1,
1,1,1,1,1,1),(-0.000883502591939483,-0.000589001727959655,-0.000294500863979828,
0.,0.000294500863979828,0.000589001727959655,0.000883502591939483,0.00117800345591931,
0.00147250431989914,0.00176700518387897,0.00206150604785879,0.00235600691183862,
0.00265050777581845,0.00294500863979828,0.0032395095037781),
 .UNSPECIFIED.);
#1438=B_SPLINE_CURVE_WITH_KNOTS('',3,(#4735,#4736,#4737,#4738,#4739),
 .UNSPECIFIED.,.F.,.F.,(4,1,4),(0.,90.,180.),.UNSPECIFIED.);
#1439=B_SPLINE_CURVE_WITH_KNOTS('',3,(#4742,#4743,#4744,#4745,#4746),
 .UNSPECIFIED.,.F.,.F.,(4,1,4),(0.,90.,180.),.UNSPECIFIED.);
#1440=B_SPLINE_CURVE_WITH_KNOTS('',3,(#4748,#4749,#4750,#4751,#4752,#4753,
#4754),.UNSPECIFIED.,.F.,.F.,(4,1,1,1,4),(0.,45.,90.,135.,180.),
 .UNSPECIFIED.);
#1441=B_SPLINE_CURVE_WITH_KNOTS('',3,(#4757,#4758,#4759,#4760,#4761,#4762,
#4763),.UNSPECIFIED.,.F.,.F.,(4,1,1,1,4),(0.,45.,90.,135.,180.),
 .UNSPECIFIED.);
#1442=B_SPLINE_CURVE_WITH_KNOTS('',3,(#4798,#4799,#4800,#4801,#4802,#4803,
#4804,#4805,#4806,#4807,#4808),.UNSPECIFIED.,.T.,.F.,(1,1,1,1,1,1,1,1,1,
1,1,1,1,1,1),(-0.000871415783377304,-0.000580943855584869,-0.000290471927792435,
0.,0.000290471927792435,0.000580943855584869,0.000871415783377304,0.00116188771116974,
0.00145235963896217,0.00174283156675461,0.00203330349454704,0.00232377542233948,
0.00261424735013191,0.00290471927792435,0.00319519120571678),
 .UNSPECIFIED.);
#1443=B_SPLINE_CURVE_WITH_KNOTS('',3,(#4813,#4814,#4815,#4816,#4817,#4818,
#4819,#4820,#4821,#4822,#4823),.UNSPECIFIED.,.T.,.F.,(1,1,1,1,1,1,1,1,1,
1,1,1,1,1,1),(-0.00088350259193948,-0.000589001727959654,-0.000294500863979827,
0.,0.000294500863979827,0.000589001727959653,0.00088350259193948,0.00117800345591931,
0.00147250431989913,0.00176700518387896,0.00206150604785879,0.00235600691183861,
0.00265050777581844,0.00294500863979827,0.00323950950377809),
 .UNSPECIFIED.);
#1444=B_SPLINE_CURVE_WITH_KNOTS('',3,(#4838,#4839,#4840,#4841,#4842),
 .UNSPECIFIED.,.F.,.F.,(4,1,4),(0.,90.,180.),.UNSPECIFIED.);
#1445=B_SPLINE_CURVE_WITH_KNOTS('',3,(#4845,#4846,#4847,#4848,#4849),
 .UNSPECIFIED.,.F.,.F.,(4,1,4),(0.,90.,180.),.UNSPECIFIED.);
#1446=B_SPLINE_CURVE_WITH_KNOTS('',3,(#4851,#4852,#4853,#4854,#4855,#4856,
#4857),.UNSPECIFIED.,.F.,.F.,(4,1,1,1,4),(0.,45.,90.,135.,180.),
 .UNSPECIFIED.);
#1447=B_SPLINE_CURVE_WITH_KNOTS('',3,(#4860,#4861,#4862,#4863,#4864,#4865,
#4866),.UNSPECIFIED.,.F.,.F.,(4,1,1,1,4),(0.,45.,90.,135.,180.),
 .UNSPECIFIED.);
#1448=B_SPLINE_CURVE_WITH_KNOTS('',3,(#4901,#4902,#4903,#4904,#4905,#4906,
#4907,#4908,#4909,#4910,#4911),.UNSPECIFIED.,.T.,.F.,(1,1,1,1,1,1,1,1,1,
1,1,1,1,1,1),(-0.000871415783377301,-0.000580943855584867,-0.000290471927792434,
0.,0.000290471927792434,0.000580943855584867,0.000871415783377301,0.00116188771116973,
0.00145235963896217,0.0017428315667546,0.00203330349454704,0.00232377542233947,
0.0026142473501319,0.00290471927792434,0.00319519120571677),
 .UNSPECIFIED.);
#1449=B_SPLINE_CURVE_WITH_KNOTS('',3,(#4916,#4917,#4918,#4919,#4920,#4921,
#4922,#4923,#4924,#4925,#4926),.UNSPECIFIED.,.T.,.F.,(1,1,1,1,1,1,1,1,1,
1,1,1,1,1,1),(-0.000883502591939483,-0.000589001727959655,-0.000294500863979828,
0.,0.000294500863979828,0.000589001727959655,0.000883502591939483,0.00117800345591931,
0.00147250431989914,0.00176700518387897,0.00206150604785879,0.00235600691183862,
0.00265050777581845,0.00294500863979828,0.0032395095037781),
 .UNSPECIFIED.);
#1450=B_SPLINE_CURVE_WITH_KNOTS('',3,(#4941,#4942,#4943,#4944,#4945),
 .UNSPECIFIED.,.F.,.F.,(4,1,4),(0.,90.,180.),.UNSPECIFIED.);
#1451=B_SPLINE_CURVE_WITH_KNOTS('',3,(#4948,#4949,#4950,#4951,#4952),
 .UNSPECIFIED.,.F.,.F.,(4,1,4),(0.,90.,180.),.UNSPECIFIED.);
#1452=B_SPLINE_CURVE_WITH_KNOTS('',3,(#4954,#4955,#4956,#4957,#4958,#4959,
#4960),.UNSPECIFIED.,.F.,.F.,(4,1,1,1,4),(0.,45.,90.,135.,180.),
 .UNSPECIFIED.);
#1453=B_SPLINE_CURVE_WITH_KNOTS('',3,(#4963,#4964,#4965,#4966,#4967,#4968,
#4969),.UNSPECIFIED.,.F.,.F.,(4,1,1,1,4),(0.,45.,90.,135.,180.),
 .UNSPECIFIED.);
#1454=B_SPLINE_CURVE_WITH_KNOTS('',3,(#5004,#5005,#5006,#5007,#5008,#5009,
#5010,#5011,#5012,#5013,#5014),.UNSPECIFIED.,.T.,.F.,(1,1,1,1,1,1,1,1,1,
1,1,1,1,1,1),(-0.000871415783377304,-0.000580943855584869,-0.000290471927792435,
0.,0.000290471927792435,0.000580943855584869,0.000871415783377304,0.00116188771116974,
0.00145235963896217,0.00174283156675461,0.00203330349454704,0.00232377542233948,
0.00261424735013191,0.00290471927792435,0.00319519120571678),
 .UNSPECIFIED.);
#1455=B_SPLINE_CURVE_WITH_KNOTS('',3,(#5019,#5020,#5021,#5022,#5023,#5024,
#5025,#5026,#5027,#5028,#5029),.UNSPECIFIED.,.T.,.F.,(1,1,1,1,1,1,1,1,1,
1,1,1,1,1,1),(-0.000883502591939479,-0.000589001727959652,-0.000294500863979826,
0.,0.000294500863979826,0.000589001727959652,0.000883502591939479,0.0011780034559193,
0.00147250431989913,0.00176700518387896,0.00206150604785878,0.00235600691183861,
0.00265050777581844,0.00294500863979826,0.00323950950377809),
 .UNSPECIFIED.);
#1456=B_SPLINE_CURVE_WITH_KNOTS('',3,(#5044,#5045,#5046,#5047,#5048),
 .UNSPECIFIED.,.F.,.F.,(4,1,4),(0.,90.,180.),.UNSPECIFIED.);
#1457=B_SPLINE_CURVE_WITH_KNOTS('',3,(#5051,#5052,#5053,#5054,#5055),
 .UNSPECIFIED.,.F.,.F.,(4,1,4),(0.,90.,180.),.UNSPECIFIED.);
#1458=B_SPLINE_CURVE_WITH_KNOTS('',3,(#5057,#5058,#5059,#5060,#5061,#5062,
#5063),.UNSPECIFIED.,.F.,.F.,(4,1,1,1,4),(0.,45.,90.,135.,180.),
 .UNSPECIFIED.);
#1459=B_SPLINE_CURVE_WITH_KNOTS('',3,(#5066,#5067,#5068,#5069,#5070,#5071,
#5072),.UNSPECIFIED.,.F.,.F.,(4,1,1,1,4),(0.,45.,90.,135.,180.),
 .UNSPECIFIED.);
#1460=B_SPLINE_CURVE_WITH_KNOTS('',3,(#5107,#5108,#5109,#5110,#5111,#5112,
#5113,#5114,#5115,#5116,#5117),.UNSPECIFIED.,.T.,.F.,(1,1,1,1,1,1,1,1,1,
1,1,1,1,1,1),(-0.000871415783377301,-0.000580943855584867,-0.000290471927792434,
0.,0.000290471927792434,0.000580943855584867,0.000871415783377301,0.00116188771116973,
0.00145235963896217,0.0017428315667546,0.00203330349454704,0.00232377542233947,
0.0026142473501319,0.00290471927792434,0.00319519120571677),
 .UNSPECIFIED.);
#1461=B_SPLINE_CURVE_WITH_KNOTS('',3,(#5122,#5123,#5124,#5125,#5126,#5127,
#5128,#5129,#5130,#5131,#5132),.UNSPECIFIED.,.T.,.F.,(1,1,1,1,1,1,1,1,1,
1,1,1,1,1,1),(-0.00088350259193948,-0.000589001727959654,-0.000294500863979827,
0.,0.000294500863979827,0.000589001727959654,0.000883502591939481,0.00117800345591931,
0.00147250431989913,0.00176700518387896,0.00206150604785879,0.00235600691183861,
0.00265050777581844,0.00294500863979827,0.0032395095037781),
 .UNSPECIFIED.);
#1462=B_SPLINE_CURVE_WITH_KNOTS('',3,(#5147,#5148,#5149,#5150,#5151),
 .UNSPECIFIED.,.F.,.F.,(4,1,4),(0.,90.,180.),.UNSPECIFIED.);
#1463=B_SPLINE_CURVE_WITH_KNOTS('',3,(#5154,#5155,#5156,#5157,#5158),
 .UNSPECIFIED.,.F.,.F.,(4,1,4),(0.,90.,180.),.UNSPECIFIED.);
#1464=B_SPLINE_CURVE_WITH_KNOTS('',3,(#5160,#5161,#5162,#5163,#5164,#5165,
#5166),.UNSPECIFIED.,.F.,.F.,(4,1,1,1,4),(0.,45.,90.,135.,180.),
 .UNSPECIFIED.);
#1465=B_SPLINE_CURVE_WITH_KNOTS('',3,(#5169,#5170,#5171,#5172,#5173,#5174,
#5175),.UNSPECIFIED.,.F.,.F.,(4,1,1,1,4),(0.,45.,90.,135.,180.),
 .UNSPECIFIED.);
#1466=B_SPLINE_CURVE_WITH_KNOTS('',3,(#5210,#5211,#5212,#5213,#5214,#5215,
#5216,#5217,#5218,#5219,#5220),.UNSPECIFIED.,.T.,.F.,(1,1,1,1,1,1,1,1,1,
1,1,1,1,1,1),(-0.000871415783377304,-0.000580943855584869,-0.000290471927792435,
0.,0.000290471927792435,0.000580943855584869,0.000871415783377304,0.00116188771116974,
0.00145235963896217,0.00174283156675461,0.00203330349454704,0.00232377542233948,
0.00261424735013191,0.00290471927792435,0.00319519120571678),
 .UNSPECIFIED.);
#1467=B_SPLINE_CURVE_WITH_KNOTS('',3,(#5225,#5226,#5227,#5228,#5229,#5230,
#5231,#5232,#5233,#5234,#5235),.UNSPECIFIED.,.T.,.F.,(1,1,1,1,1,1,1,1,1,
1,1,1,1,1,1),(-0.000883502591939477,-0.000589001727959651,-0.000294500863979826,
0.,0.000294500863979826,0.000589001727959651,0.000883502591939477,0.0011780034559193,
0.00147250431989913,0.00176700518387895,0.00206150604785878,0.0023560069118386,
0.00265050777581843,0.00294500863979826,0.00323950950377808),
 .UNSPECIFIED.);
#1468=B_SPLINE_CURVE_WITH_KNOTS('',3,(#5250,#5251,#5252,#5253,#5254),
 .UNSPECIFIED.,.F.,.F.,(4,1,4),(0.,90.,180.),.UNSPECIFIED.);
#1469=B_SPLINE_CURVE_WITH_KNOTS('',3,(#5257,#5258,#5259,#5260,#5261),
 .UNSPECIFIED.,.F.,.F.,(4,1,4),(0.,90.,180.),.UNSPECIFIED.);
#1470=B_SPLINE_CURVE_WITH_KNOTS('',3,(#5263,#5264,#5265,#5266,#5267,#5268,
#5269),.UNSPECIFIED.,.F.,.F.,(4,1,1,1,4),(0.,45.,90.,135.,180.),
 .UNSPECIFIED.);
#1471=B_SPLINE_CURVE_WITH_KNOTS('',3,(#5272,#5273,#5274,#5275,#5276,#5277,
#5278),.UNSPECIFIED.,.F.,.F.,(4,1,1,1,4),(0.,45.,90.,135.,180.),
 .UNSPECIFIED.);
#1472=B_SPLINE_CURVE_WITH_KNOTS('',3,(#5313,#5314,#5315,#5316,#5317,#5318,
#5319,#5320,#5321,#5322,#5323),.UNSPECIFIED.,.T.,.F.,(1,1,1,1,1,1,1,1,1,
1,1,1,1,1,1),(-0.000871415783377301,-0.000580943855584867,-0.000290471927792434,
0.,0.000290471927792434,0.000580943855584867,0.000871415783377301,0.00116188771116973,
0.00145235963896217,0.0017428315667546,0.00203330349454704,0.00232377542233947,
0.0026142473501319,0.00290471927792434,0.00319519120571677),
 .UNSPECIFIED.);
#1473=B_SPLINE_CURVE_WITH_KNOTS('',3,(#5328,#5329,#5330,#5331,#5332,#5333,
#5334,#5335,#5336,#5337,#5338),.UNSPECIFIED.,.T.,.F.,(1,1,1,1,1,1,1,1,1,
1,1,1,1,1,1),(-0.000883502591939483,-0.000589001727959655,-0.000294500863979827,
0.,0.000294500863979828,0.000589001727959655,0.000883502591939483,0.00117800345591931,
0.00147250431989914,0.00176700518387897,0.00206150604785879,0.00235600691183862,
0.00265050777581845,0.00294500863979827,0.0032395095037781),
 .UNSPECIFIED.);
#1474=EDGE_LOOP('',(#394,#395));
#1475=EDGE_LOOP('',(#396,#397));
#1476=EDGE_LOOP('',(#398,#399));
#1477=EDGE_LOOP('',(#400));
#1478=EDGE_LOOP('',(#401,#402));
#1479=EDGE_LOOP('',(#403));
#1480=EDGE_LOOP('',(#404));
#1481=EDGE_LOOP('',(#405));
#1482=EDGE_LOOP('',(#406));
#1483=EDGE_LOOP('',(#407));
#1484=EDGE_LOOP('',(#408));
#1485=EDGE_LOOP('',(#409));
#1486=EDGE_LOOP('',(#410));
#1487=EDGE_LOOP('',(#411));
#1488=EDGE_LOOP('',(#412));
#1489=EDGE_LOOP('',(#413));
#1490=EDGE_LOOP('',(#414));
#1491=EDGE_LOOP('',(#415));
#1492=EDGE_LOOP('',(#416));
#1493=EDGE_LOOP('',(#417));
#1494=EDGE_LOOP('',(#418));
#1495=EDGE_LOOP('',(#419));
#1496=EDGE_LOOP('',(#420));
#1497=EDGE_LOOP('',(#421));
#1498=EDGE_LOOP('',(#422));
#1499=EDGE_LOOP('',(#423));
#1500=EDGE_LOOP('',(#424));
#1501=EDGE_LOOP('',(#425));
#1502=EDGE_LOOP('',(#426));
#1503=EDGE_LOOP('',(#427));
#1504=EDGE_LOOP('',(#428));
#1505=EDGE_LOOP('',(#429));
#1506=EDGE_LOOP('',(#430));
#1507=EDGE_LOOP('',(#431));
#1508=EDGE_LOOP('',(#432));
#1509=EDGE_LOOP('',(#433));
#1510=EDGE_LOOP('',(#434));
#1511=EDGE_LOOP('',(#435));
#1512=EDGE_LOOP('',(#436,#437));
#1513=EDGE_LOOP('',(#438,#439));
#1514=EDGE_LOOP('',(#440,#441));
#1515=EDGE_LOOP('',(#442));
#1516=EDGE_LOOP('',(#443,#444));
#1517=EDGE_LOOP('',(#445));
#1518=EDGE_LOOP('',(#446));
#1519=EDGE_LOOP('',(#447));
#1520=EDGE_LOOP('',(#448));
#1521=EDGE_LOOP('',(#449));
#1522=EDGE_LOOP('',(#450));
#1523=EDGE_LOOP('',(#451));
#1524=EDGE_LOOP('',(#452));
#1525=EDGE_LOOP('',(#453));
#1526=EDGE_LOOP('',(#454));
#1527=EDGE_LOOP('',(#455));
#1528=EDGE_LOOP('',(#456));
#1529=EDGE_LOOP('',(#457));
#1530=EDGE_LOOP('',(#458));
#1531=EDGE_LOOP('',(#459));
#1532=EDGE_LOOP('',(#460));
#1533=EDGE_LOOP('',(#461));
#1534=EDGE_LOOP('',(#462));
#1535=EDGE_LOOP('',(#463));
#1536=EDGE_LOOP('',(#464));
#1537=EDGE_LOOP('',(#465));
#1538=EDGE_LOOP('',(#466));
#1539=EDGE_LOOP('',(#467));
#1540=EDGE_LOOP('',(#468));
#1541=EDGE_LOOP('',(#469));
#1542=EDGE_LOOP('',(#470));
#1543=EDGE_LOOP('',(#471));
#1544=EDGE_LOOP('',(#472));
#1545=EDGE_LOOP('',(#473));
#1546=EDGE_LOOP('',(#474));
#1547=EDGE_LOOP('',(#475));
#1548=EDGE_LOOP('',(#476));
#1549=EDGE_LOOP('',(#477));
#1550=EDGE_LOOP('',(#478,#479));
#1551=EDGE_LOOP('',(#480,#481));
#1552=EDGE_LOOP('',(#482,#483));
#1553=EDGE_LOOP('',(#484));
#1554=EDGE_LOOP('',(#485,#486));
#1555=EDGE_LOOP('',(#487));
#1556=EDGE_LOOP('',(#488));
#1557=EDGE_LOOP('',(#489));
#1558=EDGE_LOOP('',(#490));
#1559=EDGE_LOOP('',(#491));
#1560=EDGE_LOOP('',(#492));
#1561=EDGE_LOOP('',(#493));
#1562=EDGE_LOOP('',(#494));
#1563=EDGE_LOOP('',(#495));
#1564=EDGE_LOOP('',(#496));
#1565=EDGE_LOOP('',(#497));
#1566=EDGE_LOOP('',(#498));
#1567=EDGE_LOOP('',(#499));
#1568=EDGE_LOOP('',(#500));
#1569=EDGE_LOOP('',(#501));
#1570=EDGE_LOOP('',(#502));
#1571=EDGE_LOOP('',(#503));
#1572=EDGE_LOOP('',(#504));
#1573=EDGE_LOOP('',(#505));
#1574=EDGE_LOOP('',(#506));
#1575=EDGE_LOOP('',(#507));
#1576=EDGE_LOOP('',(#508));
#1577=EDGE_LOOP('',(#509));
#1578=EDGE_LOOP('',(#510));
#1579=EDGE_LOOP('',(#511));
#1580=EDGE_LOOP('',(#512));
#1581=EDGE_LOOP('',(#513));
#1582=EDGE_LOOP('',(#514));
#1583=EDGE_LOOP('',(#515));
#1584=EDGE_LOOP('',(#516));
#1585=EDGE_LOOP('',(#517));
#1586=EDGE_LOOP('',(#518));
#1587=EDGE_LOOP('',(#519));
#1588=EDGE_LOOP('',(#520,#521));
#1589=EDGE_LOOP('',(#522,#523));
#1590=EDGE_LOOP('',(#524,#525));
#1591=EDGE_LOOP('',(#526));
#1592=EDGE_LOOP('',(#527,#528));
#1593=EDGE_LOOP('',(#529));
#1594=EDGE_LOOP('',(#530));
#1595=EDGE_LOOP('',(#531));
#1596=EDGE_LOOP('',(#532));
#1597=EDGE_LOOP('',(#533));
#1598=EDGE_LOOP('',(#534));
#1599=EDGE_LOOP('',(#535));
#1600=EDGE_LOOP('',(#536));
#1601=EDGE_LOOP('',(#537));
#1602=EDGE_LOOP('',(#538));
#1603=EDGE_LOOP('',(#539));
#1604=EDGE_LOOP('',(#540));
#1605=EDGE_LOOP('',(#541));
#1606=EDGE_LOOP('',(#542));
#1607=EDGE_LOOP('',(#543));
#1608=EDGE_LOOP('',(#544));
#1609=EDGE_LOOP('',(#545));
#1610=EDGE_LOOP('',(#546));
#1611=EDGE_LOOP('',(#547));
#1612=EDGE_LOOP('',(#548));
#1613=EDGE_LOOP('',(#549));
#1614=EDGE_LOOP('',(#550));
#1615=EDGE_LOOP('',(#551));
#1616=EDGE_LOOP('',(#552));
#1617=EDGE_LOOP('',(#553));
#1618=EDGE_LOOP('',(#554));
#1619=EDGE_LOOP('',(#555));
#1620=EDGE_LOOP('',(#556));
#1621=EDGE_LOOP('',(#557));
#1622=EDGE_LOOP('',(#558));
#1623=EDGE_LOOP('',(#559));
#1624=EDGE_LOOP('',(#560));
#1625=EDGE_LOOP('',(#561));
#1626=EDGE_LOOP('',(#562,#563));
#1627=EDGE_LOOP('',(#564,#565));
#1628=EDGE_LOOP('',(#566,#567));
#1629=EDGE_LOOP('',(#568));
#1630=EDGE_LOOP('',(#569,#570));
#1631=EDGE_LOOP('',(#571));
#1632=EDGE_LOOP('',(#572));
#1633=EDGE_LOOP('',(#573));
#1634=EDGE_LOOP('',(#574));
#1635=EDGE_LOOP('',(#575));
#1636=EDGE_LOOP('',(#576));
#1637=EDGE_LOOP('',(#577));
#1638=EDGE_LOOP('',(#578));
#1639=EDGE_LOOP('',(#579));
#1640=EDGE_LOOP('',(#580));
#1641=EDGE_LOOP('',(#581));
#1642=EDGE_LOOP('',(#582));
#1643=EDGE_LOOP('',(#583));
#1644=EDGE_LOOP('',(#584));
#1645=EDGE_LOOP('',(#585));
#1646=EDGE_LOOP('',(#586));
#1647=EDGE_LOOP('',(#587));
#1648=EDGE_LOOP('',(#588));
#1649=EDGE_LOOP('',(#589));
#1650=EDGE_LOOP('',(#590));
#1651=EDGE_LOOP('',(#591));
#1652=EDGE_LOOP('',(#592));
#1653=EDGE_LOOP('',(#593));
#1654=EDGE_LOOP('',(#594));
#1655=EDGE_LOOP('',(#595));
#1656=EDGE_LOOP('',(#596));
#1657=EDGE_LOOP('',(#597));
#1658=EDGE_LOOP('',(#598));
#1659=EDGE_LOOP('',(#599));
#1660=EDGE_LOOP('',(#600));
#1661=EDGE_LOOP('',(#601));
#1662=EDGE_LOOP('',(#602));
#1663=EDGE_LOOP('',(#603));
#1664=EDGE_LOOP('',(#604,#605));
#1665=EDGE_LOOP('',(#606,#607));
#1666=EDGE_LOOP('',(#608,#609));
#1667=EDGE_LOOP('',(#610));
#1668=EDGE_LOOP('',(#611,#612));
#1669=EDGE_LOOP('',(#613));
#1670=EDGE_LOOP('',(#614));
#1671=EDGE_LOOP('',(#615));
#1672=EDGE_LOOP('',(#616));
#1673=EDGE_LOOP('',(#617));
#1674=EDGE_LOOP('',(#618));
#1675=EDGE_LOOP('',(#619));
#1676=EDGE_LOOP('',(#620));
#1677=EDGE_LOOP('',(#621));
#1678=EDGE_LOOP('',(#622));
#1679=EDGE_LOOP('',(#623));
#1680=EDGE_LOOP('',(#624));
#1681=EDGE_LOOP('',(#625));
#1682=EDGE_LOOP('',(#626));
#1683=EDGE_LOOP('',(#627));
#1684=EDGE_LOOP('',(#628));
#1685=EDGE_LOOP('',(#629));
#1686=EDGE_LOOP('',(#630));
#1687=EDGE_LOOP('',(#631));
#1688=EDGE_LOOP('',(#632));
#1689=EDGE_LOOP('',(#633));
#1690=EDGE_LOOP('',(#634));
#1691=EDGE_LOOP('',(#635));
#1692=EDGE_LOOP('',(#636));
#1693=EDGE_LOOP('',(#637));
#1694=EDGE_LOOP('',(#638));
#1695=EDGE_LOOP('',(#639));
#1696=EDGE_LOOP('',(#640));
#1697=EDGE_LOOP('',(#641));
#1698=EDGE_LOOP('',(#642));
#1699=EDGE_LOOP('',(#643));
#1700=EDGE_LOOP('',(#644));
#1701=EDGE_LOOP('',(#645));
#1702=EDGE_LOOP('',(#646,#647));
#1703=EDGE_LOOP('',(#648,#649));
#1704=EDGE_LOOP('',(#650,#651));
#1705=EDGE_LOOP('',(#652));
#1706=EDGE_LOOP('',(#653,#654));
#1707=EDGE_LOOP('',(#655));
#1708=EDGE_LOOP('',(#656));
#1709=EDGE_LOOP('',(#657));
#1710=EDGE_LOOP('',(#658));
#1711=EDGE_LOOP('',(#659));
#1712=EDGE_LOOP('',(#660));
#1713=EDGE_LOOP('',(#661));
#1714=EDGE_LOOP('',(#662));
#1715=EDGE_LOOP('',(#663));
#1716=EDGE_LOOP('',(#664));
#1717=EDGE_LOOP('',(#665));
#1718=EDGE_LOOP('',(#666));
#1719=EDGE_LOOP('',(#667));
#1720=EDGE_LOOP('',(#668));
#1721=EDGE_LOOP('',(#669));
#1722=EDGE_LOOP('',(#670));
#1723=EDGE_LOOP('',(#671));
#1724=EDGE_LOOP('',(#672));
#1725=EDGE_LOOP('',(#673));
#1726=EDGE_LOOP('',(#674));
#1727=EDGE_LOOP('',(#675));
#1728=EDGE_LOOP('',(#676));
#1729=EDGE_LOOP('',(#677));
#1730=EDGE_LOOP('',(#678));
#1731=EDGE_LOOP('',(#679));
#1732=EDGE_LOOP('',(#680));
#1733=EDGE_LOOP('',(#681));
#1734=EDGE_LOOP('',(#682));
#1735=EDGE_LOOP('',(#683));
#1736=EDGE_LOOP('',(#684));
#1737=EDGE_LOOP('',(#685));
#1738=EDGE_LOOP('',(#686));
#1739=EDGE_LOOP('',(#687));
#1740=EDGE_LOOP('',(#688,#689));
#1741=EDGE_LOOP('',(#690,#691));
#1742=EDGE_LOOP('',(#692,#693));
#1743=EDGE_LOOP('',(#694));
#1744=EDGE_LOOP('',(#695,#696));
#1745=EDGE_LOOP('',(#697));
#1746=EDGE_LOOP('',(#698));
#1747=EDGE_LOOP('',(#699));
#1748=EDGE_LOOP('',(#700));
#1749=EDGE_LOOP('',(#701));
#1750=EDGE_LOOP('',(#702));
#1751=EDGE_LOOP('',(#703));
#1752=EDGE_LOOP('',(#704));
#1753=EDGE_LOOP('',(#705));
#1754=EDGE_LOOP('',(#706));
#1755=EDGE_LOOP('',(#707));
#1756=EDGE_LOOP('',(#708));
#1757=EDGE_LOOP('',(#709));
#1758=EDGE_LOOP('',(#710));
#1759=EDGE_LOOP('',(#711));
#1760=EDGE_LOOP('',(#712));
#1761=EDGE_LOOP('',(#713));
#1762=EDGE_LOOP('',(#714));
#1763=EDGE_LOOP('',(#715));
#1764=EDGE_LOOP('',(#716));
#1765=EDGE_LOOP('',(#717));
#1766=EDGE_LOOP('',(#718));
#1767=EDGE_LOOP('',(#719));
#1768=EDGE_LOOP('',(#720));
#1769=EDGE_LOOP('',(#721));
#1770=EDGE_LOOP('',(#722));
#1771=EDGE_LOOP('',(#723));
#1772=EDGE_LOOP('',(#724));
#1773=EDGE_LOOP('',(#725));
#1774=EDGE_LOOP('',(#726));
#1775=EDGE_LOOP('',(#727));
#1776=EDGE_LOOP('',(#728));
#1777=EDGE_LOOP('',(#729));
#1778=EDGE_LOOP('',(#730,#731));
#1779=EDGE_LOOP('',(#732,#733));
#1780=EDGE_LOOP('',(#734,#735));
#1781=EDGE_LOOP('',(#736));
#1782=EDGE_LOOP('',(#737,#738));
#1783=EDGE_LOOP('',(#739));
#1784=EDGE_LOOP('',(#740));
#1785=EDGE_LOOP('',(#741));
#1786=EDGE_LOOP('',(#742));
#1787=EDGE_LOOP('',(#743));
#1788=EDGE_LOOP('',(#744));
#1789=EDGE_LOOP('',(#745));
#1790=EDGE_LOOP('',(#746));
#1791=EDGE_LOOP('',(#747));
#1792=EDGE_LOOP('',(#748));
#1793=EDGE_LOOP('',(#749));
#1794=EDGE_LOOP('',(#750));
#1795=EDGE_LOOP('',(#751));
#1796=EDGE_LOOP('',(#752));
#1797=EDGE_LOOP('',(#753));
#1798=EDGE_LOOP('',(#754));
#1799=EDGE_LOOP('',(#755));
#1800=EDGE_LOOP('',(#756));
#1801=EDGE_LOOP('',(#757));
#1802=EDGE_LOOP('',(#758));
#1803=EDGE_LOOP('',(#759));
#1804=EDGE_LOOP('',(#760));
#1805=EDGE_LOOP('',(#761));
#1806=EDGE_LOOP('',(#762));
#1807=EDGE_LOOP('',(#763));
#1808=EDGE_LOOP('',(#764));
#1809=EDGE_LOOP('',(#765));
#1810=EDGE_LOOP('',(#766));
#1811=EDGE_LOOP('',(#767));
#1812=EDGE_LOOP('',(#768));
#1813=EDGE_LOOP('',(#769));
#1814=EDGE_LOOP('',(#770));
#1815=EDGE_LOOP('',(#771));
#1816=EDGE_LOOP('',(#772,#773));
#1817=EDGE_LOOP('',(#774,#775));
#1818=EDGE_LOOP('',(#776,#777));
#1819=EDGE_LOOP('',(#778));
#1820=EDGE_LOOP('',(#779,#780));
#1821=EDGE_LOOP('',(#781));
#1822=EDGE_LOOP('',(#782));
#1823=EDGE_LOOP('',(#783));
#1824=EDGE_LOOP('',(#784));
#1825=EDGE_LOOP('',(#785));
#1826=EDGE_LOOP('',(#786));
#1827=EDGE_LOOP('',(#787));
#1828=EDGE_LOOP('',(#788));
#1829=EDGE_LOOP('',(#789));
#1830=EDGE_LOOP('',(#790));
#1831=EDGE_LOOP('',(#791));
#1832=EDGE_LOOP('',(#792));
#1833=EDGE_LOOP('',(#793));
#1834=EDGE_LOOP('',(#794));
#1835=EDGE_LOOP('',(#795));
#1836=EDGE_LOOP('',(#796));
#1837=EDGE_LOOP('',(#797));
#1838=EDGE_LOOP('',(#798));
#1839=EDGE_LOOP('',(#799));
#1840=EDGE_LOOP('',(#800));
#1841=EDGE_LOOP('',(#801));
#1842=EDGE_LOOP('',(#802));
#1843=EDGE_LOOP('',(#803));
#1844=EDGE_LOOP('',(#804));
#1845=EDGE_LOOP('',(#805));
#1846=EDGE_LOOP('',(#806));
#1847=EDGE_LOOP('',(#807));
#1848=EDGE_LOOP('',(#808));
#1849=EDGE_LOOP('',(#809));
#1850=EDGE_LOOP('',(#810));
#1851=EDGE_LOOP('',(#811));
#1852=EDGE_LOOP('',(#812));
#1853=EDGE_LOOP('',(#813));
#1854=EDGE_LOOP('',(#814,#815));
#1855=EDGE_LOOP('',(#816,#817));
#1856=EDGE_LOOP('',(#818,#819));
#1857=EDGE_LOOP('',(#820));
#1858=EDGE_LOOP('',(#821,#822));
#1859=EDGE_LOOP('',(#823));
#1860=EDGE_LOOP('',(#824));
#1861=EDGE_LOOP('',(#825));
#1862=EDGE_LOOP('',(#826));
#1863=EDGE_LOOP('',(#827));
#1864=EDGE_LOOP('',(#828));
#1865=EDGE_LOOP('',(#829));
#1866=EDGE_LOOP('',(#830));
#1867=EDGE_LOOP('',(#831));
#1868=EDGE_LOOP('',(#832));
#1869=EDGE_LOOP('',(#833));
#1870=EDGE_LOOP('',(#834));
#1871=EDGE_LOOP('',(#835));
#1872=EDGE_LOOP('',(#836));
#1873=EDGE_LOOP('',(#837));
#1874=EDGE_LOOP('',(#838));
#1875=EDGE_LOOP('',(#839));
#1876=EDGE_LOOP('',(#840));
#1877=EDGE_LOOP('',(#841));
#1878=EDGE_LOOP('',(#842));
#1879=EDGE_LOOP('',(#843));
#1880=EDGE_LOOP('',(#844));
#1881=EDGE_LOOP('',(#845));
#1882=EDGE_LOOP('',(#846));
#1883=EDGE_LOOP('',(#847));
#1884=EDGE_LOOP('',(#848));
#1885=EDGE_LOOP('',(#849));
#1886=EDGE_LOOP('',(#850));
#1887=EDGE_LOOP('',(#851));
#1888=EDGE_LOOP('',(#852));
#1889=EDGE_LOOP('',(#853));
#1890=EDGE_LOOP('',(#854));
#1891=EDGE_LOOP('',(#855));
#1892=EDGE_LOOP('',(#856,#857));
#1893=EDGE_LOOP('',(#858,#859));
#1894=EDGE_LOOP('',(#860,#861));
#1895=EDGE_LOOP('',(#862));
#1896=EDGE_LOOP('',(#863,#864));
#1897=EDGE_LOOP('',(#865));
#1898=EDGE_LOOP('',(#866));
#1899=EDGE_LOOP('',(#867));
#1900=EDGE_LOOP('',(#868));
#1901=EDGE_LOOP('',(#869));
#1902=EDGE_LOOP('',(#870));
#1903=EDGE_LOOP('',(#871));
#1904=EDGE_LOOP('',(#872));
#1905=EDGE_LOOP('',(#873));
#1906=EDGE_LOOP('',(#874));
#1907=EDGE_LOOP('',(#875));
#1908=EDGE_LOOP('',(#876));
#1909=EDGE_LOOP('',(#877));
#1910=EDGE_LOOP('',(#878));
#1911=EDGE_LOOP('',(#879));
#1912=EDGE_LOOP('',(#880));
#1913=EDGE_LOOP('',(#881));
#1914=EDGE_LOOP('',(#882));
#1915=EDGE_LOOP('',(#883));
#1916=EDGE_LOOP('',(#884));
#1917=EDGE_LOOP('',(#885));
#1918=EDGE_LOOP('',(#886));
#1919=EDGE_LOOP('',(#887));
#1920=EDGE_LOOP('',(#888));
#1921=EDGE_LOOP('',(#889));
#1922=EDGE_LOOP('',(#890));
#1923=EDGE_LOOP('',(#891));
#1924=EDGE_LOOP('',(#892));
#1925=EDGE_LOOP('',(#893));
#1926=EDGE_LOOP('',(#894));
#1927=EDGE_LOOP('',(#895));
#1928=EDGE_LOOP('',(#896));
#1929=EDGE_LOOP('',(#897));
#1930=FACE_BOUND('',#1474,.T.);
#1931=FACE_BOUND('',#1475,.T.);
#1932=FACE_BOUND('',#1476,.T.);
#1933=FACE_BOUND('',#1477,.T.);
#1934=FACE_BOUND('',#1478,.T.);
#1935=FACE_BOUND('',#1479,.T.);
#1936=FACE_BOUND('',#1480,.T.);
#1937=FACE_BOUND('',#1481,.T.);
#1938=FACE_BOUND('',#1482,.T.);
#1939=FACE_BOUND('',#1483,.T.);
#1940=FACE_BOUND('',#1484,.T.);
#1941=FACE_BOUND('',#1485,.T.);
#1942=FACE_BOUND('',#1486,.T.);
#1943=FACE_BOUND('',#1487,.T.);
#1944=FACE_BOUND('',#1488,.T.);
#1945=FACE_BOUND('',#1489,.T.);
#1946=FACE_BOUND('',#1490,.T.);
#1947=FACE_BOUND('',#1491,.T.);
#1948=FACE_BOUND('',#1492,.T.);
#1949=FACE_BOUND('',#1493,.T.);
#1950=FACE_BOUND('',#1494,.T.);
#1951=FACE_BOUND('',#1495,.T.);
#1952=FACE_BOUND('',#1496,.T.);
#1953=FACE_BOUND('',#1497,.T.);
#1954=FACE_BOUND('',#1498,.T.);
#1955=FACE_BOUND('',#1499,.T.);
#1956=FACE_BOUND('',#1500,.T.);
#1957=FACE_BOUND('',#1501,.T.);
#1958=FACE_BOUND('',#1502,.T.);
#1959=FACE_BOUND('',#1503,.T.);
#1960=FACE_BOUND('',#1504,.T.);
#1961=FACE_BOUND('',#1505,.T.);
#1962=FACE_BOUND('',#1506,.T.);
#1963=FACE_BOUND('',#1507,.T.);
#1964=FACE_BOUND('',#1508,.T.);
#1965=FACE_BOUND('',#1509,.T.);
#1966=FACE_BOUND('',#1510,.T.);
#1967=FACE_BOUND('',#1511,.T.);
#1968=FACE_BOUND('',#1512,.T.);
#1969=FACE_BOUND('',#1513,.T.);
#1970=FACE_BOUND('',#1514,.T.);
#1971=FACE_BOUND('',#1515,.T.);
#1972=FACE_BOUND('',#1516,.T.);
#1973=FACE_BOUND('',#1517,.T.);
#1974=FACE_BOUND('',#1518,.T.);
#1975=FACE_BOUND('',#1519,.T.);
#1976=FACE_BOUND('',#1520,.T.);
#1977=FACE_BOUND('',#1521,.T.);
#1978=FACE_BOUND('',#1522,.T.);
#1979=FACE_BOUND('',#1523,.T.);
#1980=FACE_BOUND('',#1524,.T.);
#1981=FACE_BOUND('',#1525,.T.);
#1982=FACE_BOUND('',#1526,.T.);
#1983=FACE_BOUND('',#1527,.T.);
#1984=FACE_BOUND('',#1528,.T.);
#1985=FACE_BOUND('',#1529,.T.);
#1986=FACE_BOUND('',#1530,.T.);
#1987=FACE_BOUND('',#1531,.T.);
#1988=FACE_BOUND('',#1532,.T.);
#1989=FACE_BOUND('',#1533,.T.);
#1990=FACE_BOUND('',#1534,.T.);
#1991=FACE_BOUND('',#1535,.T.);
#1992=FACE_BOUND('',#1536,.T.);
#1993=FACE_BOUND('',#1537,.T.);
#1994=FACE_BOUND('',#1538,.T.);
#1995=FACE_BOUND('',#1539,.T.);
#1996=FACE_BOUND('',#1540,.T.);
#1997=FACE_BOUND('',#1541,.T.);
#1998=FACE_BOUND('',#1542,.T.);
#1999=FACE_BOUND('',#1543,.T.);
#2000=FACE_BOUND('',#1544,.T.);
#2001=FACE_BOUND('',#1545,.T.);
#2002=FACE_BOUND('',#1546,.T.);
#2003=FACE_BOUND('',#1547,.T.);
#2004=FACE_BOUND('',#1548,.T.);
#2005=FACE_BOUND('',#1549,.T.);
#2006=FACE_BOUND('',#1550,.T.);
#2007=FACE_BOUND('',#1551,.T.);
#2008=FACE_BOUND('',#1552,.T.);
#2009=FACE_BOUND('',#1553,.T.);
#2010=FACE_BOUND('',#1554,.T.);
#2011=FACE_BOUND('',#1555,.T.);
#2012=FACE_BOUND('',#1556,.T.);
#2013=FACE_BOUND('',#1557,.T.);
#2014=FACE_BOUND('',#1558,.T.);
#2015=FACE_BOUND('',#1559,.T.);
#2016=FACE_BOUND('',#1560,.T.);
#2017=FACE_BOUND('',#1561,.T.);
#2018=FACE_BOUND('',#1562,.T.);
#2019=FACE_BOUND('',#1563,.T.);
#2020=FACE_BOUND('',#1564,.T.);
#2021=FACE_BOUND('',#1565,.T.);
#2022=FACE_BOUND('',#1566,.T.);
#2023=FACE_BOUND('',#1567,.T.);
#2024=FACE_BOUND('',#1568,.T.);
#2025=FACE_BOUND('',#1569,.T.);
#2026=FACE_BOUND('',#1570,.T.);
#2027=FACE_BOUND('',#1571,.T.);
#2028=FACE_BOUND('',#1572,.T.);
#2029=FACE_BOUND('',#1573,.T.);
#2030=FACE_BOUND('',#1574,.T.);
#2031=FACE_BOUND('',#1575,.T.);
#2032=FACE_BOUND('',#1576,.T.);
#2033=FACE_BOUND('',#1577,.T.);
#2034=FACE_BOUND('',#1578,.T.);
#2035=FACE_BOUND('',#1579,.T.);
#2036=FACE_BOUND('',#1580,.T.);
#2037=FACE_BOUND('',#1581,.T.);
#2038=FACE_BOUND('',#1582,.T.);
#2039=FACE_BOUND('',#1583,.T.);
#2040=FACE_BOUND('',#1584,.T.);
#2041=FACE_BOUND('',#1585,.T.);
#2042=FACE_BOUND('',#1586,.T.);
#2043=FACE_BOUND('',#1587,.T.);
#2044=FACE_BOUND('',#1588,.T.);
#2045=FACE_BOUND('',#1589,.T.);
#2046=FACE_BOUND('',#1590,.T.);
#2047=FACE_BOUND('',#1591,.T.);
#2048=FACE_BOUND('',#1592,.T.);
#2049=FACE_BOUND('',#1593,.T.);
#2050=FACE_BOUND('',#1594,.T.);
#2051=FACE_BOUND('',#1595,.T.);
#2052=FACE_BOUND('',#1596,.T.);
#2053=FACE_BOUND('',#1597,.T.);
#2054=FACE_BOUND('',#1598,.T.);
#2055=FACE_BOUND('',#1599,.T.);
#2056=FACE_BOUND('',#1600,.T.);
#2057=FACE_BOUND('',#1601,.T.);
#2058=FACE_BOUND('',#1602,.T.);
#2059=FACE_BOUND('',#1603,.T.);
#2060=FACE_BOUND('',#1604,.T.);
#2061=FACE_BOUND('',#1605,.T.);
#2062=FACE_BOUND('',#1606,.T.);
#2063=FACE_BOUND('',#1607,.T.);
#2064=FACE_BOUND('',#1608,.T.);
#2065=FACE_BOUND('',#1609,.T.);
#2066=FACE_BOUND('',#1610,.T.);
#2067=FACE_BOUND('',#1611,.T.);
#2068=FACE_BOUND('',#1612,.T.);
#2069=FACE_BOUND('',#1613,.T.);
#2070=FACE_BOUND('',#1614,.T.);
#2071=FACE_BOUND('',#1615,.T.);
#2072=FACE_BOUND('',#1616,.T.);
#2073=FACE_BOUND('',#1617,.T.);
#2074=FACE_BOUND('',#1618,.T.);
#2075=FACE_BOUND('',#1619,.T.);
#2076=FACE_BOUND('',#1620,.T.);
#2077=FACE_BOUND('',#1621,.T.);
#2078=FACE_BOUND('',#1622,.T.);
#2079=FACE_BOUND('',#1623,.T.);
#2080=FACE_BOUND('',#1624,.T.);
#2081=FACE_BOUND('',#1625,.T.);
#2082=FACE_BOUND('',#1626,.T.);
#2083=FACE_BOUND('',#1627,.T.);
#2084=FACE_BOUND('',#1628,.T.);
#2085=FACE_BOUND('',#1629,.T.);
#2086=FACE_BOUND('',#1630,.T.);
#2087=FACE_BOUND('',#1631,.T.);
#2088=FACE_BOUND('',#1632,.T.);
#2089=FACE_BOUND('',#1633,.T.);
#2090=FACE_BOUND('',#1634,.T.);
#2091=FACE_BOUND('',#1635,.T.);
#2092=FACE_BOUND('',#1636,.T.);
#2093=FACE_BOUND('',#1637,.T.);
#2094=FACE_BOUND('',#1638,.T.);
#2095=FACE_BOUND('',#1639,.T.);
#2096=FACE_BOUND('',#1640,.T.);
#2097=FACE_BOUND('',#1641,.T.);
#2098=FACE_BOUND('',#1642,.T.);
#2099=FACE_BOUND('',#1643,.T.);
#2100=FACE_BOUND('',#1644,.T.);
#2101=FACE_BOUND('',#1645,.T.);
#2102=FACE_BOUND('',#1646,.T.);
#2103=FACE_BOUND('',#1647,.T.);
#2104=FACE_BOUND('',#1648,.T.);
#2105=FACE_BOUND('',#1649,.T.);
#2106=FACE_BOUND('',#1650,.T.);
#2107=FACE_BOUND('',#1651,.T.);
#2108=FACE_BOUND('',#1652,.T.);
#2109=FACE_BOUND('',#1653,.T.);
#2110=FACE_BOUND('',#1654,.T.);
#2111=FACE_BOUND('',#1655,.T.);
#2112=FACE_BOUND('',#1656,.T.);
#2113=FACE_BOUND('',#1657,.T.);
#2114=FACE_BOUND('',#1658,.T.);
#2115=FACE_BOUND('',#1659,.T.);
#2116=FACE_BOUND('',#1660,.T.);
#2117=FACE_BOUND('',#1661,.T.);
#2118=FACE_BOUND('',#1662,.T.);
#2119=FACE_BOUND('',#1663,.T.);
#2120=FACE_BOUND('',#1664,.T.);
#2121=FACE_BOUND('',#1665,.T.);
#2122=FACE_BOUND('',#1666,.T.);
#2123=FACE_BOUND('',#1667,.T.);
#2124=FACE_BOUND('',#1668,.T.);
#2125=FACE_BOUND('',#1669,.T.);
#2126=FACE_BOUND('',#1670,.T.);
#2127=FACE_BOUND('',#1671,.T.);
#2128=FACE_BOUND('',#1672,.T.);
#2129=FACE_BOUND('',#1673,.T.);
#2130=FACE_BOUND('',#1674,.T.);
#2131=FACE_BOUND('',#1675,.T.);
#2132=FACE_BOUND('',#1676,.T.);
#2133=FACE_BOUND('',#1677,.T.);
#2134=FACE_BOUND('',#1678,.T.);
#2135=FACE_BOUND('',#1679,.T.);
#2136=FACE_BOUND('',#1680,.T.);
#2137=FACE_BOUND('',#1681,.T.);
#2138=FACE_BOUND('',#1682,.T.);
#2139=FACE_BOUND('',#1683,.T.);
#2140=FACE_BOUND('',#1684,.T.);
#2141=FACE_BOUND('',#1685,.T.);
#2142=FACE_BOUND('',#1686,.T.);
#2143=FACE_BOUND('',#1687,.T.);
#2144=FACE_BOUND('',#1688,.T.);
#2145=FACE_BOUND('',#1689,.T.);
#2146=FACE_BOUND('',#1690,.T.);
#2147=FACE_BOUND('',#1691,.T.);
#2148=FACE_BOUND('',#1692,.T.);
#2149=FACE_BOUND('',#1693,.T.);
#2150=FACE_BOUND('',#1694,.T.);
#2151=FACE_BOUND('',#1695,.T.);
#2152=FACE_BOUND('',#1696,.T.);
#2153=FACE_BOUND('',#1697,.T.);
#2154=FACE_BOUND('',#1698,.T.);
#2155=FACE_BOUND('',#1699,.T.);
#2156=FACE_BOUND('',#1700,.T.);
#2157=FACE_BOUND('',#1701,.T.);
#2158=FACE_BOUND('',#1702,.T.);
#2159=FACE_BOUND('',#1703,.T.);
#2160=FACE_BOUND('',#1704,.T.);
#2161=FACE_BOUND('',#1705,.T.);
#2162=FACE_BOUND('',#1706,.T.);
#2163=FACE_BOUND('',#1707,.T.);
#2164=FACE_BOUND('',#1708,.T.);
#2165=FACE_BOUND('',#1709,.T.);
#2166=FACE_BOUND('',#1710,.T.);
#2167=FACE_BOUND('',#1711,.T.);
#2168=FACE_BOUND('',#1712,.T.);
#2169=FACE_BOUND('',#1713,.T.);
#2170=FACE_BOUND('',#1714,.T.);
#2171=FACE_BOUND('',#1715,.T.);
#2172=FACE_BOUND('',#1716,.T.);
#2173=FACE_BOUND('',#1717,.T.);
#2174=FACE_BOUND('',#1718,.T.);
#2175=FACE_BOUND('',#1719,.T.);
#2176=FACE_BOUND('',#1720,.T.);
#2177=FACE_BOUND('',#1721,.T.);
#2178=FACE_BOUND('',#1722,.T.);
#2179=FACE_BOUND('',#1723,.T.);
#2180=FACE_BOUND('',#1724,.T.);
#2181=FACE_BOUND('',#1725,.T.);
#2182=FACE_BOUND('',#1726,.T.);
#2183=FACE_BOUND('',#1727,.T.);
#2184=FACE_BOUND('',#1728,.T.);
#2185=FACE_BOUND('',#1729,.T.);
#2186=FACE_BOUND('',#1730,.T.);
#2187=FACE_BOUND('',#1731,.T.);
#2188=FACE_BOUND('',#1732,.T.);
#2189=FACE_BOUND('',#1733,.T.);
#2190=FACE_BOUND('',#1734,.T.);
#2191=FACE_BOUND('',#1735,.T.);
#2192=FACE_BOUND('',#1736,.T.);
#2193=FACE_BOUND('',#1737,.T.);
#2194=FACE_BOUND('',#1738,.T.);
#2195=FACE_BOUND('',#1739,.T.);
#2196=FACE_BOUND('',#1740,.T.);
#2197=FACE_BOUND('',#1741,.T.);
#2198=FACE_BOUND('',#1742,.T.);
#2199=FACE_BOUND('',#1743,.T.);
#2200=FACE_BOUND('',#1744,.T.);
#2201=FACE_BOUND('',#1745,.T.);
#2202=FACE_BOUND('',#1746,.T.);
#2203=FACE_BOUND('',#1747,.T.);
#2204=FACE_BOUND('',#1748,.T.);
#2205=FACE_BOUND('',#1749,.T.);
#2206=FACE_BOUND('',#1750,.T.);
#2207=FACE_BOUND('',#1751,.T.);
#2208=FACE_BOUND('',#1752,.T.);
#2209=FACE_BOUND('',#1753,.T.);
#2210=FACE_BOUND('',#1754,.T.);
#2211=FACE_BOUND('',#1755,.T.);
#2212=FACE_BOUND('',#1756,.T.);
#2213=FACE_BOUND('',#1757,.T.);
#2214=FACE_BOUND('',#1758,.T.);
#2215=FACE_BOUND('',#1759,.T.);
#2216=FACE_BOUND('',#1760,.T.);
#2217=FACE_BOUND('',#1761,.T.);
#2218=FACE_BOUND('',#1762,.T.);
#2219=FACE_BOUND('',#1763,.T.);
#2220=FACE_BOUND('',#1764,.T.);
#2221=FACE_BOUND('',#1765,.T.);
#2222=FACE_BOUND('',#1766,.T.);
#2223=FACE_BOUND('',#1767,.T.);
#2224=FACE_BOUND('',#1768,.T.);
#2225=FACE_BOUND('',#1769,.T.);
#2226=FACE_BOUND('',#1770,.T.);
#2227=FACE_BOUND('',#1771,.T.);
#2228=FACE_BOUND('',#1772,.T.);
#2229=FACE_BOUND('',#1773,.T.);
#2230=FACE_BOUND('',#1774,.T.);
#2231=FACE_BOUND('',#1775,.T.);
#2232=FACE_BOUND('',#1776,.T.);
#2233=FACE_BOUND('',#1777,.T.);
#2234=FACE_BOUND('',#1778,.T.);
#2235=FACE_BOUND('',#1779,.T.);
#2236=FACE_BOUND('',#1780,.T.);
#2237=FACE_BOUND('',#1781,.T.);
#2238=FACE_BOUND('',#1782,.T.);
#2239=FACE_BOUND('',#1783,.T.);
#2240=FACE_BOUND('',#1784,.T.);
#2241=FACE_BOUND('',#1785,.T.);
#2242=FACE_BOUND('',#1786,.T.);
#2243=FACE_BOUND('',#1787,.T.);
#2244=FACE_BOUND('',#1788,.T.);
#2245=FACE_BOUND('',#1789,.T.);
#2246=FACE_BOUND('',#1790,.T.);
#2247=FACE_BOUND('',#1791,.T.);
#2248=FACE_BOUND('',#1792,.T.);
#2249=FACE_BOUND('',#1793,.T.);
#2250=FACE_BOUND('',#1794,.T.);
#2251=FACE_BOUND('',#1795,.T.);
#2252=FACE_BOUND('',#1796,.T.);
#2253=FACE_BOUND('',#1797,.T.);
#2254=FACE_BOUND('',#1798,.T.);
#2255=FACE_BOUND('',#1799,.T.);
#2256=FACE_BOUND('',#1800,.T.);
#2257=FACE_BOUND('',#1801,.T.);
#2258=FACE_BOUND('',#1802,.T.);
#2259=FACE_BOUND('',#1803,.T.);
#2260=FACE_BOUND('',#1804,.T.);
#2261=FACE_BOUND('',#1805,.T.);
#2262=FACE_BOUND('',#1806,.T.);
#2263=FACE_BOUND('',#1807,.T.);
#2264=FACE_BOUND('',#1808,.T.);
#2265=FACE_BOUND('',#1809,.T.);
#2266=FACE_BOUND('',#1810,.T.);
#2267=FACE_BOUND('',#1811,.T.);
#2268=FACE_BOUND('',#1812,.T.);
#2269=FACE_BOUND('',#1813,.T.);
#2270=FACE_BOUND('',#1814,.T.);
#2271=FACE_BOUND('',#1815,.T.);
#2272=FACE_BOUND('',#1816,.T.);
#2273=FACE_BOUND('',#1817,.T.);
#2274=FACE_BOUND('',#1818,.T.);
#2275=FACE_BOUND('',#1819,.T.);
#2276=FACE_BOUND('',#1820,.T.);
#2277=FACE_BOUND('',#1821,.T.);
#2278=FACE_BOUND('',#1822,.T.);
#2279=FACE_BOUND('',#1823,.T.);
#2280=FACE_BOUND('',#1824,.T.);
#2281=FACE_BOUND('',#1825,.T.);
#2282=FACE_BOUND('',#1826,.T.);
#2283=FACE_BOUND('',#1827,.T.);
#2284=FACE_BOUND('',#1828,.T.);
#2285=FACE_BOUND('',#1829,.T.);
#2286=FACE_BOUND('',#1830,.T.);
#2287=FACE_BOUND('',#1831,.T.);
#2288=FACE_BOUND('',#1832,.T.);
#2289=FACE_BOUND('',#1833,.T.);
#2290=FACE_BOUND('',#1834,.T.);
#2291=FACE_BOUND('',#1835,.T.);
#2292=FACE_BOUND('',#1836,.T.);
#2293=FACE_BOUND('',#1837,.T.);
#2294=FACE_BOUND('',#1838,.T.);
#2295=FACE_BOUND('',#1839,.T.);
#2296=FACE_BOUND('',#1840,.T.);
#2297=FACE_BOUND('',#1841,.T.);
#2298=FACE_BOUND('',#1842,.T.);
#2299=FACE_BOUND('',#1843,.T.);
#2300=FACE_BOUND('',#1844,.T.);
#2301=FACE_BOUND('',#1845,.T.);
#2302=FACE_BOUND('',#1846,.T.);
#2303=FACE_BOUND('',#1847,.T.);
#2304=FACE_BOUND('',#1848,.T.);
#2305=FACE_BOUND('',#1849,.T.);
#2306=FACE_BOUND('',#1850,.T.);
#2307=FACE_BOUND('',#1851,.T.);
#2308=FACE_BOUND('',#1852,.T.);
#2309=FACE_BOUND('',#1853,.T.);
#2310=FACE_BOUND('',#1854,.T.);
#2311=FACE_BOUND('',#1855,.T.);
#2312=FACE_BOUND('',#1856,.T.);
#2313=FACE_BOUND('',#1857,.T.);
#2314=FACE_BOUND('',#1858,.T.);
#2315=FACE_BOUND('',#1859,.T.);
#2316=FACE_BOUND('',#1860,.T.);
#2317=FACE_BOUND('',#1861,.T.);
#2318=FACE_BOUND('',#1862,.T.);
#2319=FACE_BOUND('',#1863,.T.);
#2320=FACE_BOUND('',#1864,.T.);
#2321=FACE_BOUND('',#1865,.T.);
#2322=FACE_BOUND('',#1866,.T.);
#2323=FACE_BOUND('',#1867,.T.);
#2324=FACE_BOUND('',#1868,.T.);
#2325=FACE_BOUND('',#1869,.T.);
#2326=FACE_BOUND('',#1870,.T.);
#2327=FACE_BOUND('',#1871,.T.);
#2328=FACE_BOUND('',#1872,.T.);
#2329=FACE_BOUND('',#1873,.T.);
#2330=FACE_BOUND('',#1874,.T.);
#2331=FACE_BOUND('',#1875,.T.);
#2332=FACE_BOUND('',#1876,.T.);
#2333=FACE_BOUND('',#1877,.T.);
#2334=FACE_BOUND('',#1878,.T.);
#2335=FACE_BOUND('',#1879,.T.);
#2336=FACE_BOUND('',#1880,.T.);
#2337=FACE_BOUND('',#1881,.T.);
#2338=FACE_BOUND('',#1882,.T.);
#2339=FACE_BOUND('',#1883,.T.);
#2340=FACE_BOUND('',#1884,.T.);
#2341=FACE_BOUND('',#1885,.T.);
#2342=FACE_BOUND('',#1886,.T.);
#2343=FACE_BOUND('',#1887,.T.);
#2344=FACE_BOUND('',#1888,.T.);
#2345=FACE_BOUND('',#1889,.T.);
#2346=FACE_BOUND('',#1890,.T.);
#2347=FACE_BOUND('',#1891,.T.);
#2348=FACE_BOUND('',#1892,.T.);
#2349=FACE_BOUND('',#1893,.T.);
#2350=FACE_BOUND('',#1894,.T.);
#2351=FACE_BOUND('',#1895,.T.);
#2352=FACE_BOUND('',#1896,.T.);
#2353=FACE_BOUND('',#1897,.T.);
#2354=FACE_BOUND('',#1898,.T.);
#2355=FACE_BOUND('',#1899,.T.);
#2356=FACE_BOUND('',#1900,.T.);
#2357=FACE_BOUND('',#1901,.T.);
#2358=FACE_BOUND('',#1902,.T.);
#2359=FACE_BOUND('',#1903,.T.);
#2360=FACE_BOUND('',#1904,.T.);
#2361=FACE_BOUND('',#1905,.T.);
#2362=FACE_BOUND('',#1906,.T.);
#2363=FACE_BOUND('',#1907,.T.);
#2364=FACE_BOUND('',#1908,.T.);
#2365=FACE_BOUND('',#1909,.T.);
#2366=FACE_BOUND('',#1910,.T.);
#2367=FACE_BOUND('',#1911,.T.);
#2368=FACE_BOUND('',#1912,.T.);
#2369=FACE_BOUND('',#1913,.T.);
#2370=FACE_BOUND('',#1914,.T.);
#2371=FACE_BOUND('',#1915,.T.);
#2372=FACE_BOUND('',#1916,.T.);
#2373=FACE_BOUND('',#1917,.T.);
#2374=FACE_BOUND('',#1918,.T.);
#2375=FACE_BOUND('',#1919,.T.);
#2376=FACE_BOUND('',#1920,.T.);
#2377=FACE_BOUND('',#1921,.T.);
#2378=FACE_BOUND('',#1922,.T.);
#2379=FACE_BOUND('',#1923,.T.);
#2380=FACE_BOUND('',#1924,.T.);
#2381=FACE_BOUND('',#1925,.T.);
#2382=FACE_BOUND('',#1926,.T.);
#2383=FACE_BOUND('',#1927,.T.);
#2384=FACE_BOUND('',#1928,.T.);
#2385=FACE_BOUND('',#1929,.T.);
#2386=PLANE('',#2820);
#2387=PLANE('',#2832);
#2388=PLANE('',#2840);
#2389=PLANE('',#2848);
#2390=PLANE('',#2854);
#2391=PLANE('',#2856);
#2392=PLANE('',#2868);
#2393=PLANE('',#2876);
#2394=PLANE('',#2884);
#2395=PLANE('',#2890);
#2396=PLANE('',#2892);
#2397=PLANE('',#2904);
#2398=PLANE('',#2912);
#2399=PLANE('',#2920);
#2400=PLANE('',#2926);
#2401=PLANE('',#2928);
#2402=PLANE('',#2940);
#2403=PLANE('',#2948);
#2404=PLANE('',#2956);
#2405=PLANE('',#2962);
#2406=PLANE('',#2964);
#2407=PLANE('',#2976);
#2408=PLANE('',#2984);
#2409=PLANE('',#2992);
#2410=PLANE('',#2998);
#2411=PLANE('',#3000);
#2412=PLANE('',#3012);
#2413=PLANE('',#3020);
#2414=PLANE('',#3028);
#2415=PLANE('',#3034);
#2416=PLANE('',#3036);
#2417=PLANE('',#3048);
#2418=PLANE('',#3056);
#2419=PLANE('',#3064);
#2420=PLANE('',#3070);
#2421=PLANE('',#3072);
#2422=PLANE('',#3084);
#2423=PLANE('',#3092);
#2424=PLANE('',#3100);
#2425=PLANE('',#3106);
#2426=PLANE('',#3108);
#2427=PLANE('',#3120);
#2428=PLANE('',#3128);
#2429=PLANE('',#3136);
#2430=PLANE('',#3142);
#2431=PLANE('',#3144);
#2432=PLANE('',#3156);
#2433=PLANE('',#3164);
#2434=PLANE('',#3172);
#2435=PLANE('',#3178);
#2436=PLANE('',#3180);
#2437=PLANE('',#3192);
#2438=PLANE('',#3200);
#2439=PLANE('',#3208);
#2440=PLANE('',#3214);
#2441=PLANE('',#3216);
#2442=PLANE('',#3228);
#2443=PLANE('',#3236);
#2444=PLANE('',#3244);
#2445=PLANE('',#3250);
#2446=ADVANCED_FACE('',(#1930),#2386,.T.);
#2447=ADVANCED_FACE('',(#1931,#1932),#382,.T.);
#2448=ADVANCED_FACE('',(#1933,#1934),#298,.T.);
#2449=ADVANCED_FACE('',(#1935,#1936),#58,.F.);
#2450=ADVANCED_FACE('',(#1937,#1938),#34,.T.);
#2451=ADVANCED_FACE('',(#1939,#1940),#59,.T.);
#2452=ADVANCED_FACE('',(#1941,#1942),#299,.T.);
#2453=ADVANCED_FACE('',(#1943,#1944),#2387,.T.);
#2454=ADVANCED_FACE('',(#1945,#1946),#60,.T.);
#2455=ADVANCED_FACE('',(#1947,#1948),#300,.T.);
#2456=ADVANCED_FACE('',(#1949,#1950),#61,.T.);
#2457=ADVANCED_FACE('',(#1951,#1952),#2388,.F.);
#2458=ADVANCED_FACE('',(#1953,#1954),#62,.F.);
#2459=ADVANCED_FACE('',(#1955,#1956,#1957),#301,.T.);
#2460=ADVANCED_FACE('',(#1958,#1959),#302,.F.);
#2461=ADVANCED_FACE('',(#1960),#303,.T.);
#2462=ADVANCED_FACE('',(#1961,#1962),#2389,.F.);
#2463=ADVANCED_FACE('',(#1963,#1964),#35,.F.);
#2464=ADVANCED_FACE('',(#1965,#1966),#304,.F.);
#2465=ADVANCED_FACE('',(#1967),#2390,.T.);
#2466=ADVANCED_FACE('',(#1968),#2391,.T.);
#2467=ADVANCED_FACE('',(#1969,#1970),#383,.T.);
#2468=ADVANCED_FACE('',(#1971,#1972),#305,.T.);
#2469=ADVANCED_FACE('',(#1973,#1974),#63,.F.);
#2470=ADVANCED_FACE('',(#1975,#1976),#36,.T.);
#2471=ADVANCED_FACE('',(#1977,#1978),#64,.T.);
#2472=ADVANCED_FACE('',(#1979,#1980),#306,.T.);
#2473=ADVANCED_FACE('',(#1981,#1982),#2392,.T.);
#2474=ADVANCED_FACE('',(#1983,#1984),#65,.T.);
#2475=ADVANCED_FACE('',(#1985,#1986),#307,.T.);
#2476=ADVANCED_FACE('',(#1987,#1988),#66,.T.);
#2477=ADVANCED_FACE('',(#1989,#1990),#2393,.F.);
#2478=ADVANCED_FACE('',(#1991,#1992),#67,.F.);
#2479=ADVANCED_FACE('',(#1993,#1994,#1995),#308,.T.);
#2480=ADVANCED_FACE('',(#1996,#1997),#309,.F.);
#2481=ADVANCED_FACE('',(#1998),#310,.T.);
#2482=ADVANCED_FACE('',(#1999,#2000),#2394,.F.);
#2483=ADVANCED_FACE('',(#2001,#2002),#37,.F.);
#2484=ADVANCED_FACE('',(#2003,#2004),#311,.F.);
#2485=ADVANCED_FACE('',(#2005),#2395,.T.);
#2486=ADVANCED_FACE('',(#2006),#2396,.T.);
#2487=ADVANCED_FACE('',(#2007,#2008),#384,.T.);
#2488=ADVANCED_FACE('',(#2009,#2010),#312,.T.);
#2489=ADVANCED_FACE('',(#2011,#2012),#68,.F.);
#2490=ADVANCED_FACE('',(#2013,#2014),#38,.T.);
#2491=ADVANCED_FACE('',(#2015,#2016),#69,.T.);
#2492=ADVANCED_FACE('',(#2017,#2018),#313,.T.);
#2493=ADVANCED_FACE('',(#2019,#2020),#2397,.T.);
#2494=ADVANCED_FACE('',(#2021,#2022),#70,.T.);
#2495=ADVANCED_FACE('',(#2023,#2024),#314,.T.);
#2496=ADVANCED_FACE('',(#2025,#2026),#71,.T.);
#2497=ADVANCED_FACE('',(#2027,#2028),#2398,.F.);
#2498=ADVANCED_FACE('',(#2029,#2030),#72,.F.);
#2499=ADVANCED_FACE('',(#2031,#2032,#2033),#315,.T.);
#2500=ADVANCED_FACE('',(#2034,#2035),#316,.F.);
#2501=ADVANCED_FACE('',(#2036),#317,.T.);
#2502=ADVANCED_FACE('',(#2037,#2038),#2399,.F.);
#2503=ADVANCED_FACE('',(#2039,#2040),#39,.F.);
#2504=ADVANCED_FACE('',(#2041,#2042),#318,.F.);
#2505=ADVANCED_FACE('',(#2043),#2400,.T.);
#2506=ADVANCED_FACE('',(#2044),#2401,.T.);
#2507=ADVANCED_FACE('',(#2045,#2046),#385,.T.);
#2508=ADVANCED_FACE('',(#2047,#2048),#319,.T.);
#2509=ADVANCED_FACE('',(#2049,#2050),#73,.F.);
#2510=ADVANCED_FACE('',(#2051,#2052),#40,.T.);
#2511=ADVANCED_FACE('',(#2053,#2054),#74,.T.);
#2512=ADVANCED_FACE('',(#2055,#2056),#320,.T.);
#2513=ADVANCED_FACE('',(#2057,#2058),#2402,.T.);
#2514=ADVANCED_FACE('',(#2059,#2060),#75,.T.);
#2515=ADVANCED_FACE('',(#2061,#2062),#321,.T.);
#2516=ADVANCED_FACE('',(#2063,#2064),#76,.T.);
#2517=ADVANCED_FACE('',(#2065,#2066),#2403,.F.);
#2518=ADVANCED_FACE('',(#2067,#2068),#77,.F.);
#2519=ADVANCED_FACE('',(#2069,#2070,#2071),#322,.T.);
#2520=ADVANCED_FACE('',(#2072,#2073),#323,.F.);
#2521=ADVANCED_FACE('',(#2074),#324,.T.);
#2522=ADVANCED_FACE('',(#2075,#2076),#2404,.F.);
#2523=ADVANCED_FACE('',(#2077,#2078),#41,.F.);
#2524=ADVANCED_FACE('',(#2079,#2080),#325,.F.);
#2525=ADVANCED_FACE('',(#2081),#2405,.T.);
#2526=ADVANCED_FACE('',(#2082),#2406,.T.);
#2527=ADVANCED_FACE('',(#2083,#2084),#386,.T.);
#2528=ADVANCED_FACE('',(#2085,#2086),#326,.T.);
#2529=ADVANCED_FACE('',(#2087,#2088),#78,.F.);
#2530=ADVANCED_FACE('',(#2089,#2090),#42,.T.);
#2531=ADVANCED_FACE('',(#2091,#2092),#79,.T.);
#2532=ADVANCED_FACE('',(#2093,#2094),#327,.T.);
#2533=ADVANCED_FACE('',(#2095,#2096),#2407,.T.);
#2534=ADVANCED_FACE('',(#2097,#2098),#80,.T.);
#2535=ADVANCED_FACE('',(#2099,#2100),#328,.T.);
#2536=ADVANCED_FACE('',(#2101,#2102),#81,.T.);
#2537=ADVANCED_FACE('',(#2103,#2104),#2408,.F.);
#2538=ADVANCED_FACE('',(#2105,#2106),#82,.F.);
#2539=ADVANCED_FACE('',(#2107,#2108,#2109),#329,.T.);
#2540=ADVANCED_FACE('',(#2110,#2111),#330,.F.);
#2541=ADVANCED_FACE('',(#2112),#331,.T.);
#2542=ADVANCED_FACE('',(#2113,#2114),#2409,.F.);
#2543=ADVANCED_FACE('',(#2115,#2116),#43,.F.);
#2544=ADVANCED_FACE('',(#2117,#2118),#332,.F.);
#2545=ADVANCED_FACE('',(#2119),#2410,.T.);
#2546=ADVANCED_FACE('',(#2120),#2411,.T.);
#2547=ADVANCED_FACE('',(#2121,#2122),#387,.T.);
#2548=ADVANCED_FACE('',(#2123,#2124),#333,.T.);
#2549=ADVANCED_FACE('',(#2125,#2126),#83,.F.);
#2550=ADVANCED_FACE('',(#2127,#2128),#44,.T.);
#2551=ADVANCED_FACE('',(#2129,#2130),#84,.T.);
#2552=ADVANCED_FACE('',(#2131,#2132),#334,.T.);
#2553=ADVANCED_FACE('',(#2133,#2134),#2412,.T.);
#2554=ADVANCED_FACE('',(#2135,#2136),#85,.T.);
#2555=ADVANCED_FACE('',(#2137,#2138),#335,.T.);
#2556=ADVANCED_FACE('',(#2139,#2140),#86,.T.);
#2557=ADVANCED_FACE('',(#2141,#2142),#2413,.F.);
#2558=ADVANCED_FACE('',(#2143,#2144),#87,.F.);
#2559=ADVANCED_FACE('',(#2145,#2146,#2147),#336,.T.);
#2560=ADVANCED_FACE('',(#2148,#2149),#337,.F.);
#2561=ADVANCED_FACE('',(#2150),#338,.T.);
#2562=ADVANCED_FACE('',(#2151,#2152),#2414,.F.);
#2563=ADVANCED_FACE('',(#2153,#2154),#45,.F.);
#2564=ADVANCED_FACE('',(#2155,#2156),#339,.F.);
#2565=ADVANCED_FACE('',(#2157),#2415,.T.);
#2566=ADVANCED_FACE('',(#2158),#2416,.T.);
#2567=ADVANCED_FACE('',(#2159,#2160),#388,.T.);
#2568=ADVANCED_FACE('',(#2161,#2162),#340,.T.);
#2569=ADVANCED_FACE('',(#2163,#2164),#88,.F.);
#2570=ADVANCED_FACE('',(#2165,#2166),#46,.T.);
#2571=ADVANCED_FACE('',(#2167,#2168),#89,.T.);
#2572=ADVANCED_FACE('',(#2169,#2170),#341,.T.);
#2573=ADVANCED_FACE('',(#2171,#2172),#2417,.T.);
#2574=ADVANCED_FACE('',(#2173,#2174),#90,.T.);
#2575=ADVANCED_FACE('',(#2175,#2176),#342,.T.);
#2576=ADVANCED_FACE('',(#2177,#2178),#91,.T.);
#2577=ADVANCED_FACE('',(#2179,#2180),#2418,.F.);
#2578=ADVANCED_FACE('',(#2181,#2182),#92,.F.);
#2579=ADVANCED_FACE('',(#2183,#2184,#2185),#343,.T.);
#2580=ADVANCED_FACE('',(#2186,#2187),#344,.F.);
#2581=ADVANCED_FACE('',(#2188),#345,.T.);
#2582=ADVANCED_FACE('',(#2189,#2190),#2419,.F.);
#2583=ADVANCED_FACE('',(#2191,#2192),#47,.F.);
#2584=ADVANCED_FACE('',(#2193,#2194),#346,.F.);
#2585=ADVANCED_FACE('',(#2195),#2420,.T.);
#2586=ADVANCED_FACE('',(#2196),#2421,.T.);
#2587=ADVANCED_FACE('',(#2197,#2198),#389,.T.);
#2588=ADVANCED_FACE('',(#2199,#2200),#347,.T.);
#2589=ADVANCED_FACE('',(#2201,#2202),#93,.F.);
#2590=ADVANCED_FACE('',(#2203,#2204),#48,.T.);
#2591=ADVANCED_FACE('',(#2205,#2206),#94,.T.);
#2592=ADVANCED_FACE('',(#2207,#2208),#348,.T.);
#2593=ADVANCED_FACE('',(#2209,#2210),#2422,.T.);
#2594=ADVANCED_FACE('',(#2211,#2212),#95,.T.);
#2595=ADVANCED_FACE('',(#2213,#2214),#349,.T.);
#2596=ADVANCED_FACE('',(#2215,#2216),#96,.T.);
#2597=ADVANCED_FACE('',(#2217,#2218),#2423,.F.);
#2598=ADVANCED_FACE('',(#2219,#2220),#97,.F.);
#2599=ADVANCED_FACE('',(#2221,#2222,#2223),#350,.T.);
#2600=ADVANCED_FACE('',(#2224,#2225),#351,.F.);
#2601=ADVANCED_FACE('',(#2226),#352,.T.);
#2602=ADVANCED_FACE('',(#2227,#2228),#2424,.F.);
#2603=ADVANCED_FACE('',(#2229,#2230),#49,.F.);
#2604=ADVANCED_FACE('',(#2231,#2232),#353,.F.);
#2605=ADVANCED_FACE('',(#2233),#2425,.T.);
#2606=ADVANCED_FACE('',(#2234),#2426,.T.);
#2607=ADVANCED_FACE('',(#2235,#2236),#390,.T.);
#2608=ADVANCED_FACE('',(#2237,#2238),#354,.T.);
#2609=ADVANCED_FACE('',(#2239,#2240),#98,.F.);
#2610=ADVANCED_FACE('',(#2241,#2242),#50,.T.);
#2611=ADVANCED_FACE('',(#2243,#2244),#99,.T.);
#2612=ADVANCED_FACE('',(#2245,#2246),#355,.T.);
#2613=ADVANCED_FACE('',(#2247,#2248),#2427,.T.);
#2614=ADVANCED_FACE('',(#2249,#2250),#100,.T.);
#2615=ADVANCED_FACE('',(#2251,#2252),#356,.T.);
#2616=ADVANCED_FACE('',(#2253,#2254),#101,.T.);
#2617=ADVANCED_FACE('',(#2255,#2256),#2428,.F.);
#2618=ADVANCED_FACE('',(#2257,#2258),#102,.F.);
#2619=ADVANCED_FACE('',(#2259,#2260,#2261),#357,.T.);
#2620=ADVANCED_FACE('',(#2262,#2263),#358,.F.);
#2621=ADVANCED_FACE('',(#2264),#359,.T.);
#2622=ADVANCED_FACE('',(#2265,#2266),#2429,.F.);
#2623=ADVANCED_FACE('',(#2267,#2268),#51,.F.);
#2624=ADVANCED_FACE('',(#2269,#2270),#360,.F.);
#2625=ADVANCED_FACE('',(#2271),#2430,.T.);
#2626=ADVANCED_FACE('',(#2272),#2431,.T.);
#2627=ADVANCED_FACE('',(#2273,#2274),#391,.T.);
#2628=ADVANCED_FACE('',(#2275,#2276),#361,.T.);
#2629=ADVANCED_FACE('',(#2277,#2278),#103,.F.);
#2630=ADVANCED_FACE('',(#2279,#2280),#52,.T.);
#2631=ADVANCED_FACE('',(#2281,#2282),#104,.T.);
#2632=ADVANCED_FACE('',(#2283,#2284),#362,.T.);
#2633=ADVANCED_FACE('',(#2285,#2286),#2432,.T.);
#2634=ADVANCED_FACE('',(#2287,#2288),#105,.T.);
#2635=ADVANCED_FACE('',(#2289,#2290),#363,.T.);
#2636=ADVANCED_FACE('',(#2291,#2292),#106,.T.);
#2637=ADVANCED_FACE('',(#2293,#2294),#2433,.F.);
#2638=ADVANCED_FACE('',(#2295,#2296),#107,.F.);
#2639=ADVANCED_FACE('',(#2297,#2298,#2299),#364,.T.);
#2640=ADVANCED_FACE('',(#2300,#2301),#365,.F.);
#2641=ADVANCED_FACE('',(#2302),#366,.T.);
#2642=ADVANCED_FACE('',(#2303,#2304),#2434,.F.);
#2643=ADVANCED_FACE('',(#2305,#2306),#53,.F.);
#2644=ADVANCED_FACE('',(#2307,#2308),#367,.F.);
#2645=ADVANCED_FACE('',(#2309),#2435,.T.);
#2646=ADVANCED_FACE('',(#2310),#2436,.T.);
#2647=ADVANCED_FACE('',(#2311,#2312),#392,.T.);
#2648=ADVANCED_FACE('',(#2313,#2314),#368,.T.);
#2649=ADVANCED_FACE('',(#2315,#2316),#108,.F.);
#2650=ADVANCED_FACE('',(#2317,#2318),#54,.T.);
#2651=ADVANCED_FACE('',(#2319,#2320),#109,.T.);
#2652=ADVANCED_FACE('',(#2321,#2322),#369,.T.);
#2653=ADVANCED_FACE('',(#2323,#2324),#2437,.T.);
#2654=ADVANCED_FACE('',(#2325,#2326),#110,.T.);
#2655=ADVANCED_FACE('',(#2327,#2328),#370,.T.);
#2656=ADVANCED_FACE('',(#2329,#2330),#111,.T.);
#2657=ADVANCED_FACE('',(#2331,#2332),#2438,.F.);
#2658=ADVANCED_FACE('',(#2333,#2334),#112,.F.);
#2659=ADVANCED_FACE('',(#2335,#2336,#2337),#371,.T.);
#2660=ADVANCED_FACE('',(#2338,#2339),#372,.F.);
#2661=ADVANCED_FACE('',(#2340),#373,.T.);
#2662=ADVANCED_FACE('',(#2341,#2342),#2439,.F.);
#2663=ADVANCED_FACE('',(#2343,#2344),#55,.F.);
#2664=ADVANCED_FACE('',(#2345,#2346),#374,.F.);
#2665=ADVANCED_FACE('',(#2347),#2440,.T.);
#2666=ADVANCED_FACE('',(#2348),#2441,.T.);
#2667=ADVANCED_FACE('',(#2349,#2350),#393,.T.);
#2668=ADVANCED_FACE('',(#2351,#2352),#375,.T.);
#2669=ADVANCED_FACE('',(#2353,#2354),#113,.F.);
#2670=ADVANCED_FACE('',(#2355,#2356),#56,.T.);
#2671=ADVANCED_FACE('',(#2357,#2358),#114,.T.);
#2672=ADVANCED_FACE('',(#2359,#2360),#376,.T.);
#2673=ADVANCED_FACE('',(#2361,#2362),#2442,.T.);
#2674=ADVANCED_FACE('',(#2363,#2364),#115,.T.);
#2675=ADVANCED_FACE('',(#2365,#2366),#377,.T.);
#2676=ADVANCED_FACE('',(#2367,#2368),#116,.T.);
#2677=ADVANCED_FACE('',(#2369,#2370),#2443,.F.);
#2678=ADVANCED_FACE('',(#2371,#2372),#117,.F.);
#2679=ADVANCED_FACE('',(#2373,#2374,#2375),#378,.T.);
#2680=ADVANCED_FACE('',(#2376,#2377),#379,.F.);
#2681=ADVANCED_FACE('',(#2378),#380,.T.);
#2682=ADVANCED_FACE('',(#2379,#2380),#2444,.F.);
#2683=ADVANCED_FACE('',(#2381,#2382),#57,.F.);
#2684=ADVANCED_FACE('',(#2383,#2384),#381,.F.);
#2685=ADVANCED_FACE('',(#2385),#2445,.T.);
#2686=CLOSED_SHELL('',(#2446,#2447,#2448,#2449,#2450,#2451,#2452,#2453,
#2454,#2455,#2456,#2457,#2458,#2459,#2460,#2461,#2462,#2463,#2464,#2465));
#2687=CLOSED_SHELL('',(#2466,#2467,#2468,#2469,#2470,#2471,#2472,#2473,
#2474,#2475,#2476,#2477,#2478,#2479,#2480,#2481,#2482,#2483,#2484,#2485));
#2688=CLOSED_SHELL('',(#2486,#2487,#2488,#2489,#2490,#2491,#2492,#2493,
#2494,#2495,#2496,#2497,#2498,#2499,#2500,#2501,#2502,#2503,#2504,#2505));
#2689=CLOSED_SHELL('',(#2506,#2507,#2508,#2509,#2510,#2511,#2512,#2513,
#2514,#2515,#2516,#2517,#2518,#2519,#2520,#2521,#2522,#2523,#2524,#2525));
#2690=CLOSED_SHELL('',(#2526,#2527,#2528,#2529,#2530,#2531,#2532,#2533,
#2534,#2535,#2536,#2537,#2538,#2539,#2540,#2541,#2542,#2543,#2544,#2545));
#2691=CLOSED_SHELL('',(#2546,#2547,#2548,#2549,#2550,#2551,#2552,#2553,
#2554,#2555,#2556,#2557,#2558,#2559,#2560,#2561,#2562,#2563,#2564,#2565));
#2692=CLOSED_SHELL('',(#2566,#2567,#2568,#2569,#2570,#2571,#2572,#2573,
#2574,#2575,#2576,#2577,#2578,#2579,#2580,#2581,#2582,#2583,#2584,#2585));
#2693=CLOSED_SHELL('',(#2586,#2587,#2588,#2589,#2590,#2591,#2592,#2593,
#2594,#2595,#2596,#2597,#2598,#2599,#2600,#2601,#2602,#2603,#2604,#2605));
#2694=CLOSED_SHELL('',(#2606,#2607,#2608,#2609,#2610,#2611,#2612,#2613,
#2614,#2615,#2616,#2617,#2618,#2619,#2620,#2621,#2622,#2623,#2624,#2625));
#2695=CLOSED_SHELL('',(#2626,#2627,#2628,#2629,#2630,#2631,#2632,#2633,
#2634,#2635,#2636,#2637,#2638,#2639,#2640,#2641,#2642,#2643,#2644,#2645));
#2696=CLOSED_SHELL('',(#2646,#2647,#2648,#2649,#2650,#2651,#2652,#2653,
#2654,#2655,#2656,#2657,#2658,#2659,#2660,#2661,#2662,#2663,#2664,#2665));
#2697=CLOSED_SHELL('',(#2666,#2667,#2668,#2669,#2670,#2671,#2672,#2673,
#2674,#2675,#2676,#2677,#2678,#2679,#2680,#2681,#2682,#2683,#2684,#2685));
#2698=STYLED_ITEM('',(#2710),#2783);
#2699=STYLED_ITEM('',(#2711),#2784);
#2700=STYLED_ITEM('',(#2712),#2785);
#2701=STYLED_ITEM('',(#2713),#2786);
#2702=STYLED_ITEM('',(#2714),#2787);
#2703=STYLED_ITEM('',(#2715),#2788);
#2704=STYLED_ITEM('',(#2716),#2789);
#2705=STYLED_ITEM('',(#2717),#2790);
#2706=STYLED_ITEM('',(#2718),#2791);
#2707=STYLED_ITEM('',(#2719),#2792);
#2708=STYLED_ITEM('',(#2720),#2793);
#2709=STYLED_ITEM('',(#2721),#2794);
#2710=PRESENTATION_STYLE_ASSIGNMENT((#2722));
#2711=PRESENTATION_STYLE_ASSIGNMENT((#2723));
#2712=PRESENTATION_STYLE_ASSIGNMENT((#2724));
#2713=PRESENTATION_STYLE_ASSIGNMENT((#2725));
#2714=PRESENTATION_STYLE_ASSIGNMENT((#2726));
#2715=PRESENTATION_STYLE_ASSIGNMENT((#2727));
#2716=PRESENTATION_STYLE_ASSIGNMENT((#2728));
#2717=PRESENTATION_STYLE_ASSIGNMENT((#2729));
#2718=PRESENTATION_STYLE_ASSIGNMENT((#2730));
#2719=PRESENTATION_STYLE_ASSIGNMENT((#2731));
#2720=PRESENTATION_STYLE_ASSIGNMENT((#2732));
#2721=PRESENTATION_STYLE_ASSIGNMENT((#2733));
#2722=SURFACE_STYLE_USAGE(.BOTH.,#2734);
#2723=SURFACE_STYLE_USAGE(.BOTH.,#2735);
#2724=SURFACE_STYLE_USAGE(.BOTH.,#2736);
#2725=SURFACE_STYLE_USAGE(.BOTH.,#2737);
#2726=SURFACE_STYLE_USAGE(.BOTH.,#2738);
#2727=SURFACE_STYLE_USAGE(.BOTH.,#2739);
#2728=SURFACE_STYLE_USAGE(.BOTH.,#2740);
#2729=SURFACE_STYLE_USAGE(.BOTH.,#2741);
#2730=SURFACE_STYLE_USAGE(.BOTH.,#2742);
#2731=SURFACE_STYLE_USAGE(.BOTH.,#2743);
#2732=SURFACE_STYLE_USAGE(.BOTH.,#2744);
#2733=SURFACE_STYLE_USAGE(.BOTH.,#2745);
#2734=SURFACE_SIDE_STYLE('',(#2746));
#2735=SURFACE_SIDE_STYLE('',(#2747));
#2736=SURFACE_SIDE_STYLE('',(#2748));
#2737=SURFACE_SIDE_STYLE('',(#2749));
#2738=SURFACE_SIDE_STYLE('',(#2750));
#2739=SURFACE_SIDE_STYLE('',(#2751));
#2740=SURFACE_SIDE_STYLE('',(#2752));
#2741=SURFACE_SIDE_STYLE('',(#2753));
#2742=SURFACE_SIDE_STYLE('',(#2754));
#2743=SURFACE_SIDE_STYLE('',(#2755));
#2744=SURFACE_SIDE_STYLE('',(#2756));
#2745=SURFACE_SIDE_STYLE('',(#2757));
#2746=SURFACE_STYLE_FILL_AREA(#2758);
#2747=SURFACE_STYLE_FILL_AREA(#2759);
#2748=SURFACE_STYLE_FILL_AREA(#2760);
#2749=SURFACE_STYLE_FILL_AREA(#2761);
#2750=SURFACE_STYLE_FILL_AREA(#2762);
#2751=SURFACE_STYLE_FILL_AREA(#2763);
#2752=SURFACE_STYLE_FILL_AREA(#2764);
#2753=SURFACE_STYLE_FILL_AREA(#2765);
#2754=SURFACE_STYLE_FILL_AREA(#2766);
#2755=SURFACE_STYLE_FILL_AREA(#2767);
#2756=SURFACE_STYLE_FILL_AREA(#2768);
#2757=SURFACE_STYLE_FILL_AREA(#2769);
#2758=FILL_AREA_STYLE('',(#2770));
#2759=FILL_AREA_STYLE('',(#2771));
#2760=FILL_AREA_STYLE('',(#2772));
#2761=FILL_AREA_STYLE('',(#2773));
#2762=FILL_AREA_STYLE('',(#2774));
#2763=FILL_AREA_STYLE('',(#2775));
#2764=FILL_AREA_STYLE('',(#2776));
#2765=FILL_AREA_STYLE('',(#2777));
#2766=FILL_AREA_STYLE('',(#2778));
#2767=FILL_AREA_STYLE('',(#2779));
#2768=FILL_AREA_STYLE('',(#2780));
#2769=FILL_AREA_STYLE('',(#2781));
#2770=FILL_AREA_STYLE_COLOUR('',#2782);
#2771=FILL_AREA_STYLE_COLOUR('',#2782);
#2772=FILL_AREA_STYLE_COLOUR('',#2782);
#2773=FILL_AREA_STYLE_COLOUR('',#2782);
#2774=FILL_AREA_STYLE_COLOUR('',#2782);
#2775=FILL_AREA_STYLE_COLOUR('',#2782);
#2776=FILL_AREA_STYLE_COLOUR('',#2782);
#2777=FILL_AREA_STYLE_COLOUR('',#2782);
#2778=FILL_AREA_STYLE_COLOUR('',#2782);
#2779=FILL_AREA_STYLE_COLOUR('',#2782);
#2780=FILL_AREA_STYLE_COLOUR('',#2782);
#2781=FILL_AREA_STYLE_COLOUR('',#2782);
#2782=COLOUR_RGB('',0.694117647058824,0.741176470588235,0.788235294117647);
#2783=MANIFOLD_SOLID_BREP('Part 1',#2686);
#2784=MANIFOLD_SOLID_BREP('Part 1',#2687);
#2785=MANIFOLD_SOLID_BREP('Part 1',#2688);
#2786=MANIFOLD_SOLID_BREP('Part 1',#2689);
#2787=MANIFOLD_SOLID_BREP('Part 1',#2690);
#2788=MANIFOLD_SOLID_BREP('Part 1',#2691);
#2789=MANIFOLD_SOLID_BREP('Part 1',#2692);
#2790=MANIFOLD_SOLID_BREP('Part 1',#2693);
#2791=MANIFOLD_SOLID_BREP('Part 1',#2694);
#2792=MANIFOLD_SOLID_BREP('Part 1',#2695);
#2793=MANIFOLD_SOLID_BREP('Part 1',#2696);
#2794=MANIFOLD_SOLID_BREP('Part 1',#2697);
#2795=SHAPE_DEFINITION_REPRESENTATION(#5423,#2807);
#2796=SHAPE_DEFINITION_REPRESENTATION(#5424,#2808);
#2797=SHAPE_DEFINITION_REPRESENTATION(#5425,#2809);
#2798=SHAPE_DEFINITION_REPRESENTATION(#5426,#2810);
#2799=SHAPE_DEFINITION_REPRESENTATION(#5427,#2811);
#2800=SHAPE_DEFINITION_REPRESENTATION(#5428,#2812);
#2801=SHAPE_DEFINITION_REPRESENTATION(#5429,#2813);
#2802=SHAPE_DEFINITION_REPRESENTATION(#5430,#2814);
#2803=SHAPE_DEFINITION_REPRESENTATION(#5431,#2815);
#2804=SHAPE_DEFINITION_REPRESENTATION(#5432,#2816);
#2805=SHAPE_DEFINITION_REPRESENTATION(#5433,#2817);
#2806=SHAPE_DEFINITION_REPRESENTATION(#5434,#2818);
#2807=SHAPE_REPRESENTATION('Part 1',(#2819),#5363);
#2808=SHAPE_REPRESENTATION('Part 1',(#2855),#5364);
#2809=SHAPE_REPRESENTATION('Part 1',(#2891),#5365);
#2810=SHAPE_REPRESENTATION('Part 1',(#2927),#5366);
#2811=SHAPE_REPRESENTATION('Part 1',(#2963),#5367);
#2812=SHAPE_REPRESENTATION('Part 1',(#2999),#5368);
#2813=SHAPE_REPRESENTATION('Part 1',(#3035),#5369);
#2814=SHAPE_REPRESENTATION('Part 1',(#3071),#5370);
#2815=SHAPE_REPRESENTATION('Part 1',(#3107),#5371);
#2816=SHAPE_REPRESENTATION('Part 1',(#3143),#5372);
#2817=SHAPE_REPRESENTATION('Part 1',(#3179),#5373);
#2818=SHAPE_REPRESENTATION('Part 1',(#3215),#5374);
#2819=AXIS2_PLACEMENT_3D('',#4115,#3251,#3252);
#2820=AXIS2_PLACEMENT_3D('',#4116,#3253,#3254);
#2821=AXIS2_PLACEMENT_3D('',#4129,#3255,#3256);
#2822=AXIS2_PLACEMENT_3D('',#4146,#3257,#3258);
#2823=AXIS2_PLACEMENT_3D('',#4147,#3259,#3260);
#2824=AXIS2_PLACEMENT_3D('',#4149,#3261,#3262);
#2825=AXIS2_PLACEMENT_3D('',#4150,#3263,#3264);
#2826=AXIS2_PLACEMENT_3D('',#4152,#3265,#3266);
#2827=AXIS2_PLACEMENT_3D('',#4153,#3267,#3268);
#2828=AXIS2_PLACEMENT_3D('',#4155,#3269,#3270);
#2829=AXIS2_PLACEMENT_3D('',#4156,#3271,#3272);
#2830=AXIS2_PLACEMENT_3D('',#4158,#3273,#3274);
#2831=AXIS2_PLACEMENT_3D('',#4159,#3275,#3276);
#2832=AXIS2_PLACEMENT_3D('',#4161,#3277,#3278);
#2833=AXIS2_PLACEMENT_3D('',#4162,#3279,#3280);
#2834=AXIS2_PLACEMENT_3D('',#4164,#3281,#3282);
#2835=AXIS2_PLACEMENT_3D('',#4165,#3283,#3284);
#2836=AXIS2_PLACEMENT_3D('',#4167,#3285,#3286);
#2837=AXIS2_PLACEMENT_3D('',#4168,#3287,#3288);
#2838=AXIS2_PLACEMENT_3D('',#4170,#3289,#3290);
#2839=AXIS2_PLACEMENT_3D('',#4171,#3291,#3292);
#2840=AXIS2_PLACEMENT_3D('',#4173,#3293,#3294);
#2841=AXIS2_PLACEMENT_3D('',#4174,#3295,#3296);
#2842=AXIS2_PLACEMENT_3D('',#4176,#3297,#3298);
#2843=AXIS2_PLACEMENT_3D('',#4177,#3299,#3300);
#2844=AXIS2_PLACEMENT_3D('',#4179,#3301,#3302);
#2845=AXIS2_PLACEMENT_3D('',#4192,#3303,#3304);
#2846=AXIS2_PLACEMENT_3D('',#4194,#3305,#3306);
#2847=AXIS2_PLACEMENT_3D('',#4207,#3307,#3308);
#2848=AXIS2_PLACEMENT_3D('',#4208,#3309,#3310);
#2849=AXIS2_PLACEMENT_3D('',#4209,#3311,#3312);
#2850=AXIS2_PLACEMENT_3D('',#4211,#3313,#3314);
#2851=AXIS2_PLACEMENT_3D('',#4212,#3315,#3316);
#2852=AXIS2_PLACEMENT_3D('',#4214,#3317,#3318);
#2853=AXIS2_PLACEMENT_3D('',#4215,#3319,#3320);
#2854=AXIS2_PLACEMENT_3D('',#4217,#3321,#3322);
#2855=AXIS2_PLACEMENT_3D('',#4218,#3323,#3324);
#2856=AXIS2_PLACEMENT_3D('',#4219,#3325,#3326);
#2857=AXIS2_PLACEMENT_3D('',#4232,#3327,#3328);
#2858=AXIS2_PLACEMENT_3D('',#4249,#3329,#3330);
#2859=AXIS2_PLACEMENT_3D('',#4250,#3331,#3332);
#2860=AXIS2_PLACEMENT_3D('',#4252,#3333,#3334);
#2861=AXIS2_PLACEMENT_3D('',#4253,#3335,#3336);
#2862=AXIS2_PLACEMENT_3D('',#4255,#3337,#3338);
#2863=AXIS2_PLACEMENT_3D('',#4256,#3339,#3340);
#2864=AXIS2_PLACEMENT_3D('',#4258,#3341,#3342);
#2865=AXIS2_PLACEMENT_3D('',#4259,#3343,#3344);
#2866=AXIS2_PLACEMENT_3D('',#4261,#3345,#3346);
#2867=AXIS2_PLACEMENT_3D('',#4262,#3347,#3348);
#2868=AXIS2_PLACEMENT_3D('',#4264,#3349,#3350);
#2869=AXIS2_PLACEMENT_3D('',#4265,#3351,#3352);
#2870=AXIS2_PLACEMENT_3D('',#4267,#3353,#3354);
#2871=AXIS2_PLACEMENT_3D('',#4268,#3355,#3356);
#2872=AXIS2_PLACEMENT_3D('',#4270,#3357,#3358);
#2873=AXIS2_PLACEMENT_3D('',#4271,#3359,#3360);
#2874=AXIS2_PLACEMENT_3D('',#4273,#3361,#3362);
#2875=AXIS2_PLACEMENT_3D('',#4274,#3363,#3364);
#2876=AXIS2_PLACEMENT_3D('',#4276,#3365,#3366);
#2877=AXIS2_PLACEMENT_3D('',#4277,#3367,#3368);
#2878=AXIS2_PLACEMENT_3D('',#4279,#3369,#3370);
#2879=AXIS2_PLACEMENT_3D('',#4280,#3371,#3372);
#2880=AXIS2_PLACEMENT_3D('',#4282,#3373,#3374);
#2881=AXIS2_PLACEMENT_3D('',#4295,#3375,#3376);
#2882=AXIS2_PLACEMENT_3D('',#4297,#3377,#3378);
#2883=AXIS2_PLACEMENT_3D('',#4310,#3379,#3380);
#2884=AXIS2_PLACEMENT_3D('',#4311,#3381,#3382);
#2885=AXIS2_PLACEMENT_3D('',#4312,#3383,#3384);
#2886=AXIS2_PLACEMENT_3D('',#4314,#3385,#3386);
#2887=AXIS2_PLACEMENT_3D('',#4315,#3387,#3388);
#2888=AXIS2_PLACEMENT_3D('',#4317,#3389,#3390);
#2889=AXIS2_PLACEMENT_3D('',#4318,#3391,#3392);
#2890=AXIS2_PLACEMENT_3D('',#4320,#3393,#3394);
#2891=AXIS2_PLACEMENT_3D('',#4321,#3395,#3396);
#2892=AXIS2_PLACEMENT_3D('',#4322,#3397,#3398);
#2893=AXIS2_PLACEMENT_3D('',#4335,#3399,#3400);
#2894=AXIS2_PLACEMENT_3D('',#4352,#3401,#3402);
#2895=AXIS2_PLACEMENT_3D('',#4353,#3403,#3404);
#2896=AXIS2_PLACEMENT_3D('',#4355,#3405,#3406);
#2897=AXIS2_PLACEMENT_3D('',#4356,#3407,#3408);
#2898=AXIS2_PLACEMENT_3D('',#4358,#3409,#3410);
#2899=AXIS2_PLACEMENT_3D('',#4359,#3411,#3412);
#2900=AXIS2_PLACEMENT_3D('',#4361,#3413,#3414);
#2901=AXIS2_PLACEMENT_3D('',#4362,#3415,#3416);
#2902=AXIS2_PLACEMENT_3D('',#4364,#3417,#3418);
#2903=AXIS2_PLACEMENT_3D('',#4365,#3419,#3420);
#2904=AXIS2_PLACEMENT_3D('',#4367,#3421,#3422);
#2905=AXIS2_PLACEMENT_3D('',#4368,#3423,#3424);
#2906=AXIS2_PLACEMENT_3D('',#4370,#3425,#3426);
#2907=AXIS2_PLACEMENT_3D('',#4371,#3427,#3428);
#2908=AXIS2_PLACEMENT_3D('',#4373,#3429,#3430);
#2909=AXIS2_PLACEMENT_3D('',#4374,#3431,#3432);
#2910=AXIS2_PLACEMENT_3D('',#4376,#3433,#3434);
#2911=AXIS2_PLACEMENT_3D('',#4377,#3435,#3436);
#2912=AXIS2_PLACEMENT_3D('',#4379,#3437,#3438);
#2913=AXIS2_PLACEMENT_3D('',#4380,#3439,#3440);
#2914=AXIS2_PLACEMENT_3D('',#4382,#3441,#3442);
#2915=AXIS2_PLACEMENT_3D('',#4383,#3443,#3444);
#2916=AXIS2_PLACEMENT_3D('',#4385,#3445,#3446);
#2917=AXIS2_PLACEMENT_3D('',#4398,#3447,#3448);
#2918=AXIS2_PLACEMENT_3D('',#4400,#3449,#3450);
#2919=AXIS2_PLACEMENT_3D('',#4413,#3451,#3452);
#2920=AXIS2_PLACEMENT_3D('',#4414,#3453,#3454);
#2921=AXIS2_PLACEMENT_3D('',#4415,#3455,#3456);
#2922=AXIS2_PLACEMENT_3D('',#4417,#3457,#3458);
#2923=AXIS2_PLACEMENT_3D('',#4418,#3459,#3460);
#2924=AXIS2_PLACEMENT_3D('',#4420,#3461,#3462);
#2925=AXIS2_PLACEMENT_3D('',#4421,#3463,#3464);
#2926=AXIS2_PLACEMENT_3D('',#4423,#3465,#3466);
#2927=AXIS2_PLACEMENT_3D('',#4424,#3467,#3468);
#2928=AXIS2_PLACEMENT_3D('',#4425,#3469,#3470);
#2929=AXIS2_PLACEMENT_3D('',#4438,#3471,#3472);
#2930=AXIS2_PLACEMENT_3D('',#4455,#3473,#3474);
#2931=AXIS2_PLACEMENT_3D('',#4456,#3475,#3476);
#2932=AXIS2_PLACEMENT_3D('',#4458,#3477,#3478);
#2933=AXIS2_PLACEMENT_3D('',#4459,#3479,#3480);
#2934=AXIS2_PLACEMENT_3D('',#4461,#3481,#3482);
#2935=AXIS2_PLACEMENT_3D('',#4462,#3483,#3484);
#2936=AXIS2_PLACEMENT_3D('',#4464,#3485,#3486);
#2937=AXIS2_PLACEMENT_3D('',#4465,#3487,#3488);
#2938=AXIS2_PLACEMENT_3D('',#4467,#3489,#3490);
#2939=AXIS2_PLACEMENT_3D('',#4468,#3491,#3492);
#2940=AXIS2_PLACEMENT_3D('',#4470,#3493,#3494);
#2941=AXIS2_PLACEMENT_3D('',#4471,#3495,#3496);
#2942=AXIS2_PLACEMENT_3D('',#4473,#3497,#3498);
#2943=AXIS2_PLACEMENT_3D('',#4474,#3499,#3500);
#2944=AXIS2_PLACEMENT_3D('',#4476,#3501,#3502);
#2945=AXIS2_PLACEMENT_3D('',#4477,#3503,#3504);
#2946=AXIS2_PLACEMENT_3D('',#4479,#3505,#3506);
#2947=AXIS2_PLACEMENT_3D('',#4480,#3507,#3508);
#2948=AXIS2_PLACEMENT_3D('',#4482,#3509,#3510);
#2949=AXIS2_PLACEMENT_3D('',#4483,#3511,#3512);
#2950=AXIS2_PLACEMENT_3D('',#4485,#3513,#3514);
#2951=AXIS2_PLACEMENT_3D('',#4486,#3515,#3516);
#2952=AXIS2_PLACEMENT_3D('',#4488,#3517,#3518);
#2953=AXIS2_PLACEMENT_3D('',#4501,#3519,#3520);
#2954=AXIS2_PLACEMENT_3D('',#4503,#3521,#3522);
#2955=AXIS2_PLACEMENT_3D('',#4516,#3523,#3524);
#2956=AXIS2_PLACEMENT_3D('',#4517,#3525,#3526);
#2957=AXIS2_PLACEMENT_3D('',#4518,#3527,#3528);
#2958=AXIS2_PLACEMENT_3D('',#4520,#3529,#3530);
#2959=AXIS2_PLACEMENT_3D('',#4521,#3531,#3532);
#2960=AXIS2_PLACEMENT_3D('',#4523,#3533,#3534);
#2961=AXIS2_PLACEMENT_3D('',#4524,#3535,#3536);
#2962=AXIS2_PLACEMENT_3D('',#4526,#3537,#3538);
#2963=AXIS2_PLACEMENT_3D('',#4527,#3539,#3540);
#2964=AXIS2_PLACEMENT_3D('',#4528,#3541,#3542);
#2965=AXIS2_PLACEMENT_3D('',#4541,#3543,#3544);
#2966=AXIS2_PLACEMENT_3D('',#4558,#3545,#3546);
#2967=AXIS2_PLACEMENT_3D('',#4559,#3547,#3548);
#2968=AXIS2_PLACEMENT_3D('',#4561,#3549,#3550);
#2969=AXIS2_PLACEMENT_3D('',#4562,#3551,#3552);
#2970=AXIS2_PLACEMENT_3D('',#4564,#3553,#3554);
#2971=AXIS2_PLACEMENT_3D('',#4565,#3555,#3556);
#2972=AXIS2_PLACEMENT_3D('',#4567,#3557,#3558);
#2973=AXIS2_PLACEMENT_3D('',#4568,#3559,#3560);
#2974=AXIS2_PLACEMENT_3D('',#4570,#3561,#3562);
#2975=AXIS2_PLACEMENT_3D('',#4571,#3563,#3564);
#2976=AXIS2_PLACEMENT_3D('',#4573,#3565,#3566);
#2977=AXIS2_PLACEMENT_3D('',#4574,#3567,#3568);
#2978=AXIS2_PLACEMENT_3D('',#4576,#3569,#3570);
#2979=AXIS2_PLACEMENT_3D('',#4577,#3571,#3572);
#2980=AXIS2_PLACEMENT_3D('',#4579,#3573,#3574);
#2981=AXIS2_PLACEMENT_3D('',#4580,#3575,#3576);
#2982=AXIS2_PLACEMENT_3D('',#4582,#3577,#3578);
#2983=AXIS2_PLACEMENT_3D('',#4583,#3579,#3580);
#2984=AXIS2_PLACEMENT_3D('',#4585,#3581,#3582);
#2985=AXIS2_PLACEMENT_3D('',#4586,#3583,#3584);
#2986=AXIS2_PLACEMENT_3D('',#4588,#3585,#3586);
#2987=AXIS2_PLACEMENT_3D('',#4589,#3587,#3588);
#2988=AXIS2_PLACEMENT_3D('',#4591,#3589,#3590);
#2989=AXIS2_PLACEMENT_3D('',#4604,#3591,#3592);
#2990=AXIS2_PLACEMENT_3D('',#4606,#3593,#3594);
#2991=AXIS2_PLACEMENT_3D('',#4619,#3595,#3596);
#2992=AXIS2_PLACEMENT_3D('',#4620,#3597,#3598);
#2993=AXIS2_PLACEMENT_3D('',#4621,#3599,#3600);
#2994=AXIS2_PLACEMENT_3D('',#4623,#3601,#3602);
#2995=AXIS2_PLACEMENT_3D('',#4624,#3603,#3604);
#2996=AXIS2_PLACEMENT_3D('',#4626,#3605,#3606);
#2997=AXIS2_PLACEMENT_3D('',#4627,#3607,#3608);
#2998=AXIS2_PLACEMENT_3D('',#4629,#3609,#3610);
#2999=AXIS2_PLACEMENT_3D('',#4630,#3611,#3612);
#3000=AXIS2_PLACEMENT_3D('',#4631,#3613,#3614);
#3001=AXIS2_PLACEMENT_3D('',#4644,#3615,#3616);
#3002=AXIS2_PLACEMENT_3D('',#4661,#3617,#3618);
#3003=AXIS2_PLACEMENT_3D('',#4662,#3619,#3620);
#3004=AXIS2_PLACEMENT_3D('',#4664,#3621,#3622);
#3005=AXIS2_PLACEMENT_3D('',#4665,#3623,#3624);
#3006=AXIS2_PLACEMENT_3D('',#4667,#3625,#3626);
#3007=AXIS2_PLACEMENT_3D('',#4668,#3627,#3628);
#3008=AXIS2_PLACEMENT_3D('',#4670,#3629,#3630);
#3009=AXIS2_PLACEMENT_3D('',#4671,#3631,#3632);
#3010=AXIS2_PLACEMENT_3D('',#4673,#3633,#3634);
#3011=AXIS2_PLACEMENT_3D('',#4674,#3635,#3636);
#3012=AXIS2_PLACEMENT_3D('',#4676,#3637,#3638);
#3013=AXIS2_PLACEMENT_3D('',#4677,#3639,#3640);
#3014=AXIS2_PLACEMENT_3D('',#4679,#3641,#3642);
#3015=AXIS2_PLACEMENT_3D('',#4680,#3643,#3644);
#3016=AXIS2_PLACEMENT_3D('',#4682,#3645,#3646);
#3017=AXIS2_PLACEMENT_3D('',#4683,#3647,#3648);
#3018=AXIS2_PLACEMENT_3D('',#4685,#3649,#3650);
#3019=AXIS2_PLACEMENT_3D('',#4686,#3651,#3652);
#3020=AXIS2_PLACEMENT_3D('',#4688,#3653,#3654);
#3021=AXIS2_PLACEMENT_3D('',#4689,#3655,#3656);
#3022=AXIS2_PLACEMENT_3D('',#4691,#3657,#3658);
#3023=AXIS2_PLACEMENT_3D('',#4692,#3659,#3660);
#3024=AXIS2_PLACEMENT_3D('',#4694,#3661,#3662);
#3025=AXIS2_PLACEMENT_3D('',#4707,#3663,#3664);
#3026=AXIS2_PLACEMENT_3D('',#4709,#3665,#3666);
#3027=AXIS2_PLACEMENT_3D('',#4722,#3667,#3668);
#3028=AXIS2_PLACEMENT_3D('',#4723,#3669,#3670);
#3029=AXIS2_PLACEMENT_3D('',#4724,#3671,#3672);
#3030=AXIS2_PLACEMENT_3D('',#4726,#3673,#3674);
#3031=AXIS2_PLACEMENT_3D('',#4727,#3675,#3676);
#3032=AXIS2_PLACEMENT_3D('',#4729,#3677,#3678);
#3033=AXIS2_PLACEMENT_3D('',#4730,#3679,#3680);
#3034=AXIS2_PLACEMENT_3D('',#4732,#3681,#3682);
#3035=AXIS2_PLACEMENT_3D('',#4733,#3683,#3684);
#3036=AXIS2_PLACEMENT_3D('',#4734,#3685,#3686);
#3037=AXIS2_PLACEMENT_3D('',#4747,#3687,#3688);
#3038=AXIS2_PLACEMENT_3D('',#4764,#3689,#3690);
#3039=AXIS2_PLACEMENT_3D('',#4765,#3691,#3692);
#3040=AXIS2_PLACEMENT_3D('',#4767,#3693,#3694);
#3041=AXIS2_PLACEMENT_3D('',#4768,#3695,#3696);
#3042=AXIS2_PLACEMENT_3D('',#4770,#3697,#3698);
#3043=AXIS2_PLACEMENT_3D('',#4771,#3699,#3700);
#3044=AXIS2_PLACEMENT_3D('',#4773,#3701,#3702);
#3045=AXIS2_PLACEMENT_3D('',#4774,#3703,#3704);
#3046=AXIS2_PLACEMENT_3D('',#4776,#3705,#3706);
#3047=AXIS2_PLACEMENT_3D('',#4777,#3707,#3708);
#3048=AXIS2_PLACEMENT_3D('',#4779,#3709,#3710);
#3049=AXIS2_PLACEMENT_3D('',#4780,#3711,#3712);
#3050=AXIS2_PLACEMENT_3D('',#4782,#3713,#3714);
#3051=AXIS2_PLACEMENT_3D('',#4783,#3715,#3716);
#3052=AXIS2_PLACEMENT_3D('',#4785,#3717,#3718);
#3053=AXIS2_PLACEMENT_3D('',#4786,#3719,#3720);
#3054=AXIS2_PLACEMENT_3D('',#4788,#3721,#3722);
#3055=AXIS2_PLACEMENT_3D('',#4789,#3723,#3724);
#3056=AXIS2_PLACEMENT_3D('',#4791,#3725,#3726);
#3057=AXIS2_PLACEMENT_3D('',#4792,#3727,#3728);
#3058=AXIS2_PLACEMENT_3D('',#4794,#3729,#3730);
#3059=AXIS2_PLACEMENT_3D('',#4795,#3731,#3732);
#3060=AXIS2_PLACEMENT_3D('',#4797,#3733,#3734);
#3061=AXIS2_PLACEMENT_3D('',#4810,#3735,#3736);
#3062=AXIS2_PLACEMENT_3D('',#4812,#3737,#3738);
#3063=AXIS2_PLACEMENT_3D('',#4825,#3739,#3740);
#3064=AXIS2_PLACEMENT_3D('',#4826,#3741,#3742);
#3065=AXIS2_PLACEMENT_3D('',#4827,#3743,#3744);
#3066=AXIS2_PLACEMENT_3D('',#4829,#3745,#3746);
#3067=AXIS2_PLACEMENT_3D('',#4830,#3747,#3748);
#3068=AXIS2_PLACEMENT_3D('',#4832,#3749,#3750);
#3069=AXIS2_PLACEMENT_3D('',#4833,#3751,#3752);
#3070=AXIS2_PLACEMENT_3D('',#4835,#3753,#3754);
#3071=AXIS2_PLACEMENT_3D('',#4836,#3755,#3756);
#3072=AXIS2_PLACEMENT_3D('',#4837,#3757,#3758);
#3073=AXIS2_PLACEMENT_3D('',#4850,#3759,#3760);
#3074=AXIS2_PLACEMENT_3D('',#4867,#3761,#3762);
#3075=AXIS2_PLACEMENT_3D('',#4868,#3763,#3764);
#3076=AXIS2_PLACEMENT_3D('',#4870,#3765,#3766);
#3077=AXIS2_PLACEMENT_3D('',#4871,#3767,#3768);
#3078=AXIS2_PLACEMENT_3D('',#4873,#3769,#3770);
#3079=AXIS2_PLACEMENT_3D('',#4874,#3771,#3772);
#3080=AXIS2_PLACEMENT_3D('',#4876,#3773,#3774);
#3081=AXIS2_PLACEMENT_3D('',#4877,#3775,#3776);
#3082=AXIS2_PLACEMENT_3D('',#4879,#3777,#3778);
#3083=AXIS2_PLACEMENT_3D('',#4880,#3779,#3780);
#3084=AXIS2_PLACEMENT_3D('',#4882,#3781,#3782);
#3085=AXIS2_PLACEMENT_3D('',#4883,#3783,#3784);
#3086=AXIS2_PLACEMENT_3D('',#4885,#3785,#3786);
#3087=AXIS2_PLACEMENT_3D('',#4886,#3787,#3788);
#3088=AXIS2_PLACEMENT_3D('',#4888,#3789,#3790);
#3089=AXIS2_PLACEMENT_3D('',#4889,#3791,#3792);
#3090=AXIS2_PLACEMENT_3D('',#4891,#3793,#3794);
#3091=AXIS2_PLACEMENT_3D('',#4892,#3795,#3796);
#3092=AXIS2_PLACEMENT_3D('',#4894,#3797,#3798);
#3093=AXIS2_PLACEMENT_3D('',#4895,#3799,#3800);
#3094=AXIS2_PLACEMENT_3D('',#4897,#3801,#3802);
#3095=AXIS2_PLACEMENT_3D('',#4898,#3803,#3804);
#3096=AXIS2_PLACEMENT_3D('',#4900,#3805,#3806);
#3097=AXIS2_PLACEMENT_3D('',#4913,#3807,#3808);
#3098=AXIS2_PLACEMENT_3D('',#4915,#3809,#3810);
#3099=AXIS2_PLACEMENT_3D('',#4928,#3811,#3812);
#3100=AXIS2_PLACEMENT_3D('',#4929,#3813,#3814);
#3101=AXIS2_PLACEMENT_3D('',#4930,#3815,#3816);
#3102=AXIS2_PLACEMENT_3D('',#4932,#3817,#3818);
#3103=AXIS2_PLACEMENT_3D('',#4933,#3819,#3820);
#3104=AXIS2_PLACEMENT_3D('',#4935,#3821,#3822);
#3105=AXIS2_PLACEMENT_3D('',#4936,#3823,#3824);
#3106=AXIS2_PLACEMENT_3D('',#4938,#3825,#3826);
#3107=AXIS2_PLACEMENT_3D('',#4939,#3827,#3828);
#3108=AXIS2_PLACEMENT_3D('',#4940,#3829,#3830);
#3109=AXIS2_PLACEMENT_3D('',#4953,#3831,#3832);
#3110=AXIS2_PLACEMENT_3D('',#4970,#3833,#3834);
#3111=AXIS2_PLACEMENT_3D('',#4971,#3835,#3836);
#3112=AXIS2_PLACEMENT_3D('',#4973,#3837,#3838);
#3113=AXIS2_PLACEMENT_3D('',#4974,#3839,#3840);
#3114=AXIS2_PLACEMENT_3D('',#4976,#3841,#3842);
#3115=AXIS2_PLACEMENT_3D('',#4977,#3843,#3844);
#3116=AXIS2_PLACEMENT_3D('',#4979,#3845,#3846);
#3117=AXIS2_PLACEMENT_3D('',#4980,#3847,#3848);
#3118=AXIS2_PLACEMENT_3D('',#4982,#3849,#3850);
#3119=AXIS2_PLACEMENT_3D('',#4983,#3851,#3852);
#3120=AXIS2_PLACEMENT_3D('',#4985,#3853,#3854);
#3121=AXIS2_PLACEMENT_3D('',#4986,#3855,#3856);
#3122=AXIS2_PLACEMENT_3D('',#4988,#3857,#3858);
#3123=AXIS2_PLACEMENT_3D('',#4989,#3859,#3860);
#3124=AXIS2_PLACEMENT_3D('',#4991,#3861,#3862);
#3125=AXIS2_PLACEMENT_3D('',#4992,#3863,#3864);
#3126=AXIS2_PLACEMENT_3D('',#4994,#3865,#3866);
#3127=AXIS2_PLACEMENT_3D('',#4995,#3867,#3868);
#3128=AXIS2_PLACEMENT_3D('',#4997,#3869,#3870);
#3129=AXIS2_PLACEMENT_3D('',#4998,#3871,#3872);
#3130=AXIS2_PLACEMENT_3D('',#5000,#3873,#3874);
#3131=AXIS2_PLACEMENT_3D('',#5001,#3875,#3876);
#3132=AXIS2_PLACEMENT_3D('',#5003,#3877,#3878);
#3133=AXIS2_PLACEMENT_3D('',#5016,#3879,#3880);
#3134=AXIS2_PLACEMENT_3D('',#5018,#3881,#3882);
#3135=AXIS2_PLACEMENT_3D('',#5031,#3883,#3884);
#3136=AXIS2_PLACEMENT_3D('',#5032,#3885,#3886);
#3137=AXIS2_PLACEMENT_3D('',#5033,#3887,#3888);
#3138=AXIS2_PLACEMENT_3D('',#5035,#3889,#3890);
#3139=AXIS2_PLACEMENT_3D('',#5036,#3891,#3892);
#3140=AXIS2_PLACEMENT_3D('',#5038,#3893,#3894);
#3141=AXIS2_PLACEMENT_3D('',#5039,#3895,#3896);
#3142=AXIS2_PLACEMENT_3D('',#5041,#3897,#3898);
#3143=AXIS2_PLACEMENT_3D('',#5042,#3899,#3900);
#3144=AXIS2_PLACEMENT_3D('',#5043,#3901,#3902);
#3145=AXIS2_PLACEMENT_3D('',#5056,#3903,#3904);
#3146=AXIS2_PLACEMENT_3D('',#5073,#3905,#3906);
#3147=AXIS2_PLACEMENT_3D('',#5074,#3907,#3908);
#3148=AXIS2_PLACEMENT_3D('',#5076,#3909,#3910);
#3149=AXIS2_PLACEMENT_3D('',#5077,#3911,#3912);
#3150=AXIS2_PLACEMENT_3D('',#5079,#3913,#3914);
#3151=AXIS2_PLACEMENT_3D('',#5080,#3915,#3916);
#3152=AXIS2_PLACEMENT_3D('',#5082,#3917,#3918);
#3153=AXIS2_PLACEMENT_3D('',#5083,#3919,#3920);
#3154=AXIS2_PLACEMENT_3D('',#5085,#3921,#3922);
#3155=AXIS2_PLACEMENT_3D('',#5086,#3923,#3924);
#3156=AXIS2_PLACEMENT_3D('',#5088,#3925,#3926);
#3157=AXIS2_PLACEMENT_3D('',#5089,#3927,#3928);
#3158=AXIS2_PLACEMENT_3D('',#5091,#3929,#3930);
#3159=AXIS2_PLACEMENT_3D('',#5092,#3931,#3932);
#3160=AXIS2_PLACEMENT_3D('',#5094,#3933,#3934);
#3161=AXIS2_PLACEMENT_3D('',#5095,#3935,#3936);
#3162=AXIS2_PLACEMENT_3D('',#5097,#3937,#3938);
#3163=AXIS2_PLACEMENT_3D('',#5098,#3939,#3940);
#3164=AXIS2_PLACEMENT_3D('',#5100,#3941,#3942);
#3165=AXIS2_PLACEMENT_3D('',#5101,#3943,#3944);
#3166=AXIS2_PLACEMENT_3D('',#5103,#3945,#3946);
#3167=AXIS2_PLACEMENT_3D('',#5104,#3947,#3948);
#3168=AXIS2_PLACEMENT_3D('',#5106,#3949,#3950);
#3169=AXIS2_PLACEMENT_3D('',#5119,#3951,#3952);
#3170=AXIS2_PLACEMENT_3D('',#5121,#3953,#3954);
#3171=AXIS2_PLACEMENT_3D('',#5134,#3955,#3956);
#3172=AXIS2_PLACEMENT_3D('',#5135,#3957,#3958);
#3173=AXIS2_PLACEMENT_3D('',#5136,#3959,#3960);
#3174=AXIS2_PLACEMENT_3D('',#5138,#3961,#3962);
#3175=AXIS2_PLACEMENT_3D('',#5139,#3963,#3964);
#3176=AXIS2_PLACEMENT_3D('',#5141,#3965,#3966);
#3177=AXIS2_PLACEMENT_3D('',#5142,#3967,#3968);
#3178=AXIS2_PLACEMENT_3D('',#5144,#3969,#3970);
#3179=AXIS2_PLACEMENT_3D('',#5145,#3971,#3972);
#3180=AXIS2_PLACEMENT_3D('',#5146,#3973,#3974);
#3181=AXIS2_PLACEMENT_3D('',#5159,#3975,#3976);
#3182=AXIS2_PLACEMENT_3D('',#5176,#3977,#3978);
#3183=AXIS2_PLACEMENT_3D('',#5177,#3979,#3980);
#3184=AXIS2_PLACEMENT_3D('',#5179,#3981,#3982);
#3185=AXIS2_PLACEMENT_3D('',#5180,#3983,#3984);
#3186=AXIS2_PLACEMENT_3D('',#5182,#3985,#3986);
#3187=AXIS2_PLACEMENT_3D('',#5183,#3987,#3988);
#3188=AXIS2_PLACEMENT_3D('',#5185,#3989,#3990);
#3189=AXIS2_PLACEMENT_3D('',#5186,#3991,#3992);
#3190=AXIS2_PLACEMENT_3D('',#5188,#3993,#3994);
#3191=AXIS2_PLACEMENT_3D('',#5189,#3995,#3996);
#3192=AXIS2_PLACEMENT_3D('',#5191,#3997,#3998);
#3193=AXIS2_PLACEMENT_3D('',#5192,#3999,#4000);
#3194=AXIS2_PLACEMENT_3D('',#5194,#4001,#4002);
#3195=AXIS2_PLACEMENT_3D('',#5195,#4003,#4004);
#3196=AXIS2_PLACEMENT_3D('',#5197,#4005,#4006);
#3197=AXIS2_PLACEMENT_3D('',#5198,#4007,#4008);
#3198=AXIS2_PLACEMENT_3D('',#5200,#4009,#4010);
#3199=AXIS2_PLACEMENT_3D('',#5201,#4011,#4012);
#3200=AXIS2_PLACEMENT_3D('',#5203,#4013,#4014);
#3201=AXIS2_PLACEMENT_3D('',#5204,#4015,#4016);
#3202=AXIS2_PLACEMENT_3D('',#5206,#4017,#4018);
#3203=AXIS2_PLACEMENT_3D('',#5207,#4019,#4020);
#3204=AXIS2_PLACEMENT_3D('',#5209,#4021,#4022);
#3205=AXIS2_PLACEMENT_3D('',#5222,#4023,#4024);
#3206=AXIS2_PLACEMENT_3D('',#5224,#4025,#4026);
#3207=AXIS2_PLACEMENT_3D('',#5237,#4027,#4028);
#3208=AXIS2_PLACEMENT_3D('',#5238,#4029,#4030);
#3209=AXIS2_PLACEMENT_3D('',#5239,#4031,#4032);
#3210=AXIS2_PLACEMENT_3D('',#5241,#4033,#4034);
#3211=AXIS2_PLACEMENT_3D('',#5242,#4035,#4036);
#3212=AXIS2_PLACEMENT_3D('',#5244,#4037,#4038);
#3213=AXIS2_PLACEMENT_3D('',#5245,#4039,#4040);
#3214=AXIS2_PLACEMENT_3D('',#5247,#4041,#4042);
#3215=AXIS2_PLACEMENT_3D('',#5248,#4043,#4044);
#3216=AXIS2_PLACEMENT_3D('',#5249,#4045,#4046);
#3217=AXIS2_PLACEMENT_3D('',#5262,#4047,#4048);
#3218=AXIS2_PLACEMENT_3D('',#5279,#4049,#4050);
#3219=AXIS2_PLACEMENT_3D('',#5280,#4051,#4052);
#3220=AXIS2_PLACEMENT_3D('',#5282,#4053,#4054);
#3221=AXIS2_PLACEMENT_3D('',#5283,#4055,#4056);
#3222=AXIS2_PLACEMENT_3D('',#5285,#4057,#4058);
#3223=AXIS2_PLACEMENT_3D('',#5286,#4059,#4060);
#3224=AXIS2_PLACEMENT_3D('',#5288,#4061,#4062);
#3225=AXIS2_PLACEMENT_3D('',#5289,#4063,#4064);
#3226=AXIS2_PLACEMENT_3D('',#5291,#4065,#4066);
#3227=AXIS2_PLACEMENT_3D('',#5292,#4067,#4068);
#3228=AXIS2_PLACEMENT_3D('',#5294,#4069,#4070);
#3229=AXIS2_PLACEMENT_3D('',#5295,#4071,#4072);
#3230=AXIS2_PLACEMENT_3D('',#5297,#4073,#4074);
#3231=AXIS2_PLACEMENT_3D('',#5298,#4075,#4076);
#3232=AXIS2_PLACEMENT_3D('',#5300,#4077,#4078);
#3233=AXIS2_PLACEMENT_3D('',#5301,#4079,#4080);
#3234=AXIS2_PLACEMENT_3D('',#5303,#4081,#4082);
#3235=AXIS2_PLACEMENT_3D('',#5304,#4083,#4084);
#3236=AXIS2_PLACEMENT_3D('',#5306,#4085,#4086);
#3237=AXIS2_PLACEMENT_3D('',#5307,#4087,#4088);
#3238=AXIS2_PLACEMENT_3D('',#5309,#4089,#4090);
#3239=AXIS2_PLACEMENT_3D('',#5310,#4091,#4092);
#3240=AXIS2_PLACEMENT_3D('',#5312,#4093,#4094);
#3241=AXIS2_PLACEMENT_3D('',#5325,#4095,#4096);
#3242=AXIS2_PLACEMENT_3D('',#5327,#4097,#4098);
#3243=AXIS2_PLACEMENT_3D('',#5340,#4099,#4100);
#3244=AXIS2_PLACEMENT_3D('',#5341,#4101,#4102);
#3245=AXIS2_PLACEMENT_3D('',#5342,#4103,#4104);
#3246=AXIS2_PLACEMENT_3D('',#5344,#4105,#4106);
#3247=AXIS2_PLACEMENT_3D('',#5345,#4107,#4108);
#3248=AXIS2_PLACEMENT_3D('',#5347,#4109,#4110);
#3249=AXIS2_PLACEMENT_3D('',#5348,#4111,#4112);
#3250=AXIS2_PLACEMENT_3D('',#5350,#4113,#4114);
#3251=DIRECTION('',(0.,0.,1.));
#3252=DIRECTION('',(1.,0.,0.));
#3253=DIRECTION('',(0.,0.,1.));
#3254=DIRECTION('',(0.,1.,0.));
#3255=DIRECTION('',(2.02187809227646E-14,-2.04032561510496E-14,1.));
#3256=DIRECTION('',(0.,-1.,-2.04032561510496E-14));
#3257=DIRECTION('',(0.,0.,1.));
#3258=DIRECTION('',(0.,1.,0.));
#3259=DIRECTION('',(0.,0.,1.));
#3260=DIRECTION('',(1.,0.,0.));
#3261=DIRECTION('',(0.,0.,1.));
#3262=DIRECTION('',(0.,1.,0.));
#3263=DIRECTION('',(0.,0.,-1.));
#3264=DIRECTION('',(-1.,0.,0.));
#3265=DIRECTION('',(0.,0.,-1.));
#3266=DIRECTION('',(0.,-1.,0.));
#3267=DIRECTION('',(0.,0.,1.));
#3268=DIRECTION('',(1.,0.,0.));
#3269=DIRECTION('',(0.,0.,1.));
#3270=DIRECTION('',(-0.0304877010981598,0.999535141994392,0.));
#3271=DIRECTION('',(0.,0.,1.));
#3272=DIRECTION('',(1.,0.,0.));
#3273=DIRECTION('',(0.,0.,1.));
#3274=DIRECTION('',(0.,1.,0.));
#3275=DIRECTION('',(0.,0.,1.));
#3276=DIRECTION('',(1.,0.,0.));
#3277=DIRECTION('',(0.,0.,1.));
#3278=DIRECTION('',(0.,1.,0.));
#3279=DIRECTION('',(0.,0.,1.));
#3280=DIRECTION('',(1.,0.,0.));
#3281=DIRECTION('',(0.,0.,1.));
#3282=DIRECTION('',(0.02294278268397,-0.9997367797189,0.));
#3283=DIRECTION('',(0.,0.,1.));
#3284=DIRECTION('',(1.,0.,0.));
#3285=DIRECTION('',(0.,0.,1.));
#3286=DIRECTION('',(0.,1.,0.));
#3287=DIRECTION('',(0.,0.,1.));
#3288=DIRECTION('',(1.,0.,0.));
#3289=DIRECTION('',(0.,0.,1.));
#3290=DIRECTION('',(0.0338920650789502,-0.999425498936606,0.));
#3291=DIRECTION('',(0.,0.,1.));
#3292=DIRECTION('',(1.,0.,0.));
#3293=DIRECTION('',(0.,0.,1.));
#3294=DIRECTION('',(0.,1.,0.));
#3295=DIRECTION('',(0.,0.,1.));
#3296=DIRECTION('',(1.,0.,0.));
#3297=DIRECTION('',(0.,0.,1.));
#3298=DIRECTION('',(0.0332358444971513,0.999447536712439,0.));
#3299=DIRECTION('',(0.,0.,1.));
#3300=DIRECTION('',(1.,0.,0.));
#3301=DIRECTION('',(0.,0.,1.));
#3302=DIRECTION('',(0.,1.,0.));
#3303=DIRECTION('',(0.,0.,1.));
#3304=DIRECTION('',(1.,0.,0.));
#3305=DIRECTION('',(0.,1.,0.));
#3306=DIRECTION('',(1.,0.,0.));
#3307=DIRECTION('',(0.,0.,-1.));
#3308=DIRECTION('',(1.,0.,0.));
#3309=DIRECTION('',(0.,0.,1.));
#3310=DIRECTION('',(0.,1.,0.));
#3311=DIRECTION('',(0.,0.,-1.));
#3312=DIRECTION('',(-1.,0.,0.));
#3313=DIRECTION('',(0.,0.,-1.));
#3314=DIRECTION('',(0.,-1.,0.));
#3315=DIRECTION('',(0.,0.,-1.));
#3316=DIRECTION('',(-1.,0.,0.));
#3317=DIRECTION('',(0.,0.,-1.));
#3318=DIRECTION('',(1.,0.,0.));
#3319=DIRECTION('',(0.,0.,-1.));
#3320=DIRECTION('',(-1.,0.,0.));
#3321=DIRECTION('',(0.,0.,-1.));
#3322=DIRECTION('',(1.,0.,0.));
#3323=DIRECTION('',(0.,0.,1.));
#3324=DIRECTION('',(1.,0.,0.));
#3325=DIRECTION('',(0.,0.,1.));
#3326=DIRECTION('',(0.,1.,0.));
#3327=DIRECTION('',(2.02187809227646E-14,-2.04032561510496E-14,1.));
#3328=DIRECTION('',(0.,-1.,-2.04032561510496E-14));
#3329=DIRECTION('',(0.,0.,1.));
#3330=DIRECTION('',(0.,1.,0.));
#3331=DIRECTION('',(0.,0.,1.));
#3332=DIRECTION('',(1.,0.,0.));
#3333=DIRECTION('',(0.,0.,1.));
#3334=DIRECTION('',(0.,1.,0.));
#3335=DIRECTION('',(0.,0.,-1.));
#3336=DIRECTION('',(-1.,0.,0.));
#3337=DIRECTION('',(0.,0.,-1.));
#3338=DIRECTION('',(0.,-1.,0.));
#3339=DIRECTION('',(0.,0.,1.));
#3340=DIRECTION('',(1.,0.,0.));
#3341=DIRECTION('',(0.,0.,1.));
#3342=DIRECTION('',(-0.0304877010981598,0.999535141994392,0.));
#3343=DIRECTION('',(0.,0.,1.));
#3344=DIRECTION('',(1.,0.,0.));
#3345=DIRECTION('',(0.,0.,1.));
#3346=DIRECTION('',(0.,1.,0.));
#3347=DIRECTION('',(0.,0.,1.));
#3348=DIRECTION('',(1.,0.,0.));
#3349=DIRECTION('',(0.,0.,1.));
#3350=DIRECTION('',(0.,1.,0.));
#3351=DIRECTION('',(0.,0.,1.));
#3352=DIRECTION('',(1.,0.,0.));
#3353=DIRECTION('',(0.,0.,1.));
#3354=DIRECTION('',(0.02294278268397,-0.9997367797189,0.));
#3355=DIRECTION('',(0.,0.,1.));
#3356=DIRECTION('',(1.,0.,0.));
#3357=DIRECTION('',(0.,0.,1.));
#3358=DIRECTION('',(0.,1.,0.));
#3359=DIRECTION('',(0.,0.,1.));
#3360=DIRECTION('',(1.,0.,0.));
#3361=DIRECTION('',(0.,0.,1.));
#3362=DIRECTION('',(0.0338920650789502,-0.999425498936606,0.));
#3363=DIRECTION('',(0.,0.,1.));
#3364=DIRECTION('',(1.,0.,0.));
#3365=DIRECTION('',(0.,0.,1.));
#3366=DIRECTION('',(0.,1.,0.));
#3367=DIRECTION('',(0.,0.,1.));
#3368=DIRECTION('',(1.,0.,0.));
#3369=DIRECTION('',(0.,0.,1.));
#3370=DIRECTION('',(0.0332358444971513,0.999447536712439,0.));
#3371=DIRECTION('',(0.,0.,1.));
#3372=DIRECTION('',(1.,0.,0.));
#3373=DIRECTION('',(0.,0.,1.));
#3374=DIRECTION('',(0.,1.,0.));
#3375=DIRECTION('',(0.,0.,1.));
#3376=DIRECTION('',(1.,0.,0.));
#3377=DIRECTION('',(0.,1.,0.));
#3378=DIRECTION('',(1.,0.,0.));
#3379=DIRECTION('',(0.,0.,-1.));
#3380=DIRECTION('',(1.,0.,0.));
#3381=DIRECTION('',(0.,0.,1.));
#3382=DIRECTION('',(0.,1.,0.));
#3383=DIRECTION('',(0.,0.,-1.));
#3384=DIRECTION('',(-1.,0.,0.));
#3385=DIRECTION('',(0.,0.,-1.));
#3386=DIRECTION('',(0.,-1.,0.));
#3387=DIRECTION('',(0.,0.,-1.));
#3388=DIRECTION('',(-1.,0.,0.));
#3389=DIRECTION('',(0.,0.,-1.));
#3390=DIRECTION('',(1.,0.,0.));
#3391=DIRECTION('',(0.,0.,-1.));
#3392=DIRECTION('',(-1.,0.,0.));
#3393=DIRECTION('',(0.,0.,-1.));
#3394=DIRECTION('',(1.,0.,0.));
#3395=DIRECTION('',(0.,0.,1.));
#3396=DIRECTION('',(1.,0.,0.));
#3397=DIRECTION('',(0.,0.,1.));
#3398=DIRECTION('',(0.,1.,0.));
#3399=DIRECTION('',(2.02187809227646E-14,-2.04032561510496E-14,1.));
#3400=DIRECTION('',(0.,-1.,-2.04032561510496E-14));
#3401=DIRECTION('',(0.,0.,1.));
#3402=DIRECTION('',(0.,1.,0.));
#3403=DIRECTION('',(0.,0.,1.));
#3404=DIRECTION('',(1.,0.,0.));
#3405=DIRECTION('',(0.,0.,1.));
#3406=DIRECTION('',(0.,1.,0.));
#3407=DIRECTION('',(0.,0.,-1.));
#3408=DIRECTION('',(-1.,0.,0.));
#3409=DIRECTION('',(0.,0.,-1.));
#3410=DIRECTION('',(0.,-1.,0.));
#3411=DIRECTION('',(0.,0.,1.));
#3412=DIRECTION('',(1.,0.,0.));
#3413=DIRECTION('',(0.,0.,1.));
#3414=DIRECTION('',(-0.0304877010981598,0.999535141994392,0.));
#3415=DIRECTION('',(0.,0.,1.));
#3416=DIRECTION('',(1.,0.,0.));
#3417=DIRECTION('',(0.,0.,1.));
#3418=DIRECTION('',(0.,1.,0.));
#3419=DIRECTION('',(0.,0.,1.));
#3420=DIRECTION('',(1.,0.,0.));
#3421=DIRECTION('',(0.,0.,1.));
#3422=DIRECTION('',(0.,1.,0.));
#3423=DIRECTION('',(0.,0.,1.));
#3424=DIRECTION('',(1.,0.,0.));
#3425=DIRECTION('',(0.,0.,1.));
#3426=DIRECTION('',(0.02294278268397,-0.9997367797189,0.));
#3427=DIRECTION('',(0.,0.,1.));
#3428=DIRECTION('',(1.,0.,0.));
#3429=DIRECTION('',(0.,0.,1.));
#3430=DIRECTION('',(0.,1.,0.));
#3431=DIRECTION('',(0.,0.,1.));
#3432=DIRECTION('',(1.,0.,0.));
#3433=DIRECTION('',(0.,0.,1.));
#3434=DIRECTION('',(0.0338920650789502,-0.999425498936606,0.));
#3435=DIRECTION('',(0.,0.,1.));
#3436=DIRECTION('',(1.,0.,0.));
#3437=DIRECTION('',(0.,0.,1.));
#3438=DIRECTION('',(0.,1.,0.));
#3439=DIRECTION('',(0.,0.,1.));
#3440=DIRECTION('',(1.,0.,0.));
#3441=DIRECTION('',(0.,0.,1.));
#3442=DIRECTION('',(0.0332358444971513,0.999447536712439,0.));
#3443=DIRECTION('',(0.,0.,1.));
#3444=DIRECTION('',(1.,0.,0.));
#3445=DIRECTION('',(0.,0.,1.));
#3446=DIRECTION('',(0.,1.,0.));
#3447=DIRECTION('',(0.,0.,1.));
#3448=DIRECTION('',(1.,0.,0.));
#3449=DIRECTION('',(0.,1.,0.));
#3450=DIRECTION('',(1.,0.,0.));
#3451=DIRECTION('',(0.,0.,-1.));
#3452=DIRECTION('',(1.,0.,0.));
#3453=DIRECTION('',(0.,0.,1.));
#3454=DIRECTION('',(0.,1.,0.));
#3455=DIRECTION('',(0.,0.,-1.));
#3456=DIRECTION('',(-1.,0.,0.));
#3457=DIRECTION('',(0.,0.,-1.));
#3458=DIRECTION('',(0.,-1.,0.));
#3459=DIRECTION('',(0.,0.,-1.));
#3460=DIRECTION('',(-1.,0.,0.));
#3461=DIRECTION('',(0.,0.,-1.));
#3462=DIRECTION('',(1.,0.,0.));
#3463=DIRECTION('',(0.,0.,-1.));
#3464=DIRECTION('',(-1.,0.,0.));
#3465=DIRECTION('',(0.,0.,-1.));
#3466=DIRECTION('',(1.,0.,0.));
#3467=DIRECTION('',(0.,0.,1.));
#3468=DIRECTION('',(1.,0.,0.));
#3469=DIRECTION('',(0.,0.,1.));
#3470=DIRECTION('',(0.,1.,0.));
#3471=DIRECTION('',(2.02187809227646E-14,-2.04032561510496E-14,1.));
#3472=DIRECTION('',(0.,-1.,-2.04032561510496E-14));
#3473=DIRECTION('',(0.,0.,1.));
#3474=DIRECTION('',(0.,1.,0.));
#3475=DIRECTION('',(0.,0.,1.));
#3476=DIRECTION('',(1.,0.,0.));
#3477=DIRECTION('',(0.,0.,1.));
#3478=DIRECTION('',(0.,1.,0.));
#3479=DIRECTION('',(0.,0.,-1.));
#3480=DIRECTION('',(-1.,0.,0.));
#3481=DIRECTION('',(0.,0.,-1.));
#3482=DIRECTION('',(0.,-1.,0.));
#3483=DIRECTION('',(0.,0.,1.));
#3484=DIRECTION('',(1.,0.,0.));
#3485=DIRECTION('',(0.,0.,1.));
#3486=DIRECTION('',(-0.0304877010981598,0.999535141994392,0.));
#3487=DIRECTION('',(0.,0.,1.));
#3488=DIRECTION('',(1.,0.,0.));
#3489=DIRECTION('',(0.,0.,1.));
#3490=DIRECTION('',(0.,1.,0.));
#3491=DIRECTION('',(0.,0.,1.));
#3492=DIRECTION('',(1.,0.,0.));
#3493=DIRECTION('',(0.,0.,1.));
#3494=DIRECTION('',(0.,1.,0.));
#3495=DIRECTION('',(0.,0.,1.));
#3496=DIRECTION('',(1.,0.,0.));
#3497=DIRECTION('',(0.,0.,1.));
#3498=DIRECTION('',(0.02294278268397,-0.9997367797189,0.));
#3499=DIRECTION('',(0.,0.,1.));
#3500=DIRECTION('',(1.,0.,0.));
#3501=DIRECTION('',(0.,0.,1.));
#3502=DIRECTION('',(0.,1.,0.));
#3503=DIRECTION('',(0.,0.,1.));
#3504=DIRECTION('',(1.,0.,0.));
#3505=DIRECTION('',(0.,0.,1.));
#3506=DIRECTION('',(0.0338920650789502,-0.999425498936606,0.));
#3507=DIRECTION('',(0.,0.,1.));
#3508=DIRECTION('',(1.,0.,0.));
#3509=DIRECTION('',(0.,0.,1.));
#3510=DIRECTION('',(0.,1.,0.));
#3511=DIRECTION('',(0.,0.,1.));
#3512=DIRECTION('',(1.,0.,0.));
#3513=DIRECTION('',(0.,0.,1.));
#3514=DIRECTION('',(0.0332358444971513,0.999447536712439,0.));
#3515=DIRECTION('',(0.,0.,1.));
#3516=DIRECTION('',(1.,0.,0.));
#3517=DIRECTION('',(0.,0.,1.));
#3518=DIRECTION('',(0.,1.,0.));
#3519=DIRECTION('',(0.,0.,1.));
#3520=DIRECTION('',(1.,0.,0.));
#3521=DIRECTION('',(0.,1.,0.));
#3522=DIRECTION('',(1.,0.,0.));
#3523=DIRECTION('',(0.,0.,-1.));
#3524=DIRECTION('',(1.,0.,0.));
#3525=DIRECTION('',(0.,0.,1.));
#3526=DIRECTION('',(0.,1.,0.));
#3527=DIRECTION('',(0.,0.,-1.));
#3528=DIRECTION('',(-1.,0.,0.));
#3529=DIRECTION('',(0.,0.,-1.));
#3530=DIRECTION('',(0.,-1.,0.));
#3531=DIRECTION('',(0.,0.,-1.));
#3532=DIRECTION('',(-1.,0.,0.));
#3533=DIRECTION('',(0.,0.,-1.));
#3534=DIRECTION('',(1.,0.,0.));
#3535=DIRECTION('',(0.,0.,-1.));
#3536=DIRECTION('',(-1.,0.,0.));
#3537=DIRECTION('',(0.,0.,-1.));
#3538=DIRECTION('',(1.,0.,0.));
#3539=DIRECTION('',(0.,0.,1.));
#3540=DIRECTION('',(1.,0.,0.));
#3541=DIRECTION('',(0.,0.,1.));
#3542=DIRECTION('',(0.,1.,0.));
#3543=DIRECTION('',(2.02187809227646E-14,-2.04032561510496E-14,1.));
#3544=DIRECTION('',(0.,-1.,-2.04032561510496E-14));
#3545=DIRECTION('',(0.,0.,1.));
#3546=DIRECTION('',(0.,1.,0.));
#3547=DIRECTION('',(0.,0.,1.));
#3548=DIRECTION('',(1.,0.,0.));
#3549=DIRECTION('',(0.,0.,1.));
#3550=DIRECTION('',(0.,1.,0.));
#3551=DIRECTION('',(0.,0.,-1.));
#3552=DIRECTION('',(-1.,0.,0.));
#3553=DIRECTION('',(0.,0.,-1.));
#3554=DIRECTION('',(0.,-1.,0.));
#3555=DIRECTION('',(0.,0.,1.));
#3556=DIRECTION('',(1.,0.,0.));
#3557=DIRECTION('',(0.,0.,1.));
#3558=DIRECTION('',(-0.0304877010981598,0.999535141994392,0.));
#3559=DIRECTION('',(0.,0.,1.));
#3560=DIRECTION('',(1.,0.,0.));
#3561=DIRECTION('',(0.,0.,1.));
#3562=DIRECTION('',(0.,1.,0.));
#3563=DIRECTION('',(0.,0.,1.));
#3564=DIRECTION('',(1.,0.,0.));
#3565=DIRECTION('',(0.,0.,1.));
#3566=DIRECTION('',(0.,1.,0.));
#3567=DIRECTION('',(0.,0.,1.));
#3568=DIRECTION('',(1.,0.,0.));
#3569=DIRECTION('',(0.,0.,1.));
#3570=DIRECTION('',(0.02294278268397,-0.9997367797189,0.));
#3571=DIRECTION('',(0.,0.,1.));
#3572=DIRECTION('',(1.,0.,0.));
#3573=DIRECTION('',(0.,0.,1.));
#3574=DIRECTION('',(0.,1.,0.));
#3575=DIRECTION('',(0.,0.,1.));
#3576=DIRECTION('',(1.,0.,0.));
#3577=DIRECTION('',(0.,0.,1.));
#3578=DIRECTION('',(0.0338920650789502,-0.999425498936606,0.));
#3579=DIRECTION('',(0.,0.,1.));
#3580=DIRECTION('',(1.,0.,0.));
#3581=DIRECTION('',(0.,0.,1.));
#3582=DIRECTION('',(0.,1.,0.));
#3583=DIRECTION('',(0.,0.,1.));
#3584=DIRECTION('',(1.,0.,0.));
#3585=DIRECTION('',(0.,0.,1.));
#3586=DIRECTION('',(0.0332358444971513,0.999447536712439,0.));
#3587=DIRECTION('',(0.,0.,1.));
#3588=DIRECTION('',(1.,0.,0.));
#3589=DIRECTION('',(0.,0.,1.));
#3590=DIRECTION('',(0.,1.,0.));
#3591=DIRECTION('',(0.,0.,1.));
#3592=DIRECTION('',(1.,0.,0.));
#3593=DIRECTION('',(0.,1.,0.));
#3594=DIRECTION('',(1.,0.,0.));
#3595=DIRECTION('',(0.,0.,-1.));
#3596=DIRECTION('',(1.,0.,0.));
#3597=DIRECTION('',(0.,0.,1.));
#3598=DIRECTION('',(0.,1.,0.));
#3599=DIRECTION('',(0.,0.,-1.));
#3600=DIRECTION('',(-1.,0.,0.));
#3601=DIRECTION('',(0.,0.,-1.));
#3602=DIRECTION('',(0.,-1.,0.));
#3603=DIRECTION('',(0.,0.,-1.));
#3604=DIRECTION('',(-1.,0.,0.));
#3605=DIRECTION('',(0.,0.,-1.));
#3606=DIRECTION('',(1.,0.,0.));
#3607=DIRECTION('',(0.,0.,-1.));
#3608=DIRECTION('',(-1.,0.,0.));
#3609=DIRECTION('',(0.,0.,-1.));
#3610=DIRECTION('',(1.,0.,0.));
#3611=DIRECTION('',(0.,0.,1.));
#3612=DIRECTION('',(1.,0.,0.));
#3613=DIRECTION('',(0.,0.,1.));
#3614=DIRECTION('',(0.,1.,0.));
#3615=DIRECTION('',(2.02187809227646E-14,-2.04032561510496E-14,1.));
#3616=DIRECTION('',(0.,-1.,-2.04032561510496E-14));
#3617=DIRECTION('',(0.,0.,1.));
#3618=DIRECTION('',(0.,1.,0.));
#3619=DIRECTION('',(0.,0.,1.));
#3620=DIRECTION('',(1.,0.,0.));
#3621=DIRECTION('',(0.,0.,1.));
#3622=DIRECTION('',(0.,1.,0.));
#3623=DIRECTION('',(0.,0.,-1.));
#3624=DIRECTION('',(-1.,0.,0.));
#3625=DIRECTION('',(0.,0.,-1.));
#3626=DIRECTION('',(0.,-1.,0.));
#3627=DIRECTION('',(0.,0.,1.));
#3628=DIRECTION('',(1.,0.,0.));
#3629=DIRECTION('',(0.,0.,1.));
#3630=DIRECTION('',(-0.0304877010981598,0.999535141994392,0.));
#3631=DIRECTION('',(0.,0.,1.));
#3632=DIRECTION('',(1.,0.,0.));
#3633=DIRECTION('',(0.,0.,1.));
#3634=DIRECTION('',(0.,1.,0.));
#3635=DIRECTION('',(0.,0.,1.));
#3636=DIRECTION('',(1.,0.,0.));
#3637=DIRECTION('',(0.,0.,1.));
#3638=DIRECTION('',(0.,1.,0.));
#3639=DIRECTION('',(0.,0.,1.));
#3640=DIRECTION('',(1.,0.,0.));
#3641=DIRECTION('',(0.,0.,1.));
#3642=DIRECTION('',(0.02294278268397,-0.9997367797189,0.));
#3643=DIRECTION('',(0.,0.,1.));
#3644=DIRECTION('',(1.,0.,0.));
#3645=DIRECTION('',(0.,0.,1.));
#3646=DIRECTION('',(0.,1.,0.));
#3647=DIRECTION('',(0.,0.,1.));
#3648=DIRECTION('',(1.,0.,0.));
#3649=DIRECTION('',(0.,0.,1.));
#3650=DIRECTION('',(0.0338920650789502,-0.999425498936606,0.));
#3651=DIRECTION('',(0.,0.,1.));
#3652=DIRECTION('',(1.,0.,0.));
#3653=DIRECTION('',(0.,0.,1.));
#3654=DIRECTION('',(0.,1.,0.));
#3655=DIRECTION('',(0.,0.,1.));
#3656=DIRECTION('',(1.,0.,0.));
#3657=DIRECTION('',(0.,0.,1.));
#3658=DIRECTION('',(0.0332358444971513,0.999447536712439,0.));
#3659=DIRECTION('',(0.,0.,1.));
#3660=DIRECTION('',(1.,0.,0.));
#3661=DIRECTION('',(0.,0.,1.));
#3662=DIRECTION('',(0.,1.,0.));
#3663=DIRECTION('',(0.,0.,1.));
#3664=DIRECTION('',(1.,0.,0.));
#3665=DIRECTION('',(0.,1.,0.));
#3666=DIRECTION('',(1.,0.,0.));
#3667=DIRECTION('',(0.,0.,-1.));
#3668=DIRECTION('',(1.,0.,0.));
#3669=DIRECTION('',(0.,0.,1.));
#3670=DIRECTION('',(0.,1.,0.));
#3671=DIRECTION('',(0.,0.,-1.));
#3672=DIRECTION('',(-1.,0.,0.));
#3673=DIRECTION('',(0.,0.,-1.));
#3674=DIRECTION('',(0.,-1.,0.));
#3675=DIRECTION('',(0.,0.,-1.));
#3676=DIRECTION('',(-1.,0.,0.));
#3677=DIRECTION('',(0.,0.,-1.));
#3678=DIRECTION('',(1.,0.,0.));
#3679=DIRECTION('',(0.,0.,-1.));
#3680=DIRECTION('',(-1.,0.,0.));
#3681=DIRECTION('',(0.,0.,-1.));
#3682=DIRECTION('',(1.,0.,0.));
#3683=DIRECTION('',(0.,0.,1.));
#3684=DIRECTION('',(1.,0.,0.));
#3685=DIRECTION('',(0.,0.,1.));
#3686=DIRECTION('',(0.,1.,0.));
#3687=DIRECTION('',(2.02187809227646E-14,-2.04032561510496E-14,1.));
#3688=DIRECTION('',(0.,-1.,-2.04032561510496E-14));
#3689=DIRECTION('',(0.,0.,1.));
#3690=DIRECTION('',(0.,1.,0.));
#3691=DIRECTION('',(0.,0.,1.));
#3692=DIRECTION('',(1.,0.,0.));
#3693=DIRECTION('',(0.,0.,1.));
#3694=DIRECTION('',(0.,1.,0.));
#3695=DIRECTION('',(0.,0.,-1.));
#3696=DIRECTION('',(-1.,0.,0.));
#3697=DIRECTION('',(0.,0.,-1.));
#3698=DIRECTION('',(0.,-1.,0.));
#3699=DIRECTION('',(0.,0.,1.));
#3700=DIRECTION('',(1.,0.,0.));
#3701=DIRECTION('',(0.,0.,1.));
#3702=DIRECTION('',(-0.0304877010981598,0.999535141994392,0.));
#3703=DIRECTION('',(0.,0.,1.));
#3704=DIRECTION('',(1.,0.,0.));
#3705=DIRECTION('',(0.,0.,1.));
#3706=DIRECTION('',(0.,1.,0.));
#3707=DIRECTION('',(0.,0.,1.));
#3708=DIRECTION('',(1.,0.,0.));
#3709=DIRECTION('',(0.,0.,1.));
#3710=DIRECTION('',(0.,1.,0.));
#3711=DIRECTION('',(0.,0.,1.));
#3712=DIRECTION('',(1.,0.,0.));
#3713=DIRECTION('',(0.,0.,1.));
#3714=DIRECTION('',(0.02294278268397,-0.9997367797189,0.));
#3715=DIRECTION('',(0.,0.,1.));
#3716=DIRECTION('',(1.,0.,0.));
#3717=DIRECTION('',(0.,0.,1.));
#3718=DIRECTION('',(0.,1.,0.));
#3719=DIRECTION('',(0.,0.,1.));
#3720=DIRECTION('',(1.,0.,0.));
#3721=DIRECTION('',(0.,0.,1.));
#3722=DIRECTION('',(0.0338920650789502,-0.999425498936606,0.));
#3723=DIRECTION('',(0.,0.,1.));
#3724=DIRECTION('',(1.,0.,0.));
#3725=DIRECTION('',(0.,0.,1.));
#3726=DIRECTION('',(0.,1.,0.));
#3727=DIRECTION('',(0.,0.,1.));
#3728=DIRECTION('',(1.,0.,0.));
#3729=DIRECTION('',(0.,0.,1.));
#3730=DIRECTION('',(0.0332358444971513,0.999447536712439,0.));
#3731=DIRECTION('',(0.,0.,1.));
#3732=DIRECTION('',(1.,0.,0.));
#3733=DIRECTION('',(0.,0.,1.));
#3734=DIRECTION('',(0.,1.,0.));
#3735=DIRECTION('',(0.,0.,1.));
#3736=DIRECTION('',(1.,0.,0.));
#3737=DIRECTION('',(0.,1.,0.));
#3738=DIRECTION('',(1.,0.,0.));
#3739=DIRECTION('',(0.,0.,-1.));
#3740=DIRECTION('',(1.,0.,0.));
#3741=DIRECTION('',(0.,0.,1.));
#3742=DIRECTION('',(0.,1.,0.));
#3743=DIRECTION('',(0.,0.,-1.));
#3744=DIRECTION('',(-1.,0.,0.));
#3745=DIRECTION('',(0.,0.,-1.));
#3746=DIRECTION('',(0.,-1.,0.));
#3747=DIRECTION('',(0.,0.,-1.));
#3748=DIRECTION('',(-1.,0.,0.));
#3749=DIRECTION('',(0.,0.,-1.));
#3750=DIRECTION('',(1.,0.,0.));
#3751=DIRECTION('',(0.,0.,-1.));
#3752=DIRECTION('',(-1.,0.,0.));
#3753=DIRECTION('',(0.,0.,-1.));
#3754=DIRECTION('',(1.,0.,0.));
#3755=DIRECTION('',(0.,0.,1.));
#3756=DIRECTION('',(1.,0.,0.));
#3757=DIRECTION('',(0.,0.,1.));
#3758=DIRECTION('',(0.,1.,0.));
#3759=DIRECTION('',(2.02187809227646E-14,-2.04032561510496E-14,1.));
#3760=DIRECTION('',(0.,-1.,-2.04032561510496E-14));
#3761=DIRECTION('',(0.,0.,1.));
#3762=DIRECTION('',(0.,1.,0.));
#3763=DIRECTION('',(0.,0.,1.));
#3764=DIRECTION('',(1.,0.,0.));
#3765=DIRECTION('',(0.,0.,1.));
#3766=DIRECTION('',(0.,1.,0.));
#3767=DIRECTION('',(0.,0.,-1.));
#3768=DIRECTION('',(-1.,0.,0.));
#3769=DIRECTION('',(0.,0.,-1.));
#3770=DIRECTION('',(0.,-1.,0.));
#3771=DIRECTION('',(0.,0.,1.));
#3772=DIRECTION('',(1.,0.,0.));
#3773=DIRECTION('',(0.,0.,1.));
#3774=DIRECTION('',(-0.0304877010981598,0.999535141994392,0.));
#3775=DIRECTION('',(0.,0.,1.));
#3776=DIRECTION('',(1.,0.,0.));
#3777=DIRECTION('',(0.,0.,1.));
#3778=DIRECTION('',(0.,1.,0.));
#3779=DIRECTION('',(0.,0.,1.));
#3780=DIRECTION('',(1.,0.,0.));
#3781=DIRECTION('',(0.,0.,1.));
#3782=DIRECTION('',(0.,1.,0.));
#3783=DIRECTION('',(0.,0.,1.));
#3784=DIRECTION('',(1.,0.,0.));
#3785=DIRECTION('',(0.,0.,1.));
#3786=DIRECTION('',(0.02294278268397,-0.9997367797189,0.));
#3787=DIRECTION('',(0.,0.,1.));
#3788=DIRECTION('',(1.,0.,0.));
#3789=DIRECTION('',(0.,0.,1.));
#3790=DIRECTION('',(0.,1.,0.));
#3791=DIRECTION('',(0.,0.,1.));
#3792=DIRECTION('',(1.,0.,0.));
#3793=DIRECTION('',(0.,0.,1.));
#3794=DIRECTION('',(0.0338920650789502,-0.999425498936606,0.));
#3795=DIRECTION('',(0.,0.,1.));
#3796=DIRECTION('',(1.,0.,0.));
#3797=DIRECTION('',(0.,0.,1.));
#3798=DIRECTION('',(0.,1.,0.));
#3799=DIRECTION('',(0.,0.,1.));
#3800=DIRECTION('',(1.,0.,0.));
#3801=DIRECTION('',(0.,0.,1.));
#3802=DIRECTION('',(0.0332358444971513,0.999447536712439,0.));
#3803=DIRECTION('',(0.,0.,1.));
#3804=DIRECTION('',(1.,0.,0.));
#3805=DIRECTION('',(0.,0.,1.));
#3806=DIRECTION('',(0.,1.,0.));
#3807=DIRECTION('',(0.,0.,1.));
#3808=DIRECTION('',(1.,0.,0.));
#3809=DIRECTION('',(0.,1.,0.));
#3810=DIRECTION('',(1.,0.,0.));
#3811=DIRECTION('',(0.,0.,-1.));
#3812=DIRECTION('',(1.,0.,0.));
#3813=DIRECTION('',(0.,0.,1.));
#3814=DIRECTION('',(0.,1.,0.));
#3815=DIRECTION('',(0.,0.,-1.));
#3816=DIRECTION('',(-1.,0.,0.));
#3817=DIRECTION('',(0.,0.,-1.));
#3818=DIRECTION('',(0.,-1.,0.));
#3819=DIRECTION('',(0.,0.,-1.));
#3820=DIRECTION('',(-1.,0.,0.));
#3821=DIRECTION('',(0.,0.,-1.));
#3822=DIRECTION('',(1.,0.,0.));
#3823=DIRECTION('',(0.,0.,-1.));
#3824=DIRECTION('',(-1.,0.,0.));
#3825=DIRECTION('',(0.,0.,-1.));
#3826=DIRECTION('',(1.,0.,0.));
#3827=DIRECTION('',(0.,0.,1.));
#3828=DIRECTION('',(1.,0.,0.));
#3829=DIRECTION('',(0.,0.,1.));
#3830=DIRECTION('',(0.,1.,0.));
#3831=DIRECTION('',(2.02187809227646E-14,-2.04032561510496E-14,1.));
#3832=DIRECTION('',(0.,-1.,-2.04032561510496E-14));
#3833=DIRECTION('',(0.,0.,1.));
#3834=DIRECTION('',(0.,1.,0.));
#3835=DIRECTION('',(0.,0.,1.));
#3836=DIRECTION('',(1.,0.,0.));
#3837=DIRECTION('',(0.,0.,1.));
#3838=DIRECTION('',(0.,1.,0.));
#3839=DIRECTION('',(0.,0.,-1.));
#3840=DIRECTION('',(-1.,0.,0.));
#3841=DIRECTION('',(0.,0.,-1.));
#3842=DIRECTION('',(0.,-1.,0.));
#3843=DIRECTION('',(0.,0.,1.));
#3844=DIRECTION('',(1.,0.,0.));
#3845=DIRECTION('',(0.,0.,1.));
#3846=DIRECTION('',(-0.0304877010981598,0.999535141994392,0.));
#3847=DIRECTION('',(0.,0.,1.));
#3848=DIRECTION('',(1.,0.,0.));
#3849=DIRECTION('',(0.,0.,1.));
#3850=DIRECTION('',(0.,1.,0.));
#3851=DIRECTION('',(0.,0.,1.));
#3852=DIRECTION('',(1.,0.,0.));
#3853=DIRECTION('',(0.,0.,1.));
#3854=DIRECTION('',(0.,1.,0.));
#3855=DIRECTION('',(0.,0.,1.));
#3856=DIRECTION('',(1.,0.,0.));
#3857=DIRECTION('',(0.,0.,1.));
#3858=DIRECTION('',(0.02294278268397,-0.9997367797189,0.));
#3859=DIRECTION('',(0.,0.,1.));
#3860=DIRECTION('',(1.,0.,0.));
#3861=DIRECTION('',(0.,0.,1.));
#3862=DIRECTION('',(0.,1.,0.));
#3863=DIRECTION('',(0.,0.,1.));
#3864=DIRECTION('',(1.,0.,0.));
#3865=DIRECTION('',(0.,0.,1.));
#3866=DIRECTION('',(0.0338920650789502,-0.999425498936606,0.));
#3867=DIRECTION('',(0.,0.,1.));
#3868=DIRECTION('',(1.,0.,0.));
#3869=DIRECTION('',(0.,0.,1.));
#3870=DIRECTION('',(0.,1.,0.));
#3871=DIRECTION('',(0.,0.,1.));
#3872=DIRECTION('',(1.,0.,0.));
#3873=DIRECTION('',(0.,0.,1.));
#3874=DIRECTION('',(0.0332358444971513,0.999447536712439,0.));
#3875=DIRECTION('',(0.,0.,1.));
#3876=DIRECTION('',(1.,0.,0.));
#3877=DIRECTION('',(0.,0.,1.));
#3878=DIRECTION('',(0.,1.,0.));
#3879=DIRECTION('',(0.,0.,1.));
#3880=DIRECTION('',(1.,0.,0.));
#3881=DIRECTION('',(0.,1.,0.));
#3882=DIRECTION('',(1.,0.,0.));
#3883=DIRECTION('',(0.,0.,-1.));
#3884=DIRECTION('',(1.,0.,0.));
#3885=DIRECTION('',(0.,0.,1.));
#3886=DIRECTION('',(0.,1.,0.));
#3887=DIRECTION('',(0.,0.,-1.));
#3888=DIRECTION('',(-1.,0.,0.));
#3889=DIRECTION('',(0.,0.,-1.));
#3890=DIRECTION('',(0.,-1.,0.));
#3891=DIRECTION('',(0.,0.,-1.));
#3892=DIRECTION('',(-1.,0.,0.));
#3893=DIRECTION('',(0.,0.,-1.));
#3894=DIRECTION('',(1.,0.,0.));
#3895=DIRECTION('',(0.,0.,-1.));
#3896=DIRECTION('',(-1.,0.,0.));
#3897=DIRECTION('',(0.,0.,-1.));
#3898=DIRECTION('',(1.,0.,0.));
#3899=DIRECTION('',(0.,0.,1.));
#3900=DIRECTION('',(1.,0.,0.));
#3901=DIRECTION('',(0.,0.,1.));
#3902=DIRECTION('',(0.,1.,0.));
#3903=DIRECTION('',(2.02187809227646E-14,-2.04032561510496E-14,1.));
#3904=DIRECTION('',(0.,-1.,-2.04032561510496E-14));
#3905=DIRECTION('',(0.,0.,1.));
#3906=DIRECTION('',(0.,1.,0.));
#3907=DIRECTION('',(0.,0.,1.));
#3908=DIRECTION('',(1.,0.,0.));
#3909=DIRECTION('',(0.,0.,1.));
#3910=DIRECTION('',(0.,1.,0.));
#3911=DIRECTION('',(0.,0.,-1.));
#3912=DIRECTION('',(-1.,0.,0.));
#3913=DIRECTION('',(0.,0.,-1.));
#3914=DIRECTION('',(0.,-1.,0.));
#3915=DIRECTION('',(0.,0.,1.));
#3916=DIRECTION('',(1.,0.,0.));
#3917=DIRECTION('',(0.,0.,1.));
#3918=DIRECTION('',(-0.0304877010981598,0.999535141994392,0.));
#3919=DIRECTION('',(0.,0.,1.));
#3920=DIRECTION('',(1.,0.,0.));
#3921=DIRECTION('',(0.,0.,1.));
#3922=DIRECTION('',(0.,1.,0.));
#3923=DIRECTION('',(0.,0.,1.));
#3924=DIRECTION('',(1.,0.,0.));
#3925=DIRECTION('',(0.,0.,1.));
#3926=DIRECTION('',(0.,1.,0.));
#3927=DIRECTION('',(0.,0.,1.));
#3928=DIRECTION('',(1.,0.,0.));
#3929=DIRECTION('',(0.,0.,1.));
#3930=DIRECTION('',(0.02294278268397,-0.9997367797189,0.));
#3931=DIRECTION('',(0.,0.,1.));
#3932=DIRECTION('',(1.,0.,0.));
#3933=DIRECTION('',(0.,0.,1.));
#3934=DIRECTION('',(0.,1.,0.));
#3935=DIRECTION('',(0.,0.,1.));
#3936=DIRECTION('',(1.,0.,0.));
#3937=DIRECTION('',(0.,0.,1.));
#3938=DIRECTION('',(0.0338920650789502,-0.999425498936606,0.));
#3939=DIRECTION('',(0.,0.,1.));
#3940=DIRECTION('',(1.,0.,0.));
#3941=DIRECTION('',(0.,0.,1.));
#3942=DIRECTION('',(0.,1.,0.));
#3943=DIRECTION('',(0.,0.,1.));
#3944=DIRECTION('',(1.,0.,0.));
#3945=DIRECTION('',(0.,0.,1.));
#3946=DIRECTION('',(0.0332358444971513,0.999447536712439,0.));
#3947=DIRECTION('',(0.,0.,1.));
#3948=DIRECTION('',(1.,0.,0.));
#3949=DIRECTION('',(0.,0.,1.));
#3950=DIRECTION('',(0.,1.,0.));
#3951=DIRECTION('',(0.,0.,1.));
#3952=DIRECTION('',(1.,0.,0.));
#3953=DIRECTION('',(0.,1.,0.));
#3954=DIRECTION('',(1.,0.,0.));
#3955=DIRECTION('',(0.,0.,-1.));
#3956=DIRECTION('',(1.,0.,0.));
#3957=DIRECTION('',(0.,0.,1.));
#3958=DIRECTION('',(0.,1.,0.));
#3959=DIRECTION('',(0.,0.,-1.));
#3960=DIRECTION('',(-1.,0.,0.));
#3961=DIRECTION('',(0.,0.,-1.));
#3962=DIRECTION('',(0.,-1.,0.));
#3963=DIRECTION('',(0.,0.,-1.));
#3964=DIRECTION('',(-1.,0.,0.));
#3965=DIRECTION('',(0.,0.,-1.));
#3966=DIRECTION('',(1.,0.,0.));
#3967=DIRECTION('',(0.,0.,-1.));
#3968=DIRECTION('',(-1.,0.,0.));
#3969=DIRECTION('',(0.,0.,-1.));
#3970=DIRECTION('',(1.,0.,0.));
#3971=DIRECTION('',(0.,0.,1.));
#3972=DIRECTION('',(1.,0.,0.));
#3973=DIRECTION('',(0.,0.,1.));
#3974=DIRECTION('',(0.,1.,0.));
#3975=DIRECTION('',(2.02187809227646E-14,-2.04032561510496E-14,1.));
#3976=DIRECTION('',(0.,-1.,-2.04032561510496E-14));
#3977=DIRECTION('',(0.,0.,1.));
#3978=DIRECTION('',(0.,1.,0.));
#3979=DIRECTION('',(0.,0.,1.));
#3980=DIRECTION('',(1.,0.,0.));
#3981=DIRECTION('',(0.,0.,1.));
#3982=DIRECTION('',(0.,1.,0.));
#3983=DIRECTION('',(0.,0.,-1.));
#3984=DIRECTION('',(-1.,0.,0.));
#3985=DIRECTION('',(0.,0.,-1.));
#3986=DIRECTION('',(0.,-1.,0.));
#3987=DIRECTION('',(0.,0.,1.));
#3988=DIRECTION('',(1.,0.,0.));
#3989=DIRECTION('',(0.,0.,1.));
#3990=DIRECTION('',(-0.0304877010981598,0.999535141994392,0.));
#3991=DIRECTION('',(0.,0.,1.));
#3992=DIRECTION('',(1.,0.,0.));
#3993=DIRECTION('',(0.,0.,1.));
#3994=DIRECTION('',(0.,1.,0.));
#3995=DIRECTION('',(0.,0.,1.));
#3996=DIRECTION('',(1.,0.,0.));
#3997=DIRECTION('',(0.,0.,1.));
#3998=DIRECTION('',(0.,1.,0.));
#3999=DIRECTION('',(0.,0.,1.));
#4000=DIRECTION('',(1.,0.,0.));
#4001=DIRECTION('',(0.,0.,1.));
#4002=DIRECTION('',(0.02294278268397,-0.9997367797189,0.));
#4003=DIRECTION('',(0.,0.,1.));
#4004=DIRECTION('',(1.,0.,0.));
#4005=DIRECTION('',(0.,0.,1.));
#4006=DIRECTION('',(0.,1.,0.));
#4007=DIRECTION('',(0.,0.,1.));
#4008=DIRECTION('',(1.,0.,0.));
#4009=DIRECTION('',(0.,0.,1.));
#4010=DIRECTION('',(0.0338920650789502,-0.999425498936606,0.));
#4011=DIRECTION('',(0.,0.,1.));
#4012=DIRECTION('',(1.,0.,0.));
#4013=DIRECTION('',(0.,0.,1.));
#4014=DIRECTION('',(0.,1.,0.));
#4015=DIRECTION('',(0.,0.,1.));
#4016=DIRECTION('',(1.,0.,0.));
#4017=DIRECTION('',(0.,0.,1.));
#4018=DIRECTION('',(0.0332358444971513,0.999447536712439,0.));
#4019=DIRECTION('',(0.,0.,1.));
#4020=DIRECTION('',(1.,0.,0.));
#4021=DIRECTION('',(0.,0.,1.));
#4022=DIRECTION('',(0.,1.,0.));
#4023=DIRECTION('',(0.,0.,1.));
#4024=DIRECTION('',(1.,0.,0.));
#4025=DIRECTION('',(0.,1.,0.));
#4026=DIRECTION('',(1.,0.,0.));
#4027=DIRECTION('',(0.,0.,-1.));
#4028=DIRECTION('',(1.,0.,0.));
#4029=DIRECTION('',(0.,0.,1.));
#4030=DIRECTION('',(0.,1.,0.));
#4031=DIRECTION('',(0.,0.,-1.));
#4032=DIRECTION('',(-1.,0.,0.));
#4033=DIRECTION('',(0.,0.,-1.));
#4034=DIRECTION('',(0.,-1.,0.));
#4035=DIRECTION('',(0.,0.,-1.));
#4036=DIRECTION('',(-1.,0.,0.));
#4037=DIRECTION('',(0.,0.,-1.));
#4038=DIRECTION('',(1.,0.,0.));
#4039=DIRECTION('',(0.,0.,-1.));
#4040=DIRECTION('',(-1.,0.,0.));
#4041=DIRECTION('',(0.,0.,-1.));
#4042=DIRECTION('',(1.,0.,0.));
#4043=DIRECTION('',(0.,0.,1.));
#4044=DIRECTION('',(1.,0.,0.));
#4045=DIRECTION('',(0.,0.,1.));
#4046=DIRECTION('',(0.,1.,0.));
#4047=DIRECTION('',(2.02187809227646E-14,-2.04032561510496E-14,1.));
#4048=DIRECTION('',(0.,-1.,-2.04032561510496E-14));
#4049=DIRECTION('',(0.,0.,1.));
#4050=DIRECTION('',(0.,1.,0.));
#4051=DIRECTION('',(0.,0.,1.));
#4052=DIRECTION('',(1.,0.,0.));
#4053=DIRECTION('',(0.,0.,1.));
#4054=DIRECTION('',(0.,1.,0.));
#4055=DIRECTION('',(0.,0.,-1.));
#4056=DIRECTION('',(-1.,0.,0.));
#4057=DIRECTION('',(0.,0.,-1.));
#4058=DIRECTION('',(0.,-1.,0.));
#4059=DIRECTION('',(0.,0.,1.));
#4060=DIRECTION('',(1.,0.,0.));
#4061=DIRECTION('',(0.,0.,1.));
#4062=DIRECTION('',(-0.0304877010981598,0.999535141994392,0.));
#4063=DIRECTION('',(0.,0.,1.));
#4064=DIRECTION('',(1.,0.,0.));
#4065=DIRECTION('',(0.,0.,1.));
#4066=DIRECTION('',(0.,1.,0.));
#4067=DIRECTION('',(0.,0.,1.));
#4068=DIRECTION('',(1.,0.,0.));
#4069=DIRECTION('',(0.,0.,1.));
#4070=DIRECTION('',(0.,1.,0.));
#4071=DIRECTION('',(0.,0.,1.));
#4072=DIRECTION('',(1.,0.,0.));
#4073=DIRECTION('',(0.,0.,1.));
#4074=DIRECTION('',(0.02294278268397,-0.9997367797189,0.));
#4075=DIRECTION('',(0.,0.,1.));
#4076=DIRECTION('',(1.,0.,0.));
#4077=DIRECTION('',(0.,0.,1.));
#4078=DIRECTION('',(0.,1.,0.));
#4079=DIRECTION('',(0.,0.,1.));
#4080=DIRECTION('',(1.,0.,0.));
#4081=DIRECTION('',(0.,0.,1.));
#4082=DIRECTION('',(0.0338920650789502,-0.999425498936606,0.));
#4083=DIRECTION('',(0.,0.,1.));
#4084=DIRECTION('',(1.,0.,0.));
#4085=DIRECTION('',(0.,0.,1.));
#4086=DIRECTION('',(0.,1.,0.));
#4087=DIRECTION('',(0.,0.,1.));
#4088=DIRECTION('',(1.,0.,0.));
#4089=DIRECTION('',(0.,0.,1.));
#4090=DIRECTION('',(0.0332358444971513,0.999447536712439,0.));
#4091=DIRECTION('',(0.,0.,1.));
#4092=DIRECTION('',(1.,0.,0.));
#4093=DIRECTION('',(0.,0.,1.));
#4094=DIRECTION('',(0.,1.,0.));
#4095=DIRECTION('',(0.,0.,1.));
#4096=DIRECTION('',(1.,0.,0.));
#4097=DIRECTION('',(0.,1.,0.));
#4098=DIRECTION('',(1.,0.,0.));
#4099=DIRECTION('',(0.,0.,-1.));
#4100=DIRECTION('',(1.,0.,0.));
#4101=DIRECTION('',(0.,0.,1.));
#4102=DIRECTION('',(0.,1.,0.));
#4103=DIRECTION('',(0.,0.,-1.));
#4104=DIRECTION('',(-1.,0.,0.));
#4105=DIRECTION('',(0.,0.,-1.));
#4106=DIRECTION('',(0.,-1.,0.));
#4107=DIRECTION('',(0.,0.,-1.));
#4108=DIRECTION('',(-1.,0.,0.));
#4109=DIRECTION('',(0.,0.,-1.));
#4110=DIRECTION('',(1.,0.,0.));
#4111=DIRECTION('',(0.,0.,-1.));
#4112=DIRECTION('',(-1.,0.,0.));
#4113=DIRECTION('',(0.,0.,-1.));
#4114=DIRECTION('',(1.,0.,0.));
#4115=CARTESIAN_POINT('',(0.,0.,0.));
#4116=CARTESIAN_POINT('',(-0.00629,0.003555,0.));
#4117=CARTESIAN_POINT('',(-0.00629,0.0038003,0.));
#4118=CARTESIAN_POINT('',(-0.00640563552895004,0.0038003,0.));
#4119=CARTESIAN_POINT('',(-0.00666496447104996,0.003555,0.));
#4120=CARTESIAN_POINT('',(-0.00640563552895004,0.0033097,0.));
#4121=CARTESIAN_POINT('',(-0.00629,0.0033097,0.));
#4122=CARTESIAN_POINT('',(-0.00628999999978471,0.00330969999992179,-2.70488158361618E-19));
#4123=CARTESIAN_POINT('',(-0.0062900000002153,0.00380030000007822,-2.70566109315568E-19));
#4124=CARTESIAN_POINT('',(-0.00629,0.0033097,0.));
#4125=CARTESIAN_POINT('',(-0.00617436447104996,0.0033097,0.));
#4126=CARTESIAN_POINT('',(-0.00591503552895004,0.003555,0.));
#4127=CARTESIAN_POINT('',(-0.00617436447104996,0.0038003,0.));
#4128=CARTESIAN_POINT('',(-0.00629,0.0038003,0.));
#4129=CARTESIAN_POINT('',(-0.00629,0.003555,-0.000249999999999994));
#4130=CARTESIAN_POINT('',(-0.00629,0.0040503,-0.00025));
#4131=CARTESIAN_POINT('',(-0.00616033076322308,0.0040503,-0.00025));
#4132=CARTESIAN_POINT('',(-0.00590202464094507,0.00394312283780862,-0.00025));
#4133=CARTESIAN_POINT('',(-0.00574103767952747,0.003555,-0.00025));
#4134=CARTESIAN_POINT('',(-0.00590202464094506,0.00316687716219138,-0.00025));
#4135=CARTESIAN_POINT('',(-0.00616033076322308,0.0030597,-0.00025));
#4136=CARTESIAN_POINT('',(-0.00629,0.0030597,-0.00025));
#4137=CARTESIAN_POINT('',(-0.00629000000016629,0.0040503,-0.000250000062474846));
#4138=CARTESIAN_POINT('',(-0.00628999999983371,0.0030597,-0.000250000062474846));
#4139=CARTESIAN_POINT('',(-0.00629,0.0030597,-0.00025));
#4140=CARTESIAN_POINT('',(-0.00641966923677692,0.0030597,-0.00025));
#4141=CARTESIAN_POINT('',(-0.00667797535905493,0.00316687716219138,-0.00025));
#4142=CARTESIAN_POINT('',(-0.00683896232047253,0.003555,-0.00025));
#4143=CARTESIAN_POINT('',(-0.00667797535905494,0.00394312283780862,-0.00025));
#4144=CARTESIAN_POINT('',(-0.00641966923677692,0.0040503,-0.00025));
#4145=CARTESIAN_POINT('',(-0.00629,0.0040503,-0.00025));
#4146=CARTESIAN_POINT('',(-0.00629,0.003555,-0.01896237));
#4147=CARTESIAN_POINT('',(-0.00629,0.003555,-0.008859248775786));
#4148=CARTESIAN_POINT('',(-0.0057947,0.003555,-0.008859248775786));
#4149=CARTESIAN_POINT('',(-0.00629,0.003555,-0.008859248775786));
#4150=CARTESIAN_POINT('',(-0.00629,0.003555,-0.00975727438789304));
#4151=CARTESIAN_POINT('',(-0.00715727438789306,0.003555,-0.00975727438789304));
#4152=CARTESIAN_POINT('',(-0.00629,0.003555,-0.009794521465194));
#4153=CARTESIAN_POINT('',(-0.00629,0.003555,-0.00983176854249599));
#4154=CARTESIAN_POINT('',(-0.00534823145750416,0.003555,-0.00983176854249599));
#4155=CARTESIAN_POINT('',(-0.00629,0.003555,-0.00988833708499));
#4156=CARTESIAN_POINT('',(-0.00629,0.003555,-0.00988833708499));
#4157=CARTESIAN_POINT('',(-0.0053248,0.003555,-0.00988833708499));
#4158=CARTESIAN_POINT('',(-0.00629,0.003555,-0.01896237));
#4159=CARTESIAN_POINT('',(-0.00629,0.003555,-0.013081));
#4160=CARTESIAN_POINT('',(-0.0053248,0.003555,-0.013081));
#4161=CARTESIAN_POINT('',(-0.00629,0.003555,-0.013081));
#4162=CARTESIAN_POINT('',(-0.00629,0.003555,-0.013081));
#4163=CARTESIAN_POINT('',(-0.0051073,0.003555,-0.013081));
#4164=CARTESIAN_POINT('',(-0.00629,0.003555,-0.013181));
#4165=CARTESIAN_POINT('',(-0.00629,0.003555,-0.013181));
#4166=CARTESIAN_POINT('',(-0.0050073,0.003555,-0.013181));
#4167=CARTESIAN_POINT('',(-0.00629,0.003555,-0.01896237));
#4168=CARTESIAN_POINT('',(-0.00629,0.003555,-0.013743));
#4169=CARTESIAN_POINT('',(-0.0050073,0.003555,-0.013743));
#4170=CARTESIAN_POINT('',(-0.00629,0.003555,-0.013743));
#4171=CARTESIAN_POINT('',(-0.00629,0.003555,-0.013843));
#4172=CARTESIAN_POINT('',(-0.0051073,0.003555,-0.013843));
#4173=CARTESIAN_POINT('',(-0.00629,0.003555,-0.013843));
#4174=CARTESIAN_POINT('',(-0.00629,0.003555,-0.013843));
#4175=CARTESIAN_POINT('',(-0.0052248,0.003555,-0.013843));
#4176=CARTESIAN_POINT('',(-0.00629,0.003555,-0.013943));
#4177=CARTESIAN_POINT('',(-0.00629,0.003555,-0.013943));
#4178=CARTESIAN_POINT('',(-0.0053248,0.003555,-0.013943));
#4179=CARTESIAN_POINT('',(-0.00629,0.003555,-0.01896237));
#4180=CARTESIAN_POINT('',(-0.00600122268078244,0.00448506865187949,-0.0143165671677018));
#4181=CARTESIAN_POINT('',(-0.00629003234255398,0.00453775779291079,-0.0141967978264795));
#4182=CARTESIAN_POINT('',(-0.00657864794900166,0.00448510017647734,-0.0143164415263801));
#4183=CARTESIAN_POINT('',(-0.00669809302096258,0.00442821241059143,-0.0146050241122945));
#4184=CARTESIAN_POINT('',(-0.00657877996684539,0.004485066284381,-0.0148934254364411));
#4185=CARTESIAN_POINT('',(-0.00628998795115172,0.00453775779263191,-0.0150132021733814));
#4186=CARTESIAN_POINT('',(-0.00600135470227322,0.00448510254444596,-0.0148935658683418));
#4187=CARTESIAN_POINT('',(-0.00588190565431175,0.00442821122672466,-0.0146049758882535));
#4188=CARTESIAN_POINT('',(-0.00600122268078244,0.00448506865187949,-0.0143165671677018));
#4189=CARTESIAN_POINT('',(-0.00629003234255398,0.00453775779291079,-0.0141967978264795));
#4190=CARTESIAN_POINT('',(-0.00657864794900166,0.00448510017647734,-0.0143164415263801));
#4191=CARTESIAN_POINT('',(-0.00629,0.0045202,-0.0142367));
#4192=CARTESIAN_POINT('',(-0.00629,0.003555,-0.0180594));
#4193=CARTESIAN_POINT('',(-0.0053248,0.003555,-0.0180594));
#4194=CARTESIAN_POINT('',(-0.00629,0.00419,-0.014605));
#4195=CARTESIAN_POINT('',(-0.0065793326384708,0.00413692147360254,-0.0148932842174427));
#4196=CARTESIAN_POINT('',(-0.00669783521198632,0.00404001706945804,-0.014604847052331));
#4197=CARTESIAN_POINT('',(-0.00657912651358392,0.00413669901517835,-0.0143173275732332));
#4198=CARTESIAN_POINT('',(-0.0062915121069497,0.00421654305850452,-0.0141965738346113));
#4199=CARTESIAN_POINT('',(-0.00600106103511583,0.00413712364746643,-0.0143165858871903));
#4200=CARTESIAN_POINT('',(-0.00588216608658501,0.00404001823109093,-0.0146040313041691));
#4201=CARTESIAN_POINT('',(-0.00600047971955666,0.00413649582665408,-0.0148925408008376));
#4202=CARTESIAN_POINT('',(-0.00628848714007103,0.00421664439783065,-0.0150134915435215));
#4203=CARTESIAN_POINT('',(-0.0065793326384708,0.00413692147360254,-0.0148932842174427));
#4204=CARTESIAN_POINT('',(-0.00669783521198632,0.00404001706945804,-0.014604847052331));
#4205=CARTESIAN_POINT('',(-0.00657912651358392,0.00413669901517835,-0.0143173275732332));
#4206=CARTESIAN_POINT('',(-0.0066583,0.00407228146110218,-0.014605));
#4207=CARTESIAN_POINT('',(-0.00629,0.003555,-0.0180594));
#4208=CARTESIAN_POINT('',(-0.00629,0.003555,-0.0180594));
#4209=CARTESIAN_POINT('',(-0.00629,0.003555,-0.018059399999999));
#4210=CARTESIAN_POINT('',(-0.00710280000000094,0.003555,-0.018059399999999));
#4211=CARTESIAN_POINT('',(-0.00629,0.003555,-0.01797049999905));
#4212=CARTESIAN_POINT('',(-0.00629,0.003555,-0.0178815999999991));
#4213=CARTESIAN_POINT('',(-0.00692500000000096,0.003555,-0.0178815999999991));
#4214=CARTESIAN_POINT('',(-0.00629,0.003555,-0.0180594));
#4215=CARTESIAN_POINT('',(-0.00629,0.003555,-0.0170594));
#4216=CARTESIAN_POINT('',(-0.006925,0.003555,-0.0170594));
#4217=CARTESIAN_POINT('',(-0.00629,0.003555,-0.0170594));
#4218=CARTESIAN_POINT('',(0.,0.,0.));
#4219=CARTESIAN_POINT('',(0.01047,0.003555,0.));
#4220=CARTESIAN_POINT('',(0.01047,0.0038003,0.));
#4221=CARTESIAN_POINT('',(0.01035436447105,0.0038003,0.));
#4222=CARTESIAN_POINT('',(0.01009503552895,0.003555,0.));
#4223=CARTESIAN_POINT('',(0.01035436447105,0.0033097,0.));
#4224=CARTESIAN_POINT('',(0.01047,0.0033097,0.));
#4225=CARTESIAN_POINT('',(0.0104700000002153,0.00330969999992179,-2.70488158361618E-19));
#4226=CARTESIAN_POINT('',(0.0104699999997847,0.00380030000007822,-2.70566109315568E-19));
#4227=CARTESIAN_POINT('',(0.01047,0.0033097,0.));
#4228=CARTESIAN_POINT('',(0.01058563552895,0.0033097,0.));
#4229=CARTESIAN_POINT('',(0.01084496447105,0.003555,0.));
#4230=CARTESIAN_POINT('',(0.01058563552895,0.0038003,0.));
#4231=CARTESIAN_POINT('',(0.01047,0.0038003,0.));
#4232=CARTESIAN_POINT('',(0.01047,0.003555,-0.000249999999999994));
#4233=CARTESIAN_POINT('',(0.01047,0.0040503,-0.00025));
#4234=CARTESIAN_POINT('',(0.0105996692367769,0.0040503,-0.00025));
#4235=CARTESIAN_POINT('',(0.0108579753590549,0.00394312283780862,-0.00025));
#4236=CARTESIAN_POINT('',(0.0110189623204725,0.003555,-0.00025));
#4237=CARTESIAN_POINT('',(0.0108579753590549,0.00316687716219138,-0.00025));
#4238=CARTESIAN_POINT('',(0.0105996692367769,0.0030597,-0.00025));
#4239=CARTESIAN_POINT('',(0.01047,0.0030597,-0.00025));
#4240=CARTESIAN_POINT('',(0.0104699999998337,0.0040503,-0.000250000062474846));
#4241=CARTESIAN_POINT('',(0.0104700000001663,0.0030597,-0.000250000062474846));
#4242=CARTESIAN_POINT('',(0.01047,0.0030597,-0.00025));
#4243=CARTESIAN_POINT('',(0.0103403307632231,0.0030597,-0.00025));
#4244=CARTESIAN_POINT('',(0.0100820246409451,0.00316687716219138,-0.00025));
#4245=CARTESIAN_POINT('',(0.00992103767952747,0.003555,-0.00025));
#4246=CARTESIAN_POINT('',(0.0100820246409451,0.00394312283780862,-0.00025));
#4247=CARTESIAN_POINT('',(0.0103403307632231,0.0040503,-0.00025));
#4248=CARTESIAN_POINT('',(0.01047,0.0040503,-0.00025));
#4249=CARTESIAN_POINT('',(0.01047,0.003555,-0.01896237));
#4250=CARTESIAN_POINT('',(0.01047,0.003555,-0.008859248775786));
#4251=CARTESIAN_POINT('',(0.0109653,0.003555,-0.008859248775786));
#4252=CARTESIAN_POINT('',(0.01047,0.003555,-0.008859248775786));
#4253=CARTESIAN_POINT('',(0.01047,0.003555,-0.00975727438789304));
#4254=CARTESIAN_POINT('',(0.00960272561210694,0.003555,-0.00975727438789304));
#4255=CARTESIAN_POINT('',(0.01047,0.003555,-0.009794521465194));
#4256=CARTESIAN_POINT('',(0.01047,0.003555,-0.00983176854249599));
#4257=CARTESIAN_POINT('',(0.0114117685424958,0.003555,-0.00983176854249599));
#4258=CARTESIAN_POINT('',(0.01047,0.003555,-0.00988833708499));
#4259=CARTESIAN_POINT('',(0.01047,0.003555,-0.00988833708499));
#4260=CARTESIAN_POINT('',(0.0114352,0.003555,-0.00988833708499));
#4261=CARTESIAN_POINT('',(0.01047,0.003555,-0.01896237));
#4262=CARTESIAN_POINT('',(0.01047,0.003555,-0.013081));
#4263=CARTESIAN_POINT('',(0.0114352,0.003555,-0.013081));
#4264=CARTESIAN_POINT('',(0.01047,0.003555,-0.013081));
#4265=CARTESIAN_POINT('',(0.01047,0.003555,-0.013081));
#4266=CARTESIAN_POINT('',(0.0116527,0.003555,-0.013081));
#4267=CARTESIAN_POINT('',(0.01047,0.003555,-0.013181));
#4268=CARTESIAN_POINT('',(0.01047,0.003555,-0.013181));
#4269=CARTESIAN_POINT('',(0.0117527,0.003555,-0.013181));
#4270=CARTESIAN_POINT('',(0.01047,0.003555,-0.01896237));
#4271=CARTESIAN_POINT('',(0.01047,0.003555,-0.013743));
#4272=CARTESIAN_POINT('',(0.0117527,0.003555,-0.013743));
#4273=CARTESIAN_POINT('',(0.01047,0.003555,-0.013743));
#4274=CARTESIAN_POINT('',(0.01047,0.003555,-0.013843));
#4275=CARTESIAN_POINT('',(0.0116527,0.003555,-0.013843));
#4276=CARTESIAN_POINT('',(0.01047,0.003555,-0.013843));
#4277=CARTESIAN_POINT('',(0.01047,0.003555,-0.013843));
#4278=CARTESIAN_POINT('',(0.0115352,0.003555,-0.013843));
#4279=CARTESIAN_POINT('',(0.01047,0.003555,-0.013943));
#4280=CARTESIAN_POINT('',(0.01047,0.003555,-0.013943));
#4281=CARTESIAN_POINT('',(0.0114352,0.003555,-0.013943));
#4282=CARTESIAN_POINT('',(0.01047,0.003555,-0.01896237));
#4283=CARTESIAN_POINT('',(0.0107587773192176,0.00448506865187949,-0.0143165671677018));
#4284=CARTESIAN_POINT('',(0.010469967657446,0.00453775779291079,-0.0141967978264795));
#4285=CARTESIAN_POINT('',(0.0101813520509983,0.00448510017647734,-0.0143164415263801));
#4286=CARTESIAN_POINT('',(0.0100619069790374,0.00442821241059143,-0.0146050241122945));
#4287=CARTESIAN_POINT('',(0.0101812200331546,0.00448506628438099,-0.0148934254364411));
#4288=CARTESIAN_POINT('',(0.0104700120488483,0.00453775779263191,-0.0150132021733814));
#4289=CARTESIAN_POINT('',(0.0107586452977268,0.00448510254444596,-0.0148935658683418));
#4290=CARTESIAN_POINT('',(0.0108780943456883,0.00442821122672466,-0.0146049758882535));
#4291=CARTESIAN_POINT('',(0.0107587773192176,0.00448506865187949,-0.0143165671677018));
#4292=CARTESIAN_POINT('',(0.010469967657446,0.00453775779291079,-0.0141967978264795));
#4293=CARTESIAN_POINT('',(0.0101813520509983,0.00448510017647734,-0.0143164415263801));
#4294=CARTESIAN_POINT('',(0.01047,0.0045202,-0.0142367));
#4295=CARTESIAN_POINT('',(0.01047,0.003555,-0.0180594));
#4296=CARTESIAN_POINT('',(0.0114352,0.003555,-0.0180594));
#4297=CARTESIAN_POINT('',(0.01047,0.00419,-0.014605));
#4298=CARTESIAN_POINT('',(0.0101806673615292,0.00413692147360254,-0.0148932842174427));
#4299=CARTESIAN_POINT('',(0.0100621647880137,0.00404001706945804,-0.014604847052331));
#4300=CARTESIAN_POINT('',(0.0101808734864161,0.00413669901517835,-0.0143173275732332));
#4301=CARTESIAN_POINT('',(0.0104684878930503,0.00421654305850452,-0.0141965738346113));
#4302=CARTESIAN_POINT('',(0.0107589389648842,0.00413712364746643,-0.0143165858871903));
#4303=CARTESIAN_POINT('',(0.010877833913415,0.00404001823109094,-0.0146040313041691));
#4304=CARTESIAN_POINT('',(0.0107595202804433,0.00413649582665409,-0.0148925408008376));
#4305=CARTESIAN_POINT('',(0.010471512859929,0.00421664439783065,-0.0150134915435215));
#4306=CARTESIAN_POINT('',(0.0101806673615292,0.00413692147360254,-0.0148932842174427));
#4307=CARTESIAN_POINT('',(0.0100621647880137,0.00404001706945804,-0.014604847052331));
#4308=CARTESIAN_POINT('',(0.0101808734864161,0.00413669901517835,-0.0143173275732332));
#4309=CARTESIAN_POINT('',(0.0101017,0.00407228146110218,-0.014605));
#4310=CARTESIAN_POINT('',(0.01047,0.003555,-0.0180594));
#4311=CARTESIAN_POINT('',(0.01047,0.003555,-0.0180594));
#4312=CARTESIAN_POINT('',(0.01047,0.003555,-0.018059399999999));
#4313=CARTESIAN_POINT('',(0.00965719999999906,0.003555,-0.018059399999999));
#4314=CARTESIAN_POINT('',(0.01047,0.003555,-0.01797049999905));
#4315=CARTESIAN_POINT('',(0.01047,0.003555,-0.0178815999999991));
#4316=CARTESIAN_POINT('',(0.00983499999999904,0.003555,-0.0178815999999991));
#4317=CARTESIAN_POINT('',(0.01047,0.003555,-0.0180594));
#4318=CARTESIAN_POINT('',(0.01047,0.003555,-0.0170594));
#4319=CARTESIAN_POINT('',(0.009835,0.003555,-0.0170594));
#4320=CARTESIAN_POINT('',(0.01047,0.003555,-0.0170594));
#4321=CARTESIAN_POINT('',(0.,0.,0.));
#4322=CARTESIAN_POINT('',(0.01047,-0.003555,0.));
#4323=CARTESIAN_POINT('',(0.01047,-0.0033097,0.));
#4324=CARTESIAN_POINT('',(0.01035436447105,-0.0033097,0.));
#4325=CARTESIAN_POINT('',(0.01009503552895,-0.003555,0.));
#4326=CARTESIAN_POINT('',(0.01035436447105,-0.0038003,0.));
#4327=CARTESIAN_POINT('',(0.01047,-0.0038003,0.));
#4328=CARTESIAN_POINT('',(0.0104700000002153,-0.00380030000007822,-2.70488158361618E-19));
#4329=CARTESIAN_POINT('',(0.0104699999997847,-0.00330969999992179,-2.70566109315568E-19));
#4330=CARTESIAN_POINT('',(0.01047,-0.0038003,0.));
#4331=CARTESIAN_POINT('',(0.01058563552895,-0.0038003,0.));
#4332=CARTESIAN_POINT('',(0.01084496447105,-0.003555,0.));
#4333=CARTESIAN_POINT('',(0.01058563552895,-0.0033097,0.));
#4334=CARTESIAN_POINT('',(0.01047,-0.0033097,0.));
#4335=CARTESIAN_POINT('',(0.01047,-0.003555,-0.000249999999999994));
#4336=CARTESIAN_POINT('',(0.01047,-0.0030597,-0.00025));
#4337=CARTESIAN_POINT('',(0.0105996692367769,-0.0030597,-0.00025));
#4338=CARTESIAN_POINT('',(0.0108579753590549,-0.00316687716219137,-0.00025));
#4339=CARTESIAN_POINT('',(0.0110189623204725,-0.003555,-0.00025));
#4340=CARTESIAN_POINT('',(0.0108579753590549,-0.00394312283780862,-0.00025));
#4341=CARTESIAN_POINT('',(0.0105996692367769,-0.0040503,-0.00025));
#4342=CARTESIAN_POINT('',(0.01047,-0.0040503,-0.00025));
#4343=CARTESIAN_POINT('',(0.0104699999998337,-0.0030597,-0.000250000062474846));
#4344=CARTESIAN_POINT('',(0.0104700000001663,-0.0040503,-0.000250000062474846));
#4345=CARTESIAN_POINT('',(0.01047,-0.0040503,-0.00025));
#4346=CARTESIAN_POINT('',(0.0103403307632231,-0.0040503,-0.00025));
#4347=CARTESIAN_POINT('',(0.0100820246409451,-0.00394312283780862,-0.00025));
#4348=CARTESIAN_POINT('',(0.00992103767952747,-0.003555,-0.00025));
#4349=CARTESIAN_POINT('',(0.0100820246409451,-0.00316687716219138,-0.00025));
#4350=CARTESIAN_POINT('',(0.0103403307632231,-0.0030597,-0.00025));
#4351=CARTESIAN_POINT('',(0.01047,-0.0030597,-0.00025));
#4352=CARTESIAN_POINT('',(0.01047,-0.003555,-0.01896237));
#4353=CARTESIAN_POINT('',(0.01047,-0.003555,-0.008859248775786));
#4354=CARTESIAN_POINT('',(0.0109653,-0.003555,-0.008859248775786));
#4355=CARTESIAN_POINT('',(0.01047,-0.003555,-0.008859248775786));
#4356=CARTESIAN_POINT('',(0.01047,-0.003555,-0.00975727438789304));
#4357=CARTESIAN_POINT('',(0.00960272561210694,-0.003555,-0.00975727438789304));
#4358=CARTESIAN_POINT('',(0.01047,-0.003555,-0.009794521465194));
#4359=CARTESIAN_POINT('',(0.01047,-0.003555,-0.00983176854249599));
#4360=CARTESIAN_POINT('',(0.0114117685424958,-0.003555,-0.00983176854249599));
#4361=CARTESIAN_POINT('',(0.01047,-0.003555,-0.00988833708499));
#4362=CARTESIAN_POINT('',(0.01047,-0.003555,-0.00988833708499));
#4363=CARTESIAN_POINT('',(0.0114352,-0.003555,-0.00988833708499));
#4364=CARTESIAN_POINT('',(0.01047,-0.003555,-0.01896237));
#4365=CARTESIAN_POINT('',(0.01047,-0.003555,-0.013081));
#4366=CARTESIAN_POINT('',(0.0114352,-0.003555,-0.013081));
#4367=CARTESIAN_POINT('',(0.01047,-0.003555,-0.013081));
#4368=CARTESIAN_POINT('',(0.01047,-0.003555,-0.013081));
#4369=CARTESIAN_POINT('',(0.0116527,-0.003555,-0.013081));
#4370=CARTESIAN_POINT('',(0.01047,-0.003555,-0.013181));
#4371=CARTESIAN_POINT('',(0.01047,-0.003555,-0.013181));
#4372=CARTESIAN_POINT('',(0.0117527,-0.003555,-0.013181));
#4373=CARTESIAN_POINT('',(0.01047,-0.003555,-0.01896237));
#4374=CARTESIAN_POINT('',(0.01047,-0.003555,-0.013743));
#4375=CARTESIAN_POINT('',(0.0117527,-0.003555,-0.013743));
#4376=CARTESIAN_POINT('',(0.01047,-0.003555,-0.013743));
#4377=CARTESIAN_POINT('',(0.01047,-0.003555,-0.013843));
#4378=CARTESIAN_POINT('',(0.0116527,-0.003555,-0.013843));
#4379=CARTESIAN_POINT('',(0.01047,-0.003555,-0.013843));
#4380=CARTESIAN_POINT('',(0.01047,-0.003555,-0.013843));
#4381=CARTESIAN_POINT('',(0.0115352,-0.003555,-0.013843));
#4382=CARTESIAN_POINT('',(0.01047,-0.003555,-0.013943));
#4383=CARTESIAN_POINT('',(0.01047,-0.003555,-0.013943));
#4384=CARTESIAN_POINT('',(0.0114352,-0.003555,-0.013943));
#4385=CARTESIAN_POINT('',(0.01047,-0.003555,-0.01896237));
#4386=CARTESIAN_POINT('',(0.0107587773192176,-0.00262493134812051,-0.0143165671677018));
#4387=CARTESIAN_POINT('',(0.010469967657446,-0.00257224220708921,-0.0141967978264795));
#4388=CARTESIAN_POINT('',(0.0101813520509983,-0.00262489982352266,-0.0143164415263801));
#4389=CARTESIAN_POINT('',(0.0100619069790374,-0.00268178758940857,-0.0146050241122945));
#4390=CARTESIAN_POINT('',(0.0101812200331546,-0.002624933715619,-0.0148934254364411));
#4391=CARTESIAN_POINT('',(0.0104700120488483,-0.00257224220736809,-0.0150132021733814));
#4392=CARTESIAN_POINT('',(0.0107586452977268,-0.00262489745555404,-0.0148935658683418));
#4393=CARTESIAN_POINT('',(0.0108780943456883,-0.00268178877327534,-0.0146049758882535));
#4394=CARTESIAN_POINT('',(0.0107587773192176,-0.00262493134812051,-0.0143165671677018));
#4395=CARTESIAN_POINT('',(0.010469967657446,-0.00257224220708921,-0.0141967978264795));
#4396=CARTESIAN_POINT('',(0.0101813520509983,-0.00262489982352266,-0.0143164415263801));
#4397=CARTESIAN_POINT('',(0.01047,-0.0025898,-0.0142367));
#4398=CARTESIAN_POINT('',(0.01047,-0.003555,-0.0180594));
#4399=CARTESIAN_POINT('',(0.0114352,-0.003555,-0.0180594));
#4400=CARTESIAN_POINT('',(0.01047,-0.00292,-0.014605));
#4401=CARTESIAN_POINT('',(0.0101806673615292,-0.00297307852639746,-0.0148932842174427));
#4402=CARTESIAN_POINT('',(0.0100621647880137,-0.00306998293054196,-0.014604847052331));
#4403=CARTESIAN_POINT('',(0.0101808734864161,-0.00297330098482165,-0.0143173275732332));
#4404=CARTESIAN_POINT('',(0.0104684878930503,-0.00289345694149548,-0.0141965738346113));
#4405=CARTESIAN_POINT('',(0.0107589389648842,-0.00297287635253357,-0.0143165858871903));
#4406=CARTESIAN_POINT('',(0.010877833913415,-0.00306998176890906,-0.0146040313041691));
#4407=CARTESIAN_POINT('',(0.0107595202804433,-0.00297350417334592,-0.0148925408008376));
#4408=CARTESIAN_POINT('',(0.010471512859929,-0.00289335560216935,-0.0150134915435215));
#4409=CARTESIAN_POINT('',(0.0101806673615292,-0.00297307852639746,-0.0148932842174427));
#4410=CARTESIAN_POINT('',(0.0100621647880137,-0.00306998293054196,-0.014604847052331));
#4411=CARTESIAN_POINT('',(0.0101808734864161,-0.00297330098482165,-0.0143173275732332));
#4412=CARTESIAN_POINT('',(0.0101017,-0.00303771853889783,-0.014605));
#4413=CARTESIAN_POINT('',(0.01047,-0.003555,-0.0180594));
#4414=CARTESIAN_POINT('',(0.01047,-0.003555,-0.0180594));
#4415=CARTESIAN_POINT('',(0.01047,-0.003555,-0.018059399999999));
#4416=CARTESIAN_POINT('',(0.00965719999999906,-0.003555,-0.018059399999999));
#4417=CARTESIAN_POINT('',(0.01047,-0.003555,-0.01797049999905));
#4418=CARTESIAN_POINT('',(0.01047,-0.003555,-0.0178815999999991));
#4419=CARTESIAN_POINT('',(0.00983499999999904,-0.003555,-0.0178815999999991));
#4420=CARTESIAN_POINT('',(0.01047,-0.003555,-0.0180594));
#4421=CARTESIAN_POINT('',(0.01047,-0.003555,-0.0170594));
#4422=CARTESIAN_POINT('',(0.009835,-0.003555,-0.0170594));
#4423=CARTESIAN_POINT('',(0.01047,-0.003555,-0.0170594));
#4424=CARTESIAN_POINT('',(0.,0.,0.));
#4425=CARTESIAN_POINT('',(-0.01048,-0.003555,0.));
#4426=CARTESIAN_POINT('',(-0.01048,-0.0033097,0.));
#4427=CARTESIAN_POINT('',(-0.01059563552895,-0.0033097,0.));
#4428=CARTESIAN_POINT('',(-0.01085496447105,-0.003555,0.));
#4429=CARTESIAN_POINT('',(-0.01059563552895,-0.0038003,0.));
#4430=CARTESIAN_POINT('',(-0.01048,-0.0038003,0.));
#4431=CARTESIAN_POINT('',(-0.0104799999997847,-0.00380030000007822,-2.70488158361618E-19));
#4432=CARTESIAN_POINT('',(-0.0104800000002153,-0.00330969999992179,-2.70566109315568E-19));
#4433=CARTESIAN_POINT('',(-0.01048,-0.0038003,0.));
#4434=CARTESIAN_POINT('',(-0.01036436447105,-0.0038003,0.));
#4435=CARTESIAN_POINT('',(-0.01010503552895,-0.003555,0.));
#4436=CARTESIAN_POINT('',(-0.01036436447105,-0.0033097,0.));
#4437=CARTESIAN_POINT('',(-0.01048,-0.0033097,0.));
#4438=CARTESIAN_POINT('',(-0.01048,-0.003555,-0.000249999999999994));
#4439=CARTESIAN_POINT('',(-0.01048,-0.0030597,-0.00025));
#4440=CARTESIAN_POINT('',(-0.0103503307632231,-0.0030597,-0.00025));
#4441=CARTESIAN_POINT('',(-0.0100920246409451,-0.00316687716219137,-0.00025));
#4442=CARTESIAN_POINT('',(-0.00993103767952746,-0.003555,-0.00025));
#4443=CARTESIAN_POINT('',(-0.0100920246409451,-0.00394312283780862,-0.00025));
#4444=CARTESIAN_POINT('',(-0.0103503307632231,-0.0040503,-0.00025));
#4445=CARTESIAN_POINT('',(-0.01048,-0.0040503,-0.00025));
#4446=CARTESIAN_POINT('',(-0.0104800000001663,-0.0030597,-0.000250000062474846));
#4447=CARTESIAN_POINT('',(-0.0104799999998337,-0.0040503,-0.000250000062474846));
#4448=CARTESIAN_POINT('',(-0.01048,-0.0040503,-0.00025));
#4449=CARTESIAN_POINT('',(-0.0106096692367769,-0.0040503,-0.00025));
#4450=CARTESIAN_POINT('',(-0.0108679753590549,-0.00394312283780862,-0.00025));
#4451=CARTESIAN_POINT('',(-0.0110289623204725,-0.003555,-0.00025));
#4452=CARTESIAN_POINT('',(-0.0108679753590549,-0.00316687716219138,-0.00025));
#4453=CARTESIAN_POINT('',(-0.0106096692367769,-0.0030597,-0.00025));
#4454=CARTESIAN_POINT('',(-0.01048,-0.0030597,-0.00025));
#4455=CARTESIAN_POINT('',(-0.01048,-0.003555,-0.01896237));
#4456=CARTESIAN_POINT('',(-0.01048,-0.003555,-0.008859248775786));
#4457=CARTESIAN_POINT('',(-0.0099847,-0.003555,-0.008859248775786));
#4458=CARTESIAN_POINT('',(-0.01048,-0.003555,-0.008859248775786));
#4459=CARTESIAN_POINT('',(-0.01048,-0.003555,-0.00975727438789304));
#4460=CARTESIAN_POINT('',(-0.0113472743878931,-0.003555,-0.00975727438789304));
#4461=CARTESIAN_POINT('',(-0.01048,-0.003555,-0.009794521465194));
#4462=CARTESIAN_POINT('',(-0.01048,-0.003555,-0.00983176854249599));
#4463=CARTESIAN_POINT('',(-0.00953823145750416,-0.003555,-0.00983176854249599));
#4464=CARTESIAN_POINT('',(-0.01048,-0.003555,-0.00988833708499));
#4465=CARTESIAN_POINT('',(-0.01048,-0.003555,-0.00988833708499));
#4466=CARTESIAN_POINT('',(-0.0095148,-0.003555,-0.00988833708499));
#4467=CARTESIAN_POINT('',(-0.01048,-0.003555,-0.01896237));
#4468=CARTESIAN_POINT('',(-0.01048,-0.003555,-0.013081));
#4469=CARTESIAN_POINT('',(-0.0095148,-0.003555,-0.013081));
#4470=CARTESIAN_POINT('',(-0.01048,-0.003555,-0.013081));
#4471=CARTESIAN_POINT('',(-0.01048,-0.003555,-0.013081));
#4472=CARTESIAN_POINT('',(-0.0092973,-0.003555,-0.013081));
#4473=CARTESIAN_POINT('',(-0.01048,-0.003555,-0.013181));
#4474=CARTESIAN_POINT('',(-0.01048,-0.003555,-0.013181));
#4475=CARTESIAN_POINT('',(-0.0091973,-0.003555,-0.013181));
#4476=CARTESIAN_POINT('',(-0.01048,-0.003555,-0.01896237));
#4477=CARTESIAN_POINT('',(-0.01048,-0.003555,-0.013743));
#4478=CARTESIAN_POINT('',(-0.0091973,-0.003555,-0.013743));
#4479=CARTESIAN_POINT('',(-0.01048,-0.003555,-0.013743));
#4480=CARTESIAN_POINT('',(-0.01048,-0.003555,-0.013843));
#4481=CARTESIAN_POINT('',(-0.0092973,-0.003555,-0.013843));
#4482=CARTESIAN_POINT('',(-0.01048,-0.003555,-0.013843));
#4483=CARTESIAN_POINT('',(-0.01048,-0.003555,-0.013843));
#4484=CARTESIAN_POINT('',(-0.0094148,-0.003555,-0.013843));
#4485=CARTESIAN_POINT('',(-0.01048,-0.003555,-0.013943));
#4486=CARTESIAN_POINT('',(-0.01048,-0.003555,-0.013943));
#4487=CARTESIAN_POINT('',(-0.0095148,-0.003555,-0.013943));
#4488=CARTESIAN_POINT('',(-0.01048,-0.003555,-0.01896237));
#4489=CARTESIAN_POINT('',(-0.0101912226807824,-0.00262493134812051,-0.0143165671677018));
#4490=CARTESIAN_POINT('',(-0.010480032342554,-0.00257224220708921,-0.0141967978264795));
#4491=CARTESIAN_POINT('',(-0.0107686479490017,-0.00262489982352266,-0.0143164415263801));
#4492=CARTESIAN_POINT('',(-0.0108880930209626,-0.00268178758940857,-0.0146050241122945));
#4493=CARTESIAN_POINT('',(-0.0107687799668454,-0.002624933715619,-0.0148934254364411));
#4494=CARTESIAN_POINT('',(-0.0104799879511517,-0.00257224220736809,-0.0150132021733814));
#4495=CARTESIAN_POINT('',(-0.0101913547022732,-0.00262489745555404,-0.0148935658683418));
#4496=CARTESIAN_POINT('',(-0.0100719056543117,-0.00268178877327534,-0.0146049758882535));
#4497=CARTESIAN_POINT('',(-0.0101912226807824,-0.00262493134812051,-0.0143165671677018));
#4498=CARTESIAN_POINT('',(-0.010480032342554,-0.00257224220708921,-0.0141967978264795));
#4499=CARTESIAN_POINT('',(-0.0107686479490017,-0.00262489982352266,-0.0143164415263801));
#4500=CARTESIAN_POINT('',(-0.01048,-0.0025898,-0.0142367));
#4501=CARTESIAN_POINT('',(-0.01048,-0.003555,-0.0180594));
#4502=CARTESIAN_POINT('',(-0.0095148,-0.003555,-0.0180594));
#4503=CARTESIAN_POINT('',(-0.01048,-0.00292,-0.014605));
#4504=CARTESIAN_POINT('',(-0.0107693326384708,-0.00297307852639746,-0.0148932842174427));
#4505=CARTESIAN_POINT('',(-0.0108878352119863,-0.00306998293054196,-0.014604847052331));
#4506=CARTESIAN_POINT('',(-0.0107691265135839,-0.00297330098482165,-0.0143173275732332));
#4507=CARTESIAN_POINT('',(-0.0104815121069497,-0.00289345694149548,-0.0141965738346113));
#4508=CARTESIAN_POINT('',(-0.0101910610351158,-0.00297287635253357,-0.0143165858871903));
#4509=CARTESIAN_POINT('',(-0.010072166086585,-0.00306998176890907,-0.0146040313041691));
#4510=CARTESIAN_POINT('',(-0.0101904797195567,-0.00297350417334592,-0.0148925408008376));
#4511=CARTESIAN_POINT('',(-0.010478487140071,-0.00289335560216935,-0.0150134915435215));
#4512=CARTESIAN_POINT('',(-0.0107693326384708,-0.00297307852639746,-0.0148932842174427));
#4513=CARTESIAN_POINT('',(-0.0108878352119863,-0.00306998293054196,-0.014604847052331));
#4514=CARTESIAN_POINT('',(-0.0107691265135839,-0.00297330098482165,-0.0143173275732332));
#4515=CARTESIAN_POINT('',(-0.0108483,-0.00303771853889783,-0.014605));
#4516=CARTESIAN_POINT('',(-0.01048,-0.003555,-0.0180594));
#4517=CARTESIAN_POINT('',(-0.01048,-0.003555,-0.0180594));
#4518=CARTESIAN_POINT('',(-0.01048,-0.003555,-0.018059399999999));
#4519=CARTESIAN_POINT('',(-0.0112928000000009,-0.003555,-0.018059399999999));
#4520=CARTESIAN_POINT('',(-0.01048,-0.003555,-0.01797049999905));
#4521=CARTESIAN_POINT('',(-0.01048,-0.003555,-0.0178815999999991));
#4522=CARTESIAN_POINT('',(-0.011115000000001,-0.003555,-0.0178815999999991));
#4523=CARTESIAN_POINT('',(-0.01048,-0.003555,-0.0180594));
#4524=CARTESIAN_POINT('',(-0.01048,-0.003555,-0.0170594));
#4525=CARTESIAN_POINT('',(-0.011115,-0.003555,-0.0170594));
#4526=CARTESIAN_POINT('',(-0.01048,-0.003555,-0.0170594));
#4527=CARTESIAN_POINT('',(0.,0.,0.));
#4528=CARTESIAN_POINT('',(0.00628,-0.003555,0.));
#4529=CARTESIAN_POINT('',(0.00628,-0.0033097,0.));
#4530=CARTESIAN_POINT('',(0.00616436447104996,-0.0033097,0.));
#4531=CARTESIAN_POINT('',(0.00590503552895004,-0.003555,0.));
#4532=CARTESIAN_POINT('',(0.00616436447104996,-0.0038003,0.));
#4533=CARTESIAN_POINT('',(0.00628,-0.0038003,0.));
#4534=CARTESIAN_POINT('',(0.00628000000021529,-0.00380030000007822,-2.70488158361618E-19));
#4535=CARTESIAN_POINT('',(0.0062799999997847,-0.00330969999992179,-2.70566109315568E-19));
#4536=CARTESIAN_POINT('',(0.00628,-0.0038003,0.));
#4537=CARTESIAN_POINT('',(0.00639563552895004,-0.0038003,0.));
#4538=CARTESIAN_POINT('',(0.00665496447104996,-0.003555,0.));
#4539=CARTESIAN_POINT('',(0.00639563552895004,-0.0033097,0.));
#4540=CARTESIAN_POINT('',(0.00628,-0.0033097,0.));
#4541=CARTESIAN_POINT('',(0.00628,-0.003555,-0.000249999999999994));
#4542=CARTESIAN_POINT('',(0.00628,-0.0030597,-0.00025));
#4543=CARTESIAN_POINT('',(0.00640966923677692,-0.0030597,-0.00025));
#4544=CARTESIAN_POINT('',(0.00666797535905493,-0.00316687716219137,-0.00025));
#4545=CARTESIAN_POINT('',(0.00682896232047253,-0.003555,-0.00025));
#4546=CARTESIAN_POINT('',(0.00666797535905493,-0.00394312283780862,-0.00025));
#4547=CARTESIAN_POINT('',(0.00640966923677692,-0.0040503,-0.00025));
#4548=CARTESIAN_POINT('',(0.00628,-0.0040503,-0.00025));
#4549=CARTESIAN_POINT('',(0.00627999999983371,-0.0030597,-0.000250000062474846));
#4550=CARTESIAN_POINT('',(0.00628000000016629,-0.0040503,-0.000250000062474846));
#4551=CARTESIAN_POINT('',(0.00628,-0.0040503,-0.00025));
#4552=CARTESIAN_POINT('',(0.00615033076322308,-0.0040503,-0.00025));
#4553=CARTESIAN_POINT('',(0.00589202464094507,-0.00394312283780862,-0.00025));
#4554=CARTESIAN_POINT('',(0.00573103767952747,-0.003555,-0.00025));
#4555=CARTESIAN_POINT('',(0.00589202464094507,-0.00316687716219138,-0.00025));
#4556=CARTESIAN_POINT('',(0.00615033076322308,-0.0030597,-0.00025));
#4557=CARTESIAN_POINT('',(0.00628,-0.0030597,-0.00025));
#4558=CARTESIAN_POINT('',(0.00628,-0.003555,-0.01896237));
#4559=CARTESIAN_POINT('',(0.00628,-0.003555,-0.008859248775786));
#4560=CARTESIAN_POINT('',(0.0067753,-0.003555,-0.008859248775786));
#4561=CARTESIAN_POINT('',(0.00628,-0.003555,-0.008859248775786));
#4562=CARTESIAN_POINT('',(0.00628,-0.003555,-0.00975727438789304));
#4563=CARTESIAN_POINT('',(0.00541272561210694,-0.003555,-0.00975727438789304));
#4564=CARTESIAN_POINT('',(0.00628,-0.003555,-0.009794521465194));
#4565=CARTESIAN_POINT('',(0.00628,-0.003555,-0.00983176854249599));
#4566=CARTESIAN_POINT('',(0.00722176854249584,-0.003555,-0.00983176854249599));
#4567=CARTESIAN_POINT('',(0.00628,-0.003555,-0.00988833708499));
#4568=CARTESIAN_POINT('',(0.00628,-0.003555,-0.00988833708499));
#4569=CARTESIAN_POINT('',(0.0072452,-0.003555,-0.00988833708499));
#4570=CARTESIAN_POINT('',(0.00628,-0.003555,-0.01896237));
#4571=CARTESIAN_POINT('',(0.00628,-0.003555,-0.013081));
#4572=CARTESIAN_POINT('',(0.0072452,-0.003555,-0.013081));
#4573=CARTESIAN_POINT('',(0.00628,-0.003555,-0.013081));
#4574=CARTESIAN_POINT('',(0.00628,-0.003555,-0.013081));
#4575=CARTESIAN_POINT('',(0.0074627,-0.003555,-0.013081));
#4576=CARTESIAN_POINT('',(0.00628,-0.003555,-0.013181));
#4577=CARTESIAN_POINT('',(0.00628,-0.003555,-0.013181));
#4578=CARTESIAN_POINT('',(0.0075627,-0.003555,-0.013181));
#4579=CARTESIAN_POINT('',(0.00628,-0.003555,-0.01896237));
#4580=CARTESIAN_POINT('',(0.00628,-0.003555,-0.013743));
#4581=CARTESIAN_POINT('',(0.0075627,-0.003555,-0.013743));
#4582=CARTESIAN_POINT('',(0.00628,-0.003555,-0.013743));
#4583=CARTESIAN_POINT('',(0.00628,-0.003555,-0.013843));
#4584=CARTESIAN_POINT('',(0.0074627,-0.003555,-0.013843));
#4585=CARTESIAN_POINT('',(0.00628,-0.003555,-0.013843));
#4586=CARTESIAN_POINT('',(0.00628,-0.003555,-0.013843));
#4587=CARTESIAN_POINT('',(0.0073452,-0.003555,-0.013843));
#4588=CARTESIAN_POINT('',(0.00628,-0.003555,-0.013943));
#4589=CARTESIAN_POINT('',(0.00628,-0.003555,-0.013943));
#4590=CARTESIAN_POINT('',(0.0072452,-0.003555,-0.013943));
#4591=CARTESIAN_POINT('',(0.00628,-0.003555,-0.01896237));
#4592=CARTESIAN_POINT('',(0.00656877731921756,-0.00262493134812051,-0.0143165671677018));
#4593=CARTESIAN_POINT('',(0.00627996765744602,-0.00257224220708921,-0.0141967978264795));
#4594=CARTESIAN_POINT('',(0.00599135205099834,-0.00262489982352266,-0.0143164415263801));
#4595=CARTESIAN_POINT('',(0.00587190697903742,-0.00268178758940857,-0.0146050241122945));
#4596=CARTESIAN_POINT('',(0.00599122003315461,-0.002624933715619,-0.0148934254364411));
#4597=CARTESIAN_POINT('',(0.00628001204884828,-0.00257224220736809,-0.0150132021733814));
#4598=CARTESIAN_POINT('',(0.00656864529772678,-0.00262489745555404,-0.0148935658683419));
#4599=CARTESIAN_POINT('',(0.00668809434568826,-0.00268178877327534,-0.0146049758882535));
#4600=CARTESIAN_POINT('',(0.00656877731921756,-0.00262493134812051,-0.0143165671677018));
#4601=CARTESIAN_POINT('',(0.00627996765744602,-0.00257224220708921,-0.0141967978264795));
#4602=CARTESIAN_POINT('',(0.00599135205099834,-0.00262489982352266,-0.0143164415263801));
#4603=CARTESIAN_POINT('',(0.00628,-0.0025898,-0.0142367));
#4604=CARTESIAN_POINT('',(0.00628,-0.003555,-0.0180594));
#4605=CARTESIAN_POINT('',(0.0072452,-0.003555,-0.0180594));
#4606=CARTESIAN_POINT('',(0.00628,-0.00292,-0.014605));
#4607=CARTESIAN_POINT('',(0.0059906673615292,-0.00297307852639746,-0.0148932842174427));
#4608=CARTESIAN_POINT('',(0.00587216478801368,-0.00306998293054196,-0.014604847052331));
#4609=CARTESIAN_POINT('',(0.00599087348641608,-0.00297330098482165,-0.0143173275732332));
#4610=CARTESIAN_POINT('',(0.0062784878930503,-0.00289345694149548,-0.0141965738346113));
#4611=CARTESIAN_POINT('',(0.00656893896488417,-0.00297287635253356,-0.0143165858871903));
#4612=CARTESIAN_POINT('',(0.00668783391341499,-0.00306998176890907,-0.0146040313041691));
#4613=CARTESIAN_POINT('',(0.00656952028044335,-0.00297350417334592,-0.0148925408008376));
#4614=CARTESIAN_POINT('',(0.00628151285992897,-0.00289335560216935,-0.0150134915435215));
#4615=CARTESIAN_POINT('',(0.0059906673615292,-0.00297307852639746,-0.0148932842174427));
#4616=CARTESIAN_POINT('',(0.00587216478801368,-0.00306998293054196,-0.014604847052331));
#4617=CARTESIAN_POINT('',(0.00599087348641608,-0.00297330098482165,-0.0143173275732332));
#4618=CARTESIAN_POINT('',(0.0059117,-0.00303771853889783,-0.014605));
#4619=CARTESIAN_POINT('',(0.00628,-0.003555,-0.0180594));
#4620=CARTESIAN_POINT('',(0.00628,-0.003555,-0.0180594));
#4621=CARTESIAN_POINT('',(0.00628,-0.003555,-0.018059399999999));
#4622=CARTESIAN_POINT('',(0.00546719999999906,-0.003555,-0.018059399999999));
#4623=CARTESIAN_POINT('',(0.00628,-0.003555,-0.01797049999905));
#4624=CARTESIAN_POINT('',(0.00628,-0.003555,-0.0178815999999991));
#4625=CARTESIAN_POINT('',(0.00564499999999904,-0.003555,-0.0178815999999991));
#4626=CARTESIAN_POINT('',(0.00628,-0.003555,-0.0180594));
#4627=CARTESIAN_POINT('',(0.00628,-0.003555,-0.0170594));
#4628=CARTESIAN_POINT('',(0.005645,-0.003555,-0.0170594));
#4629=CARTESIAN_POINT('',(0.00628,-0.003555,-0.0170594));
#4630=CARTESIAN_POINT('',(0.,0.,0.));
#4631=CARTESIAN_POINT('',(-0.01048,0.003555,0.));
#4632=CARTESIAN_POINT('',(-0.01048,0.0038003,0.));
#4633=CARTESIAN_POINT('',(-0.01059563552895,0.0038003,0.));
#4634=CARTESIAN_POINT('',(-0.01085496447105,0.003555,0.));
#4635=CARTESIAN_POINT('',(-0.01059563552895,0.0033097,0.));
#4636=CARTESIAN_POINT('',(-0.01048,0.0033097,0.));
#4637=CARTESIAN_POINT('',(-0.0104799999997847,0.00330969999992179,-2.70488158361618E-19));
#4638=CARTESIAN_POINT('',(-0.0104800000002153,0.00380030000007822,-2.70566109315568E-19));
#4639=CARTESIAN_POINT('',(-0.01048,0.0033097,0.));
#4640=CARTESIAN_POINT('',(-0.01036436447105,0.0033097,0.));
#4641=CARTESIAN_POINT('',(-0.01010503552895,0.003555,0.));
#4642=CARTESIAN_POINT('',(-0.01036436447105,0.0038003,0.));
#4643=CARTESIAN_POINT('',(-0.01048,0.0038003,0.));
#4644=CARTESIAN_POINT('',(-0.01048,0.003555,-0.000249999999999994));
#4645=CARTESIAN_POINT('',(-0.01048,0.0040503,-0.00025));
#4646=CARTESIAN_POINT('',(-0.0103503307632231,0.0040503,-0.00025));
#4647=CARTESIAN_POINT('',(-0.0100920246409451,0.00394312283780862,-0.00025));
#4648=CARTESIAN_POINT('',(-0.00993103767952746,0.003555,-0.00025));
#4649=CARTESIAN_POINT('',(-0.0100920246409451,0.00316687716219138,-0.00025));
#4650=CARTESIAN_POINT('',(-0.0103503307632231,0.0030597,-0.00025));
#4651=CARTESIAN_POINT('',(-0.01048,0.0030597,-0.00025));
#4652=CARTESIAN_POINT('',(-0.0104800000001663,0.0040503,-0.000250000062474846));
#4653=CARTESIAN_POINT('',(-0.0104799999998337,0.0030597,-0.000250000062474846));
#4654=CARTESIAN_POINT('',(-0.01048,0.0030597,-0.00025));
#4655=CARTESIAN_POINT('',(-0.0106096692367769,0.0030597,-0.00025));
#4656=CARTESIAN_POINT('',(-0.0108679753590549,0.00316687716219138,-0.00025));
#4657=CARTESIAN_POINT('',(-0.0110289623204725,0.003555,-0.00025));
#4658=CARTESIAN_POINT('',(-0.0108679753590549,0.00394312283780862,-0.00025));
#4659=CARTESIAN_POINT('',(-0.0106096692367769,0.0040503,-0.00025));
#4660=CARTESIAN_POINT('',(-0.01048,0.0040503,-0.00025));
#4661=CARTESIAN_POINT('',(-0.01048,0.003555,-0.01896237));
#4662=CARTESIAN_POINT('',(-0.01048,0.003555,-0.008859248775786));
#4663=CARTESIAN_POINT('',(-0.0099847,0.003555,-0.008859248775786));
#4664=CARTESIAN_POINT('',(-0.01048,0.003555,-0.008859248775786));
#4665=CARTESIAN_POINT('',(-0.01048,0.003555,-0.00975727438789304));
#4666=CARTESIAN_POINT('',(-0.0113472743878931,0.003555,-0.00975727438789304));
#4667=CARTESIAN_POINT('',(-0.01048,0.003555,-0.009794521465194));
#4668=CARTESIAN_POINT('',(-0.01048,0.003555,-0.00983176854249599));
#4669=CARTESIAN_POINT('',(-0.00953823145750416,0.003555,-0.00983176854249599));
#4670=CARTESIAN_POINT('',(-0.01048,0.003555,-0.00988833708499));
#4671=CARTESIAN_POINT('',(-0.01048,0.003555,-0.00988833708499));
#4672=CARTESIAN_POINT('',(-0.0095148,0.003555,-0.00988833708499));
#4673=CARTESIAN_POINT('',(-0.01048,0.003555,-0.01896237));
#4674=CARTESIAN_POINT('',(-0.01048,0.003555,-0.013081));
#4675=CARTESIAN_POINT('',(-0.0095148,0.003555,-0.013081));
#4676=CARTESIAN_POINT('',(-0.01048,0.003555,-0.013081));
#4677=CARTESIAN_POINT('',(-0.01048,0.003555,-0.013081));
#4678=CARTESIAN_POINT('',(-0.0092973,0.003555,-0.013081));
#4679=CARTESIAN_POINT('',(-0.01048,0.003555,-0.013181));
#4680=CARTESIAN_POINT('',(-0.01048,0.003555,-0.013181));
#4681=CARTESIAN_POINT('',(-0.0091973,0.003555,-0.013181));
#4682=CARTESIAN_POINT('',(-0.01048,0.003555,-0.01896237));
#4683=CARTESIAN_POINT('',(-0.01048,0.003555,-0.013743));
#4684=CARTESIAN_POINT('',(-0.0091973,0.003555,-0.013743));
#4685=CARTESIAN_POINT('',(-0.01048,0.003555,-0.013743));
#4686=CARTESIAN_POINT('',(-0.01048,0.003555,-0.013843));
#4687=CARTESIAN_POINT('',(-0.0092973,0.003555,-0.013843));
#4688=CARTESIAN_POINT('',(-0.01048,0.003555,-0.013843));
#4689=CARTESIAN_POINT('',(-0.01048,0.003555,-0.013843));
#4690=CARTESIAN_POINT('',(-0.0094148,0.003555,-0.013843));
#4691=CARTESIAN_POINT('',(-0.01048,0.003555,-0.013943));
#4692=CARTESIAN_POINT('',(-0.01048,0.003555,-0.013943));
#4693=CARTESIAN_POINT('',(-0.0095148,0.003555,-0.013943));
#4694=CARTESIAN_POINT('',(-0.01048,0.003555,-0.01896237));
#4695=CARTESIAN_POINT('',(-0.0101912226807824,0.00448506865187949,-0.0143165671677018));
#4696=CARTESIAN_POINT('',(-0.010480032342554,0.00453775779291079,-0.0141967978264795));
#4697=CARTESIAN_POINT('',(-0.0107686479490017,0.00448510017647734,-0.0143164415263801));
#4698=CARTESIAN_POINT('',(-0.0108880930209626,0.00442821241059143,-0.0146050241122945));
#4699=CARTESIAN_POINT('',(-0.0107687799668454,0.004485066284381,-0.0148934254364411));
#4700=CARTESIAN_POINT('',(-0.0104799879511517,0.00453775779263191,-0.0150132021733814));
#4701=CARTESIAN_POINT('',(-0.0101913547022732,0.00448510254444596,-0.0148935658683418));
#4702=CARTESIAN_POINT('',(-0.0100719056543117,0.00442821122672466,-0.0146049758882535));
#4703=CARTESIAN_POINT('',(-0.0101912226807824,0.00448506865187949,-0.0143165671677018));
#4704=CARTESIAN_POINT('',(-0.010480032342554,0.00453775779291079,-0.0141967978264795));
#4705=CARTESIAN_POINT('',(-0.0107686479490017,0.00448510017647734,-0.0143164415263801));
#4706=CARTESIAN_POINT('',(-0.01048,0.0045202,-0.0142367));
#4707=CARTESIAN_POINT('',(-0.01048,0.003555,-0.0180594));
#4708=CARTESIAN_POINT('',(-0.0095148,0.003555,-0.0180594));
#4709=CARTESIAN_POINT('',(-0.01048,0.00419,-0.014605));
#4710=CARTESIAN_POINT('',(-0.0107693326384708,0.00413692147360254,-0.0148932842174427));
#4711=CARTESIAN_POINT('',(-0.0108878352119863,0.00404001706945804,-0.014604847052331));
#4712=CARTESIAN_POINT('',(-0.0107691265135839,0.00413669901517835,-0.0143173275732332));
#4713=CARTESIAN_POINT('',(-0.0104815121069497,0.00421654305850452,-0.0141965738346113));
#4714=CARTESIAN_POINT('',(-0.0101910610351158,0.00413712364746643,-0.0143165858871903));
#4715=CARTESIAN_POINT('',(-0.010072166086585,0.00404001823109093,-0.0146040313041691));
#4716=CARTESIAN_POINT('',(-0.0101904797195567,0.00413649582665409,-0.0148925408008376));
#4717=CARTESIAN_POINT('',(-0.010478487140071,0.00421664439783065,-0.0150134915435215));
#4718=CARTESIAN_POINT('',(-0.0107693326384708,0.00413692147360254,-0.0148932842174427));
#4719=CARTESIAN_POINT('',(-0.0108878352119863,0.00404001706945804,-0.014604847052331));
#4720=CARTESIAN_POINT('',(-0.0107691265135839,0.00413669901517835,-0.0143173275732332));
#4721=CARTESIAN_POINT('',(-0.0108483,0.00407228146110218,-0.014605));
#4722=CARTESIAN_POINT('',(-0.01048,0.003555,-0.0180594));
#4723=CARTESIAN_POINT('',(-0.01048,0.003555,-0.0180594));
#4724=CARTESIAN_POINT('',(-0.01048,0.003555,-0.018059399999999));
#4725=CARTESIAN_POINT('',(-0.0112928000000009,0.003555,-0.018059399999999));
#4726=CARTESIAN_POINT('',(-0.01048,0.003555,-0.01797049999905));
#4727=CARTESIAN_POINT('',(-0.01048,0.003555,-0.0178815999999991));
#4728=CARTESIAN_POINT('',(-0.011115000000001,0.003555,-0.0178815999999991));
#4729=CARTESIAN_POINT('',(-0.01048,0.003555,-0.0180594));
#4730=CARTESIAN_POINT('',(-0.01048,0.003555,-0.0170594));
#4731=CARTESIAN_POINT('',(-0.011115,0.003555,-0.0170594));
#4732=CARTESIAN_POINT('',(-0.01048,0.003555,-0.0170594));
#4733=CARTESIAN_POINT('',(0.,0.,0.));
#4734=CARTESIAN_POINT('',(-0.00629,-0.003555,0.));
#4735=CARTESIAN_POINT('',(-0.00629,-0.0033097,0.));
#4736=CARTESIAN_POINT('',(-0.00640563552895004,-0.0033097,0.));
#4737=CARTESIAN_POINT('',(-0.00666496447104996,-0.003555,0.));
#4738=CARTESIAN_POINT('',(-0.00640563552895004,-0.0038003,0.));
#4739=CARTESIAN_POINT('',(-0.00629,-0.0038003,0.));
#4740=CARTESIAN_POINT('',(-0.00628999999978471,-0.00380030000007822,-2.70488158361618E-19));
#4741=CARTESIAN_POINT('',(-0.0062900000002153,-0.00330969999992179,-2.70566109315568E-19));
#4742=CARTESIAN_POINT('',(-0.00629,-0.0038003,0.));
#4743=CARTESIAN_POINT('',(-0.00617436447104996,-0.0038003,0.));
#4744=CARTESIAN_POINT('',(-0.00591503552895004,-0.003555,0.));
#4745=CARTESIAN_POINT('',(-0.00617436447104996,-0.0033097,0.));
#4746=CARTESIAN_POINT('',(-0.00629,-0.0033097,0.));
#4747=CARTESIAN_POINT('',(-0.00629,-0.003555,-0.000249999999999994));
#4748=CARTESIAN_POINT('',(-0.00629,-0.0030597,-0.00025));
#4749=CARTESIAN_POINT('',(-0.00616033076322308,-0.0030597,-0.00025));
#4750=CARTESIAN_POINT('',(-0.00590202464094507,-0.00316687716219137,-0.00025));
#4751=CARTESIAN_POINT('',(-0.00574103767952747,-0.003555,-0.00025));
#4752=CARTESIAN_POINT('',(-0.00590202464094506,-0.00394312283780862,-0.00025));
#4753=CARTESIAN_POINT('',(-0.00616033076322308,-0.0040503,-0.00025));
#4754=CARTESIAN_POINT('',(-0.00629,-0.0040503,-0.00025));
#4755=CARTESIAN_POINT('',(-0.00629000000016629,-0.0030597,-0.000250000062474846));
#4756=CARTESIAN_POINT('',(-0.00628999999983371,-0.0040503,-0.000250000062474846));
#4757=CARTESIAN_POINT('',(-0.00629,-0.0040503,-0.00025));
#4758=CARTESIAN_POINT('',(-0.00641966923677692,-0.0040503,-0.00025));
#4759=CARTESIAN_POINT('',(-0.00667797535905493,-0.00394312283780862,-0.00025));
#4760=CARTESIAN_POINT('',(-0.00683896232047253,-0.003555,-0.00025));
#4761=CARTESIAN_POINT('',(-0.00667797535905494,-0.00316687716219138,-0.00025));
#4762=CARTESIAN_POINT('',(-0.00641966923677692,-0.0030597,-0.00025));
#4763=CARTESIAN_POINT('',(-0.00629,-0.0030597,-0.00025));
#4764=CARTESIAN_POINT('',(-0.00629,-0.003555,-0.01896237));
#4765=CARTESIAN_POINT('',(-0.00629,-0.003555,-0.008859248775786));
#4766=CARTESIAN_POINT('',(-0.0057947,-0.003555,-0.008859248775786));
#4767=CARTESIAN_POINT('',(-0.00629,-0.003555,-0.008859248775786));
#4768=CARTESIAN_POINT('',(-0.00629,-0.003555,-0.00975727438789304));
#4769=CARTESIAN_POINT('',(-0.00715727438789306,-0.003555,-0.00975727438789304));
#4770=CARTESIAN_POINT('',(-0.00629,-0.003555,-0.009794521465194));
#4771=CARTESIAN_POINT('',(-0.00629,-0.003555,-0.00983176854249599));
#4772=CARTESIAN_POINT('',(-0.00534823145750416,-0.003555,-0.00983176854249599));
#4773=CARTESIAN_POINT('',(-0.00629,-0.003555,-0.00988833708499));
#4774=CARTESIAN_POINT('',(-0.00629,-0.003555,-0.00988833708499));
#4775=CARTESIAN_POINT('',(-0.0053248,-0.003555,-0.00988833708499));
#4776=CARTESIAN_POINT('',(-0.00629,-0.003555,-0.01896237));
#4777=CARTESIAN_POINT('',(-0.00629,-0.003555,-0.013081));
#4778=CARTESIAN_POINT('',(-0.0053248,-0.003555,-0.013081));
#4779=CARTESIAN_POINT('',(-0.00629,-0.003555,-0.013081));
#4780=CARTESIAN_POINT('',(-0.00629,-0.003555,-0.013081));
#4781=CARTESIAN_POINT('',(-0.0051073,-0.003555,-0.013081));
#4782=CARTESIAN_POINT('',(-0.00629,-0.003555,-0.013181));
#4783=CARTESIAN_POINT('',(-0.00629,-0.003555,-0.013181));
#4784=CARTESIAN_POINT('',(-0.0050073,-0.003555,-0.013181));
#4785=CARTESIAN_POINT('',(-0.00629,-0.003555,-0.01896237));
#4786=CARTESIAN_POINT('',(-0.00629,-0.003555,-0.013743));
#4787=CARTESIAN_POINT('',(-0.0050073,-0.003555,-0.013743));
#4788=CARTESIAN_POINT('',(-0.00629,-0.003555,-0.013743));
#4789=CARTESIAN_POINT('',(-0.00629,-0.003555,-0.013843));
#4790=CARTESIAN_POINT('',(-0.0051073,-0.003555,-0.013843));
#4791=CARTESIAN_POINT('',(-0.00629,-0.003555,-0.013843));
#4792=CARTESIAN_POINT('',(-0.00629,-0.003555,-0.013843));
#4793=CARTESIAN_POINT('',(-0.0052248,-0.003555,-0.013843));
#4794=CARTESIAN_POINT('',(-0.00629,-0.003555,-0.013943));
#4795=CARTESIAN_POINT('',(-0.00629,-0.003555,-0.013943));
#4796=CARTESIAN_POINT('',(-0.0053248,-0.003555,-0.013943));
#4797=CARTESIAN_POINT('',(-0.00629,-0.003555,-0.01896237));
#4798=CARTESIAN_POINT('',(-0.00600122268078244,-0.00262493134812051,-0.0143165671677018));
#4799=CARTESIAN_POINT('',(-0.00629003234255398,-0.00257224220708921,-0.0141967978264795));
#4800=CARTESIAN_POINT('',(-0.00657864794900166,-0.00262489982352266,-0.0143164415263801));
#4801=CARTESIAN_POINT('',(-0.00669809302096258,-0.00268178758940857,-0.0146050241122945));
#4802=CARTESIAN_POINT('',(-0.00657877996684539,-0.002624933715619,-0.0148934254364411));
#4803=CARTESIAN_POINT('',(-0.00628998795115172,-0.00257224220736809,-0.0150132021733814));
#4804=CARTESIAN_POINT('',(-0.00600135470227322,-0.00262489745555404,-0.0148935658683418));
#4805=CARTESIAN_POINT('',(-0.00588190565431175,-0.00268178877327534,-0.0146049758882535));
#4806=CARTESIAN_POINT('',(-0.00600122268078244,-0.00262493134812051,-0.0143165671677018));
#4807=CARTESIAN_POINT('',(-0.00629003234255398,-0.00257224220708921,-0.0141967978264795));
#4808=CARTESIAN_POINT('',(-0.00657864794900166,-0.00262489982352266,-0.0143164415263801));
#4809=CARTESIAN_POINT('',(-0.00629,-0.0025898,-0.0142367));
#4810=CARTESIAN_POINT('',(-0.00629,-0.003555,-0.0180594));
#4811=CARTESIAN_POINT('',(-0.0053248,-0.003555,-0.0180594));
#4812=CARTESIAN_POINT('',(-0.00629,-0.00292,-0.014605));
#4813=CARTESIAN_POINT('',(-0.00657933263847079,-0.00297307852639746,-0.0148932842174427));
#4814=CARTESIAN_POINT('',(-0.00669783521198632,-0.00306998293054196,-0.014604847052331));
#4815=CARTESIAN_POINT('',(-0.00657912651358392,-0.00297330098482165,-0.0143173275732332));
#4816=CARTESIAN_POINT('',(-0.0062915121069497,-0.00289345694149548,-0.0141965738346113));
#4817=CARTESIAN_POINT('',(-0.00600106103511583,-0.00297287635253356,-0.0143165858871903));
#4818=CARTESIAN_POINT('',(-0.00588216608658501,-0.00306998176890907,-0.0146040313041691));
#4819=CARTESIAN_POINT('',(-0.00600047971955665,-0.00297350417334592,-0.0148925408008376));
#4820=CARTESIAN_POINT('',(-0.00628848714007103,-0.00289335560216935,-0.0150134915435215));
#4821=CARTESIAN_POINT('',(-0.00657933263847079,-0.00297307852639746,-0.0148932842174427));
#4822=CARTESIAN_POINT('',(-0.00669783521198632,-0.00306998293054196,-0.014604847052331));
#4823=CARTESIAN_POINT('',(-0.00657912651358392,-0.00297330098482165,-0.0143173275732332));
#4824=CARTESIAN_POINT('',(-0.0066583,-0.00303771853889783,-0.014605));
#4825=CARTESIAN_POINT('',(-0.00629,-0.003555,-0.0180594));
#4826=CARTESIAN_POINT('',(-0.00629,-0.003555,-0.0180594));
#4827=CARTESIAN_POINT('',(-0.00629,-0.003555,-0.018059399999999));
#4828=CARTESIAN_POINT('',(-0.00710280000000094,-0.003555,-0.018059399999999));
#4829=CARTESIAN_POINT('',(-0.00629,-0.003555,-0.01797049999905));
#4830=CARTESIAN_POINT('',(-0.00629,-0.003555,-0.0178815999999991));
#4831=CARTESIAN_POINT('',(-0.00692500000000096,-0.003555,-0.0178815999999991));
#4832=CARTESIAN_POINT('',(-0.00629,-0.003555,-0.0180594));
#4833=CARTESIAN_POINT('',(-0.00629,-0.003555,-0.0170594));
#4834=CARTESIAN_POINT('',(-0.006925,-0.003555,-0.0170594));
#4835=CARTESIAN_POINT('',(-0.00629,-0.003555,-0.0170594));
#4836=CARTESIAN_POINT('',(0.,0.,0.));
#4837=CARTESIAN_POINT('',(-0.0021,0.003555,0.));
#4838=CARTESIAN_POINT('',(-0.0021,0.0038003,0.));
#4839=CARTESIAN_POINT('',(-0.00221563552895004,0.0038003,0.));
#4840=CARTESIAN_POINT('',(-0.00247496447104996,0.003555,0.));
#4841=CARTESIAN_POINT('',(-0.00221563552895004,0.0033097,0.));
#4842=CARTESIAN_POINT('',(-0.0021,0.0033097,0.));
#4843=CARTESIAN_POINT('',(-0.00209999999978471,0.00330969999992179,-2.70488158361618E-19));
#4844=CARTESIAN_POINT('',(-0.00210000000021529,0.00380030000007822,-2.70566109315568E-19));
#4845=CARTESIAN_POINT('',(-0.0021,0.0033097,0.));
#4846=CARTESIAN_POINT('',(-0.00198436447104996,0.0033097,0.));
#4847=CARTESIAN_POINT('',(-0.00172503552895004,0.003555,0.));
#4848=CARTESIAN_POINT('',(-0.00198436447104996,0.0038003,0.));
#4849=CARTESIAN_POINT('',(-0.0021,0.0038003,0.));
#4850=CARTESIAN_POINT('',(-0.0021,0.003555,-0.000249999999999994));
#4851=CARTESIAN_POINT('',(-0.0021,0.0040503,-0.00025));
#4852=CARTESIAN_POINT('',(-0.00197033076322308,0.0040503,-0.00025));
#4853=CARTESIAN_POINT('',(-0.00171202464094507,0.00394312283780862,-0.00025));
#4854=CARTESIAN_POINT('',(-0.00155103767952747,0.003555,-0.00025));
#4855=CARTESIAN_POINT('',(-0.00171202464094506,0.00316687716219138,-0.00025));
#4856=CARTESIAN_POINT('',(-0.00197033076322308,0.0030597,-0.00025));
#4857=CARTESIAN_POINT('',(-0.0021,0.0030597,-0.00025));
#4858=CARTESIAN_POINT('',(-0.00210000000016629,0.0040503,-0.000250000062474846));
#4859=CARTESIAN_POINT('',(-0.00209999999983371,0.0030597,-0.000250000062474846));
#4860=CARTESIAN_POINT('',(-0.0021,0.0030597,-0.00025));
#4861=CARTESIAN_POINT('',(-0.00222966923677692,0.0030597,-0.00025));
#4862=CARTESIAN_POINT('',(-0.00248797535905493,0.00316687716219138,-0.00025));
#4863=CARTESIAN_POINT('',(-0.00264896232047253,0.003555,-0.00025));
#4864=CARTESIAN_POINT('',(-0.00248797535905493,0.00394312283780862,-0.00025));
#4865=CARTESIAN_POINT('',(-0.00222966923677692,0.0040503,-0.00025));
#4866=CARTESIAN_POINT('',(-0.0021,0.0040503,-0.00025));
#4867=CARTESIAN_POINT('',(-0.0021,0.003555,-0.01896237));
#4868=CARTESIAN_POINT('',(-0.0021,0.003555,-0.008859248775786));
#4869=CARTESIAN_POINT('',(-0.0016047,0.003555,-0.008859248775786));
#4870=CARTESIAN_POINT('',(-0.0021,0.003555,-0.008859248775786));
#4871=CARTESIAN_POINT('',(-0.0021,0.003555,-0.00975727438789304));
#4872=CARTESIAN_POINT('',(-0.00296727438789306,0.003555,-0.00975727438789304));
#4873=CARTESIAN_POINT('',(-0.0021,0.003555,-0.009794521465194));
#4874=CARTESIAN_POINT('',(-0.0021,0.003555,-0.00983176854249599));
#4875=CARTESIAN_POINT('',(-0.00115823145750416,0.003555,-0.00983176854249599));
#4876=CARTESIAN_POINT('',(-0.0021,0.003555,-0.00988833708499));
#4877=CARTESIAN_POINT('',(-0.0021,0.003555,-0.00988833708499));
#4878=CARTESIAN_POINT('',(-0.0011348,0.003555,-0.00988833708499));
#4879=CARTESIAN_POINT('',(-0.0021,0.003555,-0.01896237));
#4880=CARTESIAN_POINT('',(-0.0021,0.003555,-0.013081));
#4881=CARTESIAN_POINT('',(-0.0011348,0.003555,-0.013081));
#4882=CARTESIAN_POINT('',(-0.0021,0.003555,-0.013081));
#4883=CARTESIAN_POINT('',(-0.0021,0.003555,-0.013081));
#4884=CARTESIAN_POINT('',(-0.0009173,0.003555,-0.013081));
#4885=CARTESIAN_POINT('',(-0.0021,0.003555,-0.013181));
#4886=CARTESIAN_POINT('',(-0.0021,0.003555,-0.013181));
#4887=CARTESIAN_POINT('',(-0.0008173,0.003555,-0.013181));
#4888=CARTESIAN_POINT('',(-0.0021,0.003555,-0.01896237));
#4889=CARTESIAN_POINT('',(-0.0021,0.003555,-0.013743));
#4890=CARTESIAN_POINT('',(-0.0008173,0.003555,-0.013743));
#4891=CARTESIAN_POINT('',(-0.0021,0.003555,-0.013743));
#4892=CARTESIAN_POINT('',(-0.0021,0.003555,-0.013843));
#4893=CARTESIAN_POINT('',(-0.0009173,0.003555,-0.013843));
#4894=CARTESIAN_POINT('',(-0.0021,0.003555,-0.013843));
#4895=CARTESIAN_POINT('',(-0.0021,0.003555,-0.013843));
#4896=CARTESIAN_POINT('',(-0.0010348,0.003555,-0.013843));
#4897=CARTESIAN_POINT('',(-0.0021,0.003555,-0.013943));
#4898=CARTESIAN_POINT('',(-0.0021,0.003555,-0.013943));
#4899=CARTESIAN_POINT('',(-0.0011348,0.003555,-0.013943));
#4900=CARTESIAN_POINT('',(-0.0021,0.003555,-0.01896237));
#4901=CARTESIAN_POINT('',(-0.00181122268078244,0.00448506865187949,-0.0143165671677018));
#4902=CARTESIAN_POINT('',(-0.00210003234255398,0.00453775779291079,-0.0141967978264795));
#4903=CARTESIAN_POINT('',(-0.00238864794900165,0.00448510017647734,-0.0143164415263801));
#4904=CARTESIAN_POINT('',(-0.00250809302096258,0.00442821241059143,-0.0146050241122945));
#4905=CARTESIAN_POINT('',(-0.00238877996684539,0.00448506628438099,-0.0148934254364411));
#4906=CARTESIAN_POINT('',(-0.00209998795115172,0.00453775779263191,-0.0150132021733814));
#4907=CARTESIAN_POINT('',(-0.00181135470227323,0.00448510254444596,-0.0148935658683418));
#4908=CARTESIAN_POINT('',(-0.00169190565431174,0.00442821122672466,-0.0146049758882535));
#4909=CARTESIAN_POINT('',(-0.00181122268078244,0.00448506865187949,-0.0143165671677018));
#4910=CARTESIAN_POINT('',(-0.00210003234255398,0.00453775779291079,-0.0141967978264795));
#4911=CARTESIAN_POINT('',(-0.00238864794900165,0.00448510017647734,-0.0143164415263801));
#4912=CARTESIAN_POINT('',(-0.0021,0.0045202,-0.0142367));
#4913=CARTESIAN_POINT('',(-0.0021,0.003555,-0.0180594));
#4914=CARTESIAN_POINT('',(-0.0011348,0.003555,-0.0180594));
#4915=CARTESIAN_POINT('',(-0.0021,0.00419,-0.014605));
#4916=CARTESIAN_POINT('',(-0.0023893326384708,0.00413692147360254,-0.0148932842174427));
#4917=CARTESIAN_POINT('',(-0.00250783521198632,0.00404001706945804,-0.014604847052331));
#4918=CARTESIAN_POINT('',(-0.00238912651358392,0.00413669901517835,-0.0143173275732332));
#4919=CARTESIAN_POINT('',(-0.0021015121069497,0.00421654305850452,-0.0141965738346113));
#4920=CARTESIAN_POINT('',(-0.00181106103511583,0.00413712364746643,-0.0143165858871903));
#4921=CARTESIAN_POINT('',(-0.00169216608658501,0.00404001823109093,-0.0146040313041691));
#4922=CARTESIAN_POINT('',(-0.00181047971955666,0.00413649582665409,-0.0148925408008376));
#4923=CARTESIAN_POINT('',(-0.00209848714007103,0.00421664439783065,-0.0150134915435215));
#4924=CARTESIAN_POINT('',(-0.0023893326384708,0.00413692147360254,-0.0148932842174427));
#4925=CARTESIAN_POINT('',(-0.00250783521198632,0.00404001706945804,-0.014604847052331));
#4926=CARTESIAN_POINT('',(-0.00238912651358392,0.00413669901517835,-0.0143173275732332));
#4927=CARTESIAN_POINT('',(-0.0024683,0.00407228146110218,-0.014605));
#4928=CARTESIAN_POINT('',(-0.0021,0.003555,-0.0180594));
#4929=CARTESIAN_POINT('',(-0.0021,0.003555,-0.0180594));
#4930=CARTESIAN_POINT('',(-0.0021,0.003555,-0.018059399999999));
#4931=CARTESIAN_POINT('',(-0.00291280000000094,0.003555,-0.018059399999999));
#4932=CARTESIAN_POINT('',(-0.0021,0.003555,-0.01797049999905));
#4933=CARTESIAN_POINT('',(-0.0021,0.003555,-0.0178815999999991));
#4934=CARTESIAN_POINT('',(-0.00273500000000096,0.003555,-0.0178815999999991));
#4935=CARTESIAN_POINT('',(-0.0021,0.003555,-0.0180594));
#4936=CARTESIAN_POINT('',(-0.0021,0.003555,-0.0170594));
#4937=CARTESIAN_POINT('',(-0.002735,0.003555,-0.0170594));
#4938=CARTESIAN_POINT('',(-0.0021,0.003555,-0.0170594));
#4939=CARTESIAN_POINT('',(0.,0.,0.));
#4940=CARTESIAN_POINT('',(-0.0021,-0.003555,0.));
#4941=CARTESIAN_POINT('',(-0.0021,-0.0033097,0.));
#4942=CARTESIAN_POINT('',(-0.00221563552895004,-0.0033097,0.));
#4943=CARTESIAN_POINT('',(-0.00247496447104996,-0.003555,0.));
#4944=CARTESIAN_POINT('',(-0.00221563552895004,-0.0038003,0.));
#4945=CARTESIAN_POINT('',(-0.0021,-0.0038003,0.));
#4946=CARTESIAN_POINT('',(-0.00209999999978471,-0.00380030000007822,-2.70488158361618E-19));
#4947=CARTESIAN_POINT('',(-0.00210000000021529,-0.00330969999992179,-2.70566109315568E-19));
#4948=CARTESIAN_POINT('',(-0.0021,-0.0038003,0.));
#4949=CARTESIAN_POINT('',(-0.00198436447104996,-0.0038003,0.));
#4950=CARTESIAN_POINT('',(-0.00172503552895004,-0.003555,0.));
#4951=CARTESIAN_POINT('',(-0.00198436447104996,-0.0033097,0.));
#4952=CARTESIAN_POINT('',(-0.0021,-0.0033097,0.));
#4953=CARTESIAN_POINT('',(-0.0021,-0.003555,-0.000249999999999994));
#4954=CARTESIAN_POINT('',(-0.0021,-0.0030597,-0.00025));
#4955=CARTESIAN_POINT('',(-0.00197033076322308,-0.0030597,-0.00025));
#4956=CARTESIAN_POINT('',(-0.00171202464094507,-0.00316687716219137,-0.00025));
#4957=CARTESIAN_POINT('',(-0.00155103767952747,-0.003555,-0.00025));
#4958=CARTESIAN_POINT('',(-0.00171202464094506,-0.00394312283780862,-0.00025));
#4959=CARTESIAN_POINT('',(-0.00197033076322308,-0.0040503,-0.00025));
#4960=CARTESIAN_POINT('',(-0.0021,-0.0040503,-0.00025));
#4961=CARTESIAN_POINT('',(-0.00210000000016629,-0.0030597,-0.000250000062474846));
#4962=CARTESIAN_POINT('',(-0.00209999999983371,-0.0040503,-0.000250000062474846));
#4963=CARTESIAN_POINT('',(-0.0021,-0.0040503,-0.00025));
#4964=CARTESIAN_POINT('',(-0.00222966923677692,-0.0040503,-0.00025));
#4965=CARTESIAN_POINT('',(-0.00248797535905493,-0.00394312283780862,-0.00025));
#4966=CARTESIAN_POINT('',(-0.00264896232047253,-0.003555,-0.00025));
#4967=CARTESIAN_POINT('',(-0.00248797535905493,-0.00316687716219138,-0.00025));
#4968=CARTESIAN_POINT('',(-0.00222966923677692,-0.0030597,-0.00025));
#4969=CARTESIAN_POINT('',(-0.0021,-0.0030597,-0.00025));
#4970=CARTESIAN_POINT('',(-0.0021,-0.003555,-0.01896237));
#4971=CARTESIAN_POINT('',(-0.0021,-0.003555,-0.008859248775786));
#4972=CARTESIAN_POINT('',(-0.0016047,-0.003555,-0.008859248775786));
#4973=CARTESIAN_POINT('',(-0.0021,-0.003555,-0.008859248775786));
#4974=CARTESIAN_POINT('',(-0.0021,-0.003555,-0.00975727438789304));
#4975=CARTESIAN_POINT('',(-0.00296727438789306,-0.003555,-0.00975727438789304));
#4976=CARTESIAN_POINT('',(-0.0021,-0.003555,-0.009794521465194));
#4977=CARTESIAN_POINT('',(-0.0021,-0.003555,-0.00983176854249599));
#4978=CARTESIAN_POINT('',(-0.00115823145750416,-0.003555,-0.00983176854249599));
#4979=CARTESIAN_POINT('',(-0.0021,-0.003555,-0.00988833708499));
#4980=CARTESIAN_POINT('',(-0.0021,-0.003555,-0.00988833708499));
#4981=CARTESIAN_POINT('',(-0.0011348,-0.003555,-0.00988833708499));
#4982=CARTESIAN_POINT('',(-0.0021,-0.003555,-0.01896237));
#4983=CARTESIAN_POINT('',(-0.0021,-0.003555,-0.013081));
#4984=CARTESIAN_POINT('',(-0.0011348,-0.003555,-0.013081));
#4985=CARTESIAN_POINT('',(-0.0021,-0.003555,-0.013081));
#4986=CARTESIAN_POINT('',(-0.0021,-0.003555,-0.013081));
#4987=CARTESIAN_POINT('',(-0.0009173,-0.003555,-0.013081));
#4988=CARTESIAN_POINT('',(-0.0021,-0.003555,-0.013181));
#4989=CARTESIAN_POINT('',(-0.0021,-0.003555,-0.013181));
#4990=CARTESIAN_POINT('',(-0.0008173,-0.003555,-0.013181));
#4991=CARTESIAN_POINT('',(-0.0021,-0.003555,-0.01896237));
#4992=CARTESIAN_POINT('',(-0.0021,-0.003555,-0.013743));
#4993=CARTESIAN_POINT('',(-0.0008173,-0.003555,-0.013743));
#4994=CARTESIAN_POINT('',(-0.0021,-0.003555,-0.013743));
#4995=CARTESIAN_POINT('',(-0.0021,-0.003555,-0.013843));
#4996=CARTESIAN_POINT('',(-0.0009173,-0.003555,-0.013843));
#4997=CARTESIAN_POINT('',(-0.0021,-0.003555,-0.013843));
#4998=CARTESIAN_POINT('',(-0.0021,-0.003555,-0.013843));
#4999=CARTESIAN_POINT('',(-0.0010348,-0.003555,-0.013843));
#5000=CARTESIAN_POINT('',(-0.0021,-0.003555,-0.013943));
#5001=CARTESIAN_POINT('',(-0.0021,-0.003555,-0.013943));
#5002=CARTESIAN_POINT('',(-0.0011348,-0.003555,-0.013943));
#5003=CARTESIAN_POINT('',(-0.0021,-0.003555,-0.01896237));
#5004=CARTESIAN_POINT('',(-0.00181122268078244,-0.00262493134812051,-0.0143165671677018));
#5005=CARTESIAN_POINT('',(-0.00210003234255398,-0.00257224220708921,-0.0141967978264795));
#5006=CARTESIAN_POINT('',(-0.00238864794900166,-0.00262489982352266,-0.0143164415263801));
#5007=CARTESIAN_POINT('',(-0.00250809302096258,-0.00268178758940857,-0.0146050241122945));
#5008=CARTESIAN_POINT('',(-0.00238877996684539,-0.002624933715619,-0.0148934254364411));
#5009=CARTESIAN_POINT('',(-0.00209998795115172,-0.00257224220736809,-0.0150132021733814));
#5010=CARTESIAN_POINT('',(-0.00181135470227322,-0.00262489745555404,-0.0148935658683418));
#5011=CARTESIAN_POINT('',(-0.00169190565431174,-0.00268178877327534,-0.0146049758882535));
#5012=CARTESIAN_POINT('',(-0.00181122268078244,-0.00262493134812051,-0.0143165671677018));
#5013=CARTESIAN_POINT('',(-0.00210003234255398,-0.00257224220708921,-0.0141967978264795));
#5014=CARTESIAN_POINT('',(-0.00238864794900166,-0.00262489982352266,-0.0143164415263801));
#5015=CARTESIAN_POINT('',(-0.0021,-0.0025898,-0.0142367));
#5016=CARTESIAN_POINT('',(-0.0021,-0.003555,-0.0180594));
#5017=CARTESIAN_POINT('',(-0.0011348,-0.003555,-0.0180594));
#5018=CARTESIAN_POINT('',(-0.0021,-0.00292,-0.014605));
#5019=CARTESIAN_POINT('',(-0.0023893326384708,-0.00297307852639746,-0.0148932842174427));
#5020=CARTESIAN_POINT('',(-0.00250783521198632,-0.00306998293054196,-0.014604847052331));
#5021=CARTESIAN_POINT('',(-0.00238912651358392,-0.00297330098482165,-0.0143173275732332));
#5022=CARTESIAN_POINT('',(-0.00210151210694971,-0.00289345694149548,-0.0141965738346113));
#5023=CARTESIAN_POINT('',(-0.00181106103511583,-0.00297287635253356,-0.0143165858871903));
#5024=CARTESIAN_POINT('',(-0.00169216608658501,-0.00306998176890907,-0.0146040313041691));
#5025=CARTESIAN_POINT('',(-0.00181047971955666,-0.00297350417334592,-0.0148925408008376));
#5026=CARTESIAN_POINT('',(-0.00209848714007103,-0.00289335560216935,-0.0150134915435215));
#5027=CARTESIAN_POINT('',(-0.0023893326384708,-0.00297307852639746,-0.0148932842174427));
#5028=CARTESIAN_POINT('',(-0.00250783521198632,-0.00306998293054196,-0.014604847052331));
#5029=CARTESIAN_POINT('',(-0.00238912651358392,-0.00297330098482165,-0.0143173275732332));
#5030=CARTESIAN_POINT('',(-0.0024683,-0.00303771853889783,-0.014605));
#5031=CARTESIAN_POINT('',(-0.0021,-0.003555,-0.0180594));
#5032=CARTESIAN_POINT('',(-0.0021,-0.003555,-0.0180594));
#5033=CARTESIAN_POINT('',(-0.0021,-0.003555,-0.018059399999999));
#5034=CARTESIAN_POINT('',(-0.00291280000000094,-0.003555,-0.018059399999999));
#5035=CARTESIAN_POINT('',(-0.0021,-0.003555,-0.01797049999905));
#5036=CARTESIAN_POINT('',(-0.0021,-0.003555,-0.0178815999999991));
#5037=CARTESIAN_POINT('',(-0.00273500000000096,-0.003555,-0.0178815999999991));
#5038=CARTESIAN_POINT('',(-0.0021,-0.003555,-0.0180594));
#5039=CARTESIAN_POINT('',(-0.0021,-0.003555,-0.0170594));
#5040=CARTESIAN_POINT('',(-0.002735,-0.003555,-0.0170594));
#5041=CARTESIAN_POINT('',(-0.0021,-0.003555,-0.0170594));
#5042=CARTESIAN_POINT('',(0.,0.,0.));
#5043=CARTESIAN_POINT('',(0.00209,0.003555,0.));
#5044=CARTESIAN_POINT('',(0.00209,0.0038003,0.));
#5045=CARTESIAN_POINT('',(0.00197436447104996,0.0038003,0.));
#5046=CARTESIAN_POINT('',(0.00171503552895004,0.003555,0.));
#5047=CARTESIAN_POINT('',(0.00197436447104996,0.0033097,0.));
#5048=CARTESIAN_POINT('',(0.00209,0.0033097,0.));
#5049=CARTESIAN_POINT('',(0.00209000000021529,0.00330969999992179,-2.70488158361618E-19));
#5050=CARTESIAN_POINT('',(0.00208999999978471,0.00380030000007822,-2.70566109315568E-19));
#5051=CARTESIAN_POINT('',(0.00209,0.0033097,0.));
#5052=CARTESIAN_POINT('',(0.00220563552895004,0.0033097,0.));
#5053=CARTESIAN_POINT('',(0.00246496447104996,0.003555,0.));
#5054=CARTESIAN_POINT('',(0.00220563552895004,0.0038003,0.));
#5055=CARTESIAN_POINT('',(0.00209,0.0038003,0.));
#5056=CARTESIAN_POINT('',(0.00209,0.003555,-0.000249999999999994));
#5057=CARTESIAN_POINT('',(0.00209,0.0040503,-0.00025));
#5058=CARTESIAN_POINT('',(0.00221966923677692,0.0040503,-0.00025));
#5059=CARTESIAN_POINT('',(0.00247797535905493,0.00394312283780862,-0.00025));
#5060=CARTESIAN_POINT('',(0.00263896232047253,0.003555,-0.00025));
#5061=CARTESIAN_POINT('',(0.00247797535905494,0.00316687716219138,-0.00025));
#5062=CARTESIAN_POINT('',(0.00221966923677692,0.0030597,-0.00025));
#5063=CARTESIAN_POINT('',(0.00209,0.0030597,-0.00025));
#5064=CARTESIAN_POINT('',(0.00208999999983371,0.0040503,-0.000250000062474846));
#5065=CARTESIAN_POINT('',(0.00209000000016628,0.0030597,-0.000250000062474846));
#5066=CARTESIAN_POINT('',(0.00209,0.0030597,-0.00025));
#5067=CARTESIAN_POINT('',(0.00196033076322308,0.0030597,-0.00025));
#5068=CARTESIAN_POINT('',(0.00170202464094507,0.00316687716219138,-0.00025));
#5069=CARTESIAN_POINT('',(0.00154103767952747,0.003555,-0.00025));
#5070=CARTESIAN_POINT('',(0.00170202464094506,0.00394312283780862,-0.00025));
#5071=CARTESIAN_POINT('',(0.00196033076322308,0.0040503,-0.00025));
#5072=CARTESIAN_POINT('',(0.00209,0.0040503,-0.00025));
#5073=CARTESIAN_POINT('',(0.00209,0.003555,-0.01896237));
#5074=CARTESIAN_POINT('',(0.00209,0.003555,-0.008859248775786));
#5075=CARTESIAN_POINT('',(0.0025853,0.003555,-0.008859248775786));
#5076=CARTESIAN_POINT('',(0.00209,0.003555,-0.008859248775786));
#5077=CARTESIAN_POINT('',(0.00209,0.003555,-0.00975727438789304));
#5078=CARTESIAN_POINT('',(0.00122272561210694,0.003555,-0.00975727438789304));
#5079=CARTESIAN_POINT('',(0.00209,0.003555,-0.009794521465194));
#5080=CARTESIAN_POINT('',(0.00209,0.003555,-0.00983176854249599));
#5081=CARTESIAN_POINT('',(0.00303176854249584,0.003555,-0.00983176854249599));
#5082=CARTESIAN_POINT('',(0.00209,0.003555,-0.00988833708499));
#5083=CARTESIAN_POINT('',(0.00209,0.003555,-0.00988833708499));
#5084=CARTESIAN_POINT('',(0.0030552,0.003555,-0.00988833708499));
#5085=CARTESIAN_POINT('',(0.00209,0.003555,-0.01896237));
#5086=CARTESIAN_POINT('',(0.00209,0.003555,-0.013081));
#5087=CARTESIAN_POINT('',(0.0030552,0.003555,-0.013081));
#5088=CARTESIAN_POINT('',(0.00209,0.003555,-0.013081));
#5089=CARTESIAN_POINT('',(0.00209,0.003555,-0.013081));
#5090=CARTESIAN_POINT('',(0.0032727,0.003555,-0.013081));
#5091=CARTESIAN_POINT('',(0.00209,0.003555,-0.013181));
#5092=CARTESIAN_POINT('',(0.00209,0.003555,-0.013181));
#5093=CARTESIAN_POINT('',(0.0033727,0.003555,-0.013181));
#5094=CARTESIAN_POINT('',(0.00209,0.003555,-0.01896237));
#5095=CARTESIAN_POINT('',(0.00209,0.003555,-0.013743));
#5096=CARTESIAN_POINT('',(0.0033727,0.003555,-0.013743));
#5097=CARTESIAN_POINT('',(0.00209,0.003555,-0.013743));
#5098=CARTESIAN_POINT('',(0.00209,0.003555,-0.013843));
#5099=CARTESIAN_POINT('',(0.0032727,0.003555,-0.013843));
#5100=CARTESIAN_POINT('',(0.00209,0.003555,-0.013843));
#5101=CARTESIAN_POINT('',(0.00209,0.003555,-0.013843));
#5102=CARTESIAN_POINT('',(0.0031552,0.003555,-0.013843));
#5103=CARTESIAN_POINT('',(0.00209,0.003555,-0.013943));
#5104=CARTESIAN_POINT('',(0.00209,0.003555,-0.013943));
#5105=CARTESIAN_POINT('',(0.0030552,0.003555,-0.013943));
#5106=CARTESIAN_POINT('',(0.00209,0.003555,-0.01896237));
#5107=CARTESIAN_POINT('',(0.00237877731921756,0.00448506865187949,-0.0143165671677018));
#5108=CARTESIAN_POINT('',(0.00208996765744602,0.00453775779291079,-0.0141967978264795));
#5109=CARTESIAN_POINT('',(0.00180135205099834,0.00448510017647734,-0.0143164415263801));
#5110=CARTESIAN_POINT('',(0.00168190697903742,0.00442821241059143,-0.0146050241122945));
#5111=CARTESIAN_POINT('',(0.00180122003315461,0.00448506628438099,-0.0148934254364411));
#5112=CARTESIAN_POINT('',(0.00209001204884828,0.00453775779263191,-0.0150132021733814));
#5113=CARTESIAN_POINT('',(0.00237864529772677,0.00448510254444596,-0.0148935658683418));
#5114=CARTESIAN_POINT('',(0.00249809434568826,0.00442821122672466,-0.0146049758882535));
#5115=CARTESIAN_POINT('',(0.00237877731921756,0.00448506865187949,-0.0143165671677018));
#5116=CARTESIAN_POINT('',(0.00208996765744602,0.00453775779291079,-0.0141967978264795));
#5117=CARTESIAN_POINT('',(0.00180135205099834,0.00448510017647734,-0.0143164415263801));
#5118=CARTESIAN_POINT('',(0.00209,0.0045202,-0.0142367));
#5119=CARTESIAN_POINT('',(0.00209,0.003555,-0.0180594));
#5120=CARTESIAN_POINT('',(0.0030552,0.003555,-0.0180594));
#5121=CARTESIAN_POINT('',(0.00209,0.00419,-0.014605));
#5122=CARTESIAN_POINT('',(0.0018006673615292,0.00413692147360254,-0.0148932842174427));
#5123=CARTESIAN_POINT('',(0.00168216478801368,0.00404001706945804,-0.014604847052331));
#5124=CARTESIAN_POINT('',(0.00180087348641607,0.00413669901517835,-0.0143173275732332));
#5125=CARTESIAN_POINT('',(0.0020884878930503,0.00421654305850452,-0.0141965738346113));
#5126=CARTESIAN_POINT('',(0.00237893896488417,0.00413712364746643,-0.0143165858871903));
#5127=CARTESIAN_POINT('',(0.00249783391341499,0.00404001823109093,-0.0146040313041691));
#5128=CARTESIAN_POINT('',(0.00237952028044334,0.00413649582665408,-0.0148925408008376));
#5129=CARTESIAN_POINT('',(0.00209151285992897,0.00421664439783065,-0.0150134915435215));
#5130=CARTESIAN_POINT('',(0.0018006673615292,0.00413692147360254,-0.0148932842174427));
#5131=CARTESIAN_POINT('',(0.00168216478801368,0.00404001706945804,-0.014604847052331));
#5132=CARTESIAN_POINT('',(0.00180087348641607,0.00413669901517835,-0.0143173275732332));
#5133=CARTESIAN_POINT('',(0.0017217,0.00407228146110218,-0.014605));
#5134=CARTESIAN_POINT('',(0.00209,0.003555,-0.0180594));
#5135=CARTESIAN_POINT('',(0.00209,0.003555,-0.0180594));
#5136=CARTESIAN_POINT('',(0.00209,0.003555,-0.018059399999999));
#5137=CARTESIAN_POINT('',(0.00127719999999906,0.003555,-0.018059399999999));
#5138=CARTESIAN_POINT('',(0.00209,0.003555,-0.01797049999905));
#5139=CARTESIAN_POINT('',(0.00209,0.003555,-0.0178815999999991));
#5140=CARTESIAN_POINT('',(0.00145499999999904,0.003555,-0.0178815999999991));
#5141=CARTESIAN_POINT('',(0.00209,0.003555,-0.0180594));
#5142=CARTESIAN_POINT('',(0.00209,0.003555,-0.0170594));
#5143=CARTESIAN_POINT('',(0.001455,0.003555,-0.0170594));
#5144=CARTESIAN_POINT('',(0.00209,0.003555,-0.0170594));
#5145=CARTESIAN_POINT('',(0.,0.,0.));
#5146=CARTESIAN_POINT('',(0.00209,-0.003555,0.));
#5147=CARTESIAN_POINT('',(0.00209,-0.0033097,0.));
#5148=CARTESIAN_POINT('',(0.00197436447104996,-0.0033097,0.));
#5149=CARTESIAN_POINT('',(0.00171503552895004,-0.003555,0.));
#5150=CARTESIAN_POINT('',(0.00197436447104996,-0.0038003,0.));
#5151=CARTESIAN_POINT('',(0.00209,-0.0038003,0.));
#5152=CARTESIAN_POINT('',(0.00209000000021529,-0.00380030000007822,-2.70488158361618E-19));
#5153=CARTESIAN_POINT('',(0.00208999999978471,-0.00330969999992179,-2.70566109315568E-19));
#5154=CARTESIAN_POINT('',(0.00209,-0.0038003,0.));
#5155=CARTESIAN_POINT('',(0.00220563552895004,-0.0038003,0.));
#5156=CARTESIAN_POINT('',(0.00246496447104996,-0.003555,0.));
#5157=CARTESIAN_POINT('',(0.00220563552895004,-0.0033097,0.));
#5158=CARTESIAN_POINT('',(0.00209,-0.0033097,0.));
#5159=CARTESIAN_POINT('',(0.00209,-0.003555,-0.000249999999999994));
#5160=CARTESIAN_POINT('',(0.00209,-0.0030597,-0.00025));
#5161=CARTESIAN_POINT('',(0.00221966923677692,-0.0030597,-0.00025));
#5162=CARTESIAN_POINT('',(0.00247797535905493,-0.00316687716219137,-0.00025));
#5163=CARTESIAN_POINT('',(0.00263896232047253,-0.003555,-0.00025));
#5164=CARTESIAN_POINT('',(0.00247797535905494,-0.00394312283780862,-0.00025));
#5165=CARTESIAN_POINT('',(0.00221966923677692,-0.0040503,-0.00025));
#5166=CARTESIAN_POINT('',(0.00209,-0.0040503,-0.00025));
#5167=CARTESIAN_POINT('',(0.00208999999983371,-0.0030597,-0.000250000062474846));
#5168=CARTESIAN_POINT('',(0.00209000000016628,-0.0040503,-0.000250000062474846));
#5169=CARTESIAN_POINT('',(0.00209,-0.0040503,-0.00025));
#5170=CARTESIAN_POINT('',(0.00196033076322308,-0.0040503,-0.00025));
#5171=CARTESIAN_POINT('',(0.00170202464094507,-0.00394312283780862,-0.00025));
#5172=CARTESIAN_POINT('',(0.00154103767952747,-0.003555,-0.00025));
#5173=CARTESIAN_POINT('',(0.00170202464094506,-0.00316687716219138,-0.00025));
#5174=CARTESIAN_POINT('',(0.00196033076322308,-0.0030597,-0.00025));
#5175=CARTESIAN_POINT('',(0.00209,-0.0030597,-0.00025));
#5176=CARTESIAN_POINT('',(0.00209,-0.003555,-0.01896237));
#5177=CARTESIAN_POINT('',(0.00209,-0.003555,-0.008859248775786));
#5178=CARTESIAN_POINT('',(0.0025853,-0.003555,-0.008859248775786));
#5179=CARTESIAN_POINT('',(0.00209,-0.003555,-0.008859248775786));
#5180=CARTESIAN_POINT('',(0.00209,-0.003555,-0.00975727438789304));
#5181=CARTESIAN_POINT('',(0.00122272561210694,-0.003555,-0.00975727438789304));
#5182=CARTESIAN_POINT('',(0.00209,-0.003555,-0.009794521465194));
#5183=CARTESIAN_POINT('',(0.00209,-0.003555,-0.00983176854249599));
#5184=CARTESIAN_POINT('',(0.00303176854249584,-0.003555,-0.00983176854249599));
#5185=CARTESIAN_POINT('',(0.00209,-0.003555,-0.00988833708499));
#5186=CARTESIAN_POINT('',(0.00209,-0.003555,-0.00988833708499));
#5187=CARTESIAN_POINT('',(0.0030552,-0.003555,-0.00988833708499));
#5188=CARTESIAN_POINT('',(0.00209,-0.003555,-0.01896237));
#5189=CARTESIAN_POINT('',(0.00209,-0.003555,-0.013081));
#5190=CARTESIAN_POINT('',(0.0030552,-0.003555,-0.013081));
#5191=CARTESIAN_POINT('',(0.00209,-0.003555,-0.013081));
#5192=CARTESIAN_POINT('',(0.00209,-0.003555,-0.013081));
#5193=CARTESIAN_POINT('',(0.0032727,-0.003555,-0.013081));
#5194=CARTESIAN_POINT('',(0.00209,-0.003555,-0.013181));
#5195=CARTESIAN_POINT('',(0.00209,-0.003555,-0.013181));
#5196=CARTESIAN_POINT('',(0.0033727,-0.003555,-0.013181));
#5197=CARTESIAN_POINT('',(0.00209,-0.003555,-0.01896237));
#5198=CARTESIAN_POINT('',(0.00209,-0.003555,-0.013743));
#5199=CARTESIAN_POINT('',(0.0033727,-0.003555,-0.013743));
#5200=CARTESIAN_POINT('',(0.00209,-0.003555,-0.013743));
#5201=CARTESIAN_POINT('',(0.00209,-0.003555,-0.013843));
#5202=CARTESIAN_POINT('',(0.0032727,-0.003555,-0.013843));
#5203=CARTESIAN_POINT('',(0.00209,-0.003555,-0.013843));
#5204=CARTESIAN_POINT('',(0.00209,-0.003555,-0.013843));
#5205=CARTESIAN_POINT('',(0.0031552,-0.003555,-0.013843));
#5206=CARTESIAN_POINT('',(0.00209,-0.003555,-0.013943));
#5207=CARTESIAN_POINT('',(0.00209,-0.003555,-0.013943));
#5208=CARTESIAN_POINT('',(0.0030552,-0.003555,-0.013943));
#5209=CARTESIAN_POINT('',(0.00209,-0.003555,-0.01896237));
#5210=CARTESIAN_POINT('',(0.00237877731921756,-0.00262493134812051,-0.0143165671677018));
#5211=CARTESIAN_POINT('',(0.00208996765744602,-0.00257224220708921,-0.0141967978264795));
#5212=CARTESIAN_POINT('',(0.00180135205099834,-0.00262489982352266,-0.0143164415263801));
#5213=CARTESIAN_POINT('',(0.00168190697903742,-0.00268178758940857,-0.0146050241122945));
#5214=CARTESIAN_POINT('',(0.00180122003315461,-0.00262493371561901,-0.0148934254364411));
#5215=CARTESIAN_POINT('',(0.00209001204884828,-0.00257224220736809,-0.0150132021733814));
#5216=CARTESIAN_POINT('',(0.00237864529772678,-0.00262489745555404,-0.0148935658683418));
#5217=CARTESIAN_POINT('',(0.00249809434568825,-0.00268178877327534,-0.0146049758882535));
#5218=CARTESIAN_POINT('',(0.00237877731921756,-0.00262493134812051,-0.0143165671677018));
#5219=CARTESIAN_POINT('',(0.00208996765744602,-0.00257224220708921,-0.0141967978264795));
#5220=CARTESIAN_POINT('',(0.00180135205099834,-0.00262489982352266,-0.0143164415263801));
#5221=CARTESIAN_POINT('',(0.00209,-0.0025898,-0.0142367));
#5222=CARTESIAN_POINT('',(0.00209,-0.003555,-0.0180594));
#5223=CARTESIAN_POINT('',(0.0030552,-0.003555,-0.0180594));
#5224=CARTESIAN_POINT('',(0.00209,-0.00292,-0.014605));
#5225=CARTESIAN_POINT('',(0.0018006673615292,-0.00297307852639746,-0.0148932842174427));
#5226=CARTESIAN_POINT('',(0.00168216478801368,-0.00306998293054196,-0.014604847052331));
#5227=CARTESIAN_POINT('',(0.00180087348641608,-0.00297330098482165,-0.0143173275732332));
#5228=CARTESIAN_POINT('',(0.00208848789305029,-0.00289345694149548,-0.0141965738346113));
#5229=CARTESIAN_POINT('',(0.00237893896488417,-0.00297287635253357,-0.0143165858871903));
#5230=CARTESIAN_POINT('',(0.00249783391341499,-0.00306998176890907,-0.0146040313041691));
#5231=CARTESIAN_POINT('',(0.00237952028044335,-0.00297350417334592,-0.0148925408008376));
#5232=CARTESIAN_POINT('',(0.00209151285992897,-0.00289335560216935,-0.0150134915435215));
#5233=CARTESIAN_POINT('',(0.0018006673615292,-0.00297307852639746,-0.0148932842174427));
#5234=CARTESIAN_POINT('',(0.00168216478801368,-0.00306998293054196,-0.014604847052331));
#5235=CARTESIAN_POINT('',(0.00180087348641608,-0.00297330098482165,-0.0143173275732332));
#5236=CARTESIAN_POINT('',(0.0017217,-0.00303771853889783,-0.014605));
#5237=CARTESIAN_POINT('',(0.00209,-0.003555,-0.0180594));
#5238=CARTESIAN_POINT('',(0.00209,-0.003555,-0.0180594));
#5239=CARTESIAN_POINT('',(0.00209,-0.003555,-0.018059399999999));
#5240=CARTESIAN_POINT('',(0.00127719999999906,-0.003555,-0.018059399999999));
#5241=CARTESIAN_POINT('',(0.00209,-0.003555,-0.01797049999905));
#5242=CARTESIAN_POINT('',(0.00209,-0.003555,-0.0178815999999991));
#5243=CARTESIAN_POINT('',(0.00145499999999904,-0.003555,-0.0178815999999991));
#5244=CARTESIAN_POINT('',(0.00209,-0.003555,-0.0180594));
#5245=CARTESIAN_POINT('',(0.00209,-0.003555,-0.0170594));
#5246=CARTESIAN_POINT('',(0.001455,-0.003555,-0.0170594));
#5247=CARTESIAN_POINT('',(0.00209,-0.003555,-0.0170594));
#5248=CARTESIAN_POINT('',(0.,0.,0.));
#5249=CARTESIAN_POINT('',(0.00628,0.003555,0.));
#5250=CARTESIAN_POINT('',(0.00628,0.0038003,0.));
#5251=CARTESIAN_POINT('',(0.00616436447104996,0.0038003,0.));
#5252=CARTESIAN_POINT('',(0.00590503552895004,0.003555,0.));
#5253=CARTESIAN_POINT('',(0.00616436447104996,0.0033097,0.));
#5254=CARTESIAN_POINT('',(0.00628,0.0033097,0.));
#5255=CARTESIAN_POINT('',(0.00628000000021529,0.00330969999992179,-2.70488158361618E-19));
#5256=CARTESIAN_POINT('',(0.0062799999997847,0.00380030000007822,-2.70566109315568E-19));
#5257=CARTESIAN_POINT('',(0.00628,0.0033097,0.));
#5258=CARTESIAN_POINT('',(0.00639563552895004,0.0033097,0.));
#5259=CARTESIAN_POINT('',(0.00665496447104996,0.003555,0.));
#5260=CARTESIAN_POINT('',(0.00639563552895004,0.0038003,0.));
#5261=CARTESIAN_POINT('',(0.00628,0.0038003,0.));
#5262=CARTESIAN_POINT('',(0.00628,0.003555,-0.000249999999999994));
#5263=CARTESIAN_POINT('',(0.00628,0.0040503,-0.00025));
#5264=CARTESIAN_POINT('',(0.00640966923677692,0.0040503,-0.00025));
#5265=CARTESIAN_POINT('',(0.00666797535905493,0.00394312283780862,-0.00025));
#5266=CARTESIAN_POINT('',(0.00682896232047253,0.003555,-0.00025));
#5267=CARTESIAN_POINT('',(0.00666797535905493,0.00316687716219138,-0.00025));
#5268=CARTESIAN_POINT('',(0.00640966923677692,0.0030597,-0.00025));
#5269=CARTESIAN_POINT('',(0.00628,0.0030597,-0.00025));
#5270=CARTESIAN_POINT('',(0.00627999999983371,0.0040503,-0.000250000062474846));
#5271=CARTESIAN_POINT('',(0.00628000000016629,0.0030597,-0.000250000062474846));
#5272=CARTESIAN_POINT('',(0.00628,0.0030597,-0.00025));
#5273=CARTESIAN_POINT('',(0.00615033076322308,0.0030597,-0.00025));
#5274=CARTESIAN_POINT('',(0.00589202464094507,0.00316687716219138,-0.00025));
#5275=CARTESIAN_POINT('',(0.00573103767952747,0.003555,-0.00025));
#5276=CARTESIAN_POINT('',(0.00589202464094507,0.00394312283780862,-0.00025));
#5277=CARTESIAN_POINT('',(0.00615033076322308,0.0040503,-0.00025));
#5278=CARTESIAN_POINT('',(0.00628,0.0040503,-0.00025));
#5279=CARTESIAN_POINT('',(0.00628,0.003555,-0.01896237));
#5280=CARTESIAN_POINT('',(0.00628,0.003555,-0.008859248775786));
#5281=CARTESIAN_POINT('',(0.0067753,0.003555,-0.008859248775786));
#5282=CARTESIAN_POINT('',(0.00628,0.003555,-0.008859248775786));
#5283=CARTESIAN_POINT('',(0.00628,0.003555,-0.00975727438789304));
#5284=CARTESIAN_POINT('',(0.00541272561210694,0.003555,-0.00975727438789304));
#5285=CARTESIAN_POINT('',(0.00628,0.003555,-0.009794521465194));
#5286=CARTESIAN_POINT('',(0.00628,0.003555,-0.00983176854249599));
#5287=CARTESIAN_POINT('',(0.00722176854249584,0.003555,-0.00983176854249599));
#5288=CARTESIAN_POINT('',(0.00628,0.003555,-0.00988833708499));
#5289=CARTESIAN_POINT('',(0.00628,0.003555,-0.00988833708499));
#5290=CARTESIAN_POINT('',(0.0072452,0.003555,-0.00988833708499));
#5291=CARTESIAN_POINT('',(0.00628,0.003555,-0.01896237));
#5292=CARTESIAN_POINT('',(0.00628,0.003555,-0.013081));
#5293=CARTESIAN_POINT('',(0.0072452,0.003555,-0.013081));
#5294=CARTESIAN_POINT('',(0.00628,0.003555,-0.013081));
#5295=CARTESIAN_POINT('',(0.00628,0.003555,-0.013081));
#5296=CARTESIAN_POINT('',(0.0074627,0.003555,-0.013081));
#5297=CARTESIAN_POINT('',(0.00628,0.003555,-0.013181));
#5298=CARTESIAN_POINT('',(0.00628,0.003555,-0.013181));
#5299=CARTESIAN_POINT('',(0.0075627,0.003555,-0.013181));
#5300=CARTESIAN_POINT('',(0.00628,0.003555,-0.01896237));
#5301=CARTESIAN_POINT('',(0.00628,0.003555,-0.013743));
#5302=CARTESIAN_POINT('',(0.0075627,0.003555,-0.013743));
#5303=CARTESIAN_POINT('',(0.00628,0.003555,-0.013743));
#5304=CARTESIAN_POINT('',(0.00628,0.003555,-0.013843));
#5305=CARTESIAN_POINT('',(0.0074627,0.003555,-0.013843));
#5306=CARTESIAN_POINT('',(0.00628,0.003555,-0.013843));
#5307=CARTESIAN_POINT('',(0.00628,0.003555,-0.013843));
#5308=CARTESIAN_POINT('',(0.0073452,0.003555,-0.013843));
#5309=CARTESIAN_POINT('',(0.00628,0.003555,-0.013943));
#5310=CARTESIAN_POINT('',(0.00628,0.003555,-0.013943));
#5311=CARTESIAN_POINT('',(0.0072452,0.003555,-0.013943));
#5312=CARTESIAN_POINT('',(0.00628,0.003555,-0.01896237));
#5313=CARTESIAN_POINT('',(0.00656877731921756,0.00448506865187949,-0.0143165671677018));
#5314=CARTESIAN_POINT('',(0.00627996765744602,0.00453775779291079,-0.0141967978264795));
#5315=CARTESIAN_POINT('',(0.00599135205099835,0.00448510017647734,-0.0143164415263801));
#5316=CARTESIAN_POINT('',(0.00587190697903742,0.00442821241059144,-0.0146050241122945));
#5317=CARTESIAN_POINT('',(0.00599122003315461,0.00448506628438099,-0.0148934254364411));
#5318=CARTESIAN_POINT('',(0.00628001204884828,0.00453775779263191,-0.0150132021733814));
#5319=CARTESIAN_POINT('',(0.00656864529772677,0.00448510254444596,-0.0148935658683419));
#5320=CARTESIAN_POINT('',(0.00668809434568826,0.00442821122672466,-0.0146049758882535));
#5321=CARTESIAN_POINT('',(0.00656877731921756,0.00448506865187949,-0.0143165671677018));
#5322=CARTESIAN_POINT('',(0.00627996765744602,0.00453775779291079,-0.0141967978264795));
#5323=CARTESIAN_POINT('',(0.00599135205099835,0.00448510017647734,-0.0143164415263801));
#5324=CARTESIAN_POINT('',(0.00628,0.0045202,-0.0142367));
#5325=CARTESIAN_POINT('',(0.00628,0.003555,-0.0180594));
#5326=CARTESIAN_POINT('',(0.0072452,0.003555,-0.0180594));
#5327=CARTESIAN_POINT('',(0.00628,0.00419,-0.014605));
#5328=CARTESIAN_POINT('',(0.0059906673615292,0.00413692147360254,-0.0148932842174427));
#5329=CARTESIAN_POINT('',(0.00587216478801368,0.00404001706945804,-0.014604847052331));
#5330=CARTESIAN_POINT('',(0.00599087348641608,0.00413669901517835,-0.0143173275732332));
#5331=CARTESIAN_POINT('',(0.00627848789305029,0.00421654305850452,-0.0141965738346113));
#5332=CARTESIAN_POINT('',(0.00656893896488417,0.00413712364746643,-0.0143165858871903));
#5333=CARTESIAN_POINT('',(0.00668783391341499,0.00404001823109093,-0.0146040313041691));
#5334=CARTESIAN_POINT('',(0.00656952028044335,0.00413649582665409,-0.0148925408008376));
#5335=CARTESIAN_POINT('',(0.00628151285992897,0.00421664439783065,-0.0150134915435215));
#5336=CARTESIAN_POINT('',(0.0059906673615292,0.00413692147360254,-0.0148932842174427));
#5337=CARTESIAN_POINT('',(0.00587216478801368,0.00404001706945804,-0.014604847052331));
#5338=CARTESIAN_POINT('',(0.00599087348641608,0.00413669901517835,-0.0143173275732332));
#5339=CARTESIAN_POINT('',(0.0059117,0.00407228146110218,-0.014605));
#5340=CARTESIAN_POINT('',(0.00628,0.003555,-0.0180594));
#5341=CARTESIAN_POINT('',(0.00628,0.003555,-0.0180594));
#5342=CARTESIAN_POINT('',(0.00628,0.003555,-0.018059399999999));
#5343=CARTESIAN_POINT('',(0.00546719999999906,0.003555,-0.018059399999999));
#5344=CARTESIAN_POINT('',(0.00628,0.003555,-0.01797049999905));
#5345=CARTESIAN_POINT('',(0.00628,0.003555,-0.0178815999999991));
#5346=CARTESIAN_POINT('',(0.00564499999999904,0.003555,-0.0178815999999991));
#5347=CARTESIAN_POINT('',(0.00628,0.003555,-0.0180594));
#5348=CARTESIAN_POINT('',(0.00628,0.003555,-0.0170594));
#5349=CARTESIAN_POINT('',(0.005645,0.003555,-0.0170594));
#5350=CARTESIAN_POINT('',(0.00628,0.003555,-0.0170594));
#5351=MECHANICAL_DESIGN_GEOMETRIC_PRESENTATION_REPRESENTATION('',(#2698),
#5363);
#5352=MECHANICAL_DESIGN_GEOMETRIC_PRESENTATION_REPRESENTATION('',(#2699),
#5364);
#5353=MECHANICAL_DESIGN_GEOMETRIC_PRESENTATION_REPRESENTATION('',(#2700),
#5365);
#5354=MECHANICAL_DESIGN_GEOMETRIC_PRESENTATION_REPRESENTATION('',(#2701),
#5366);
#5355=MECHANICAL_DESIGN_GEOMETRIC_PRESENTATION_REPRESENTATION('',(#2702),
#5367);
#5356=MECHANICAL_DESIGN_GEOMETRIC_PRESENTATION_REPRESENTATION('',(#2703),
#5368);
#5357=MECHANICAL_DESIGN_GEOMETRIC_PRESENTATION_REPRESENTATION('',(#2704),
#5369);
#5358=MECHANICAL_DESIGN_GEOMETRIC_PRESENTATION_REPRESENTATION('',(#2705),
#5370);
#5359=MECHANICAL_DESIGN_GEOMETRIC_PRESENTATION_REPRESENTATION('',(#2706),
#5371);
#5360=MECHANICAL_DESIGN_GEOMETRIC_PRESENTATION_REPRESENTATION('',(#2707),
#5372);
#5361=MECHANICAL_DESIGN_GEOMETRIC_PRESENTATION_REPRESENTATION('',(#2708),
#5373);
#5362=MECHANICAL_DESIGN_GEOMETRIC_PRESENTATION_REPRESENTATION('',(#2709),
#5374);
#5363=(
GEOMETRIC_REPRESENTATION_CONTEXT(3)
GLOBAL_UNCERTAINTY_ASSIGNED_CONTEXT((#5375))
GLOBAL_UNIT_ASSIGNED_CONTEXT((#5411,#5399,#5387))
REPRESENTATION_CONTEXT('Part 1','TOP_LEVEL_ASSEMBLY_PART')
);
#5364=(
GEOMETRIC_REPRESENTATION_CONTEXT(3)
GLOBAL_UNCERTAINTY_ASSIGNED_CONTEXT((#5376))
GLOBAL_UNIT_ASSIGNED_CONTEXT((#5412,#5400,#5388))
REPRESENTATION_CONTEXT('Part 1','TOP_LEVEL_ASSEMBLY_PART')
);
#5365=(
GEOMETRIC_REPRESENTATION_CONTEXT(3)
GLOBAL_UNCERTAINTY_ASSIGNED_CONTEXT((#5377))
GLOBAL_UNIT_ASSIGNED_CONTEXT((#5413,#5401,#5389))
REPRESENTATION_CONTEXT('Part 1','TOP_LEVEL_ASSEMBLY_PART')
);
#5366=(
GEOMETRIC_REPRESENTATION_CONTEXT(3)
GLOBAL_UNCERTAINTY_ASSIGNED_CONTEXT((#5378))
GLOBAL_UNIT_ASSIGNED_CONTEXT((#5414,#5402,#5390))
REPRESENTATION_CONTEXT('Part 1','TOP_LEVEL_ASSEMBLY_PART')
);
#5367=(
GEOMETRIC_REPRESENTATION_CONTEXT(3)
GLOBAL_UNCERTAINTY_ASSIGNED_CONTEXT((#5379))
GLOBAL_UNIT_ASSIGNED_CONTEXT((#5415,#5403,#5391))
REPRESENTATION_CONTEXT('Part 1','TOP_LEVEL_ASSEMBLY_PART')
);
#5368=(
GEOMETRIC_REPRESENTATION_CONTEXT(3)
GLOBAL_UNCERTAINTY_ASSIGNED_CONTEXT((#5380))
GLOBAL_UNIT_ASSIGNED_CONTEXT((#5416,#5404,#5392))
REPRESENTATION_CONTEXT('Part 1','TOP_LEVEL_ASSEMBLY_PART')
);
#5369=(
GEOMETRIC_REPRESENTATION_CONTEXT(3)
GLOBAL_UNCERTAINTY_ASSIGNED_CONTEXT((#5381))
GLOBAL_UNIT_ASSIGNED_CONTEXT((#5417,#5405,#5393))
REPRESENTATION_CONTEXT('Part 1','TOP_LEVEL_ASSEMBLY_PART')
);
#5370=(
GEOMETRIC_REPRESENTATION_CONTEXT(3)
GLOBAL_UNCERTAINTY_ASSIGNED_CONTEXT((#5382))
GLOBAL_UNIT_ASSIGNED_CONTEXT((#5418,#5406,#5394))
REPRESENTATION_CONTEXT('Part 1','TOP_LEVEL_ASSEMBLY_PART')
);
#5371=(
GEOMETRIC_REPRESENTATION_CONTEXT(3)
GLOBAL_UNCERTAINTY_ASSIGNED_CONTEXT((#5383))
GLOBAL_UNIT_ASSIGNED_CONTEXT((#5419,#5407,#5395))
REPRESENTATION_CONTEXT('Part 1','TOP_LEVEL_ASSEMBLY_PART')
);
#5372=(
GEOMETRIC_REPRESENTATION_CONTEXT(3)
GLOBAL_UNCERTAINTY_ASSIGNED_CONTEXT((#5384))
GLOBAL_UNIT_ASSIGNED_CONTEXT((#5420,#5408,#5396))
REPRESENTATION_CONTEXT('Part 1','TOP_LEVEL_ASSEMBLY_PART')
);
#5373=(
GEOMETRIC_REPRESENTATION_CONTEXT(3)
GLOBAL_UNCERTAINTY_ASSIGNED_CONTEXT((#5385))
GLOBAL_UNIT_ASSIGNED_CONTEXT((#5421,#5409,#5397))
REPRESENTATION_CONTEXT('Part 1','TOP_LEVEL_ASSEMBLY_PART')
);
#5374=(
GEOMETRIC_REPRESENTATION_CONTEXT(3)
GLOBAL_UNCERTAINTY_ASSIGNED_CONTEXT((#5386))
GLOBAL_UNIT_ASSIGNED_CONTEXT((#5422,#5410,#5398))
REPRESENTATION_CONTEXT('Part 1','TOP_LEVEL_ASSEMBLY_PART')
);
#5375=UNCERTAINTY_MEASURE_WITH_UNIT(LENGTH_MEASURE(2.E-5),#5411,
'DISTANCE_ACCURACY_VALUE','Maximum Tolerance applied to model');
#5376=UNCERTAINTY_MEASURE_WITH_UNIT(LENGTH_MEASURE(2.E-5),#5412,
'DISTANCE_ACCURACY_VALUE','Maximum Tolerance applied to model');
#5377=UNCERTAINTY_MEASURE_WITH_UNIT(LENGTH_MEASURE(2.E-5),#5413,
'DISTANCE_ACCURACY_VALUE','Maximum Tolerance applied to model');
#5378=UNCERTAINTY_MEASURE_WITH_UNIT(LENGTH_MEASURE(2.E-5),#5414,
'DISTANCE_ACCURACY_VALUE','Maximum Tolerance applied to model');
#5379=UNCERTAINTY_MEASURE_WITH_UNIT(LENGTH_MEASURE(2.E-5),#5415,
'DISTANCE_ACCURACY_VALUE','Maximum Tolerance applied to model');
#5380=UNCERTAINTY_MEASURE_WITH_UNIT(LENGTH_MEASURE(2.E-5),#5416,
'DISTANCE_ACCURACY_VALUE','Maximum Tolerance applied to model');
#5381=UNCERTAINTY_MEASURE_WITH_UNIT(LENGTH_MEASURE(2.E-5),#5417,
'DISTANCE_ACCURACY_VALUE','Maximum Tolerance applied to model');
#5382=UNCERTAINTY_MEASURE_WITH_UNIT(LENGTH_MEASURE(2.E-5),#5418,
'DISTANCE_ACCURACY_VALUE','Maximum Tolerance applied to model');
#5383=UNCERTAINTY_MEASURE_WITH_UNIT(LENGTH_MEASURE(2.E-5),#5419,
'DISTANCE_ACCURACY_VALUE','Maximum Tolerance applied to model');
#5384=UNCERTAINTY_MEASURE_WITH_UNIT(LENGTH_MEASURE(2.E-5),#5420,
'DISTANCE_ACCURACY_VALUE','Maximum Tolerance applied to model');
#5385=UNCERTAINTY_MEASURE_WITH_UNIT(LENGTH_MEASURE(2.E-5),#5421,
'DISTANCE_ACCURACY_VALUE','Maximum Tolerance applied to model');
#5386=UNCERTAINTY_MEASURE_WITH_UNIT(LENGTH_MEASURE(2.E-5),#5422,
'DISTANCE_ACCURACY_VALUE','Maximum Tolerance applied to model');
#5387=(
NAMED_UNIT(*)
SI_UNIT($,.STERADIAN.)
SOLID_ANGLE_UNIT()
);
#5388=(
NAMED_UNIT(*)
SI_UNIT($,.STERADIAN.)
SOLID_ANGLE_UNIT()
);
#5389=(
NAMED_UNIT(*)
SI_UNIT($,.STERADIAN.)
SOLID_ANGLE_UNIT()
);
#5390=(
NAMED_UNIT(*)
SI_UNIT($,.STERADIAN.)
SOLID_ANGLE_UNIT()
);
#5391=(
NAMED_UNIT(*)
SI_UNIT($,.STERADIAN.)
SOLID_ANGLE_UNIT()
);
#5392=(
NAMED_UNIT(*)
SI_UNIT($,.STERADIAN.)
SOLID_ANGLE_UNIT()
);
#5393=(
NAMED_UNIT(*)
SI_UNIT($,.STERADIAN.)
SOLID_ANGLE_UNIT()
);
#5394=(
NAMED_UNIT(*)
SI_UNIT($,.STERADIAN.)
SOLID_ANGLE_UNIT()
);
#5395=(
NAMED_UNIT(*)
SI_UNIT($,.STERADIAN.)
SOLID_ANGLE_UNIT()
);
#5396=(
NAMED_UNIT(*)
SI_UNIT($,.STERADIAN.)
SOLID_ANGLE_UNIT()
);
#5397=(
NAMED_UNIT(*)
SI_UNIT($,.STERADIAN.)
SOLID_ANGLE_UNIT()
);
#5398=(
NAMED_UNIT(*)
SI_UNIT($,.STERADIAN.)
SOLID_ANGLE_UNIT()
);
#5399=(
NAMED_UNIT(*)
PLANE_ANGLE_UNIT()
SI_UNIT($,.RADIAN.)
);
#5400=(
NAMED_UNIT(*)
PLANE_ANGLE_UNIT()
SI_UNIT($,.RADIAN.)
);
#5401=(
NAMED_UNIT(*)
PLANE_ANGLE_UNIT()
SI_UNIT($,.RADIAN.)
);
#5402=(
NAMED_UNIT(*)
PLANE_ANGLE_UNIT()
SI_UNIT($,.RADIAN.)
);
#5403=(
NAMED_UNIT(*)
PLANE_ANGLE_UNIT()
SI_UNIT($,.RADIAN.)
);
#5404=(
NAMED_UNIT(*)
PLANE_ANGLE_UNIT()
SI_UNIT($,.RADIAN.)
);
#5405=(
NAMED_UNIT(*)
PLANE_ANGLE_UNIT()
SI_UNIT($,.RADIAN.)
);
#5406=(
NAMED_UNIT(*)
PLANE_ANGLE_UNIT()
SI_UNIT($,.RADIAN.)
);
#5407=(
NAMED_UNIT(*)
PLANE_ANGLE_UNIT()
SI_UNIT($,.RADIAN.)
);
#5408=(
NAMED_UNIT(*)
PLANE_ANGLE_UNIT()
SI_UNIT($,.RADIAN.)
);
#5409=(
NAMED_UNIT(*)
PLANE_ANGLE_UNIT()
SI_UNIT($,.RADIAN.)
);
#5410=(
NAMED_UNIT(*)
PLANE_ANGLE_UNIT()
SI_UNIT($,.RADIAN.)
);
#5411=(
LENGTH_UNIT()
NAMED_UNIT(*)
SI_UNIT($,.METRE.)
);
#5412=(
LENGTH_UNIT()
NAMED_UNIT(*)
SI_UNIT($,.METRE.)
);
#5413=(
LENGTH_UNIT()
NAMED_UNIT(*)
SI_UNIT($,.METRE.)
);
#5414=(
LENGTH_UNIT()
NAMED_UNIT(*)
SI_UNIT($,.METRE.)
);
#5415=(
LENGTH_UNIT()
NAMED_UNIT(*)
SI_UNIT($,.METRE.)
);
#5416=(
LENGTH_UNIT()
NAMED_UNIT(*)
SI_UNIT($,.METRE.)
);
#5417=(
LENGTH_UNIT()
NAMED_UNIT(*)
SI_UNIT($,.METRE.)
);
#5418=(
LENGTH_UNIT()
NAMED_UNIT(*)
SI_UNIT($,.METRE.)
);
#5419=(
LENGTH_UNIT()
NAMED_UNIT(*)
SI_UNIT($,.METRE.)
);
#5420=(
LENGTH_UNIT()
NAMED_UNIT(*)
SI_UNIT($,.METRE.)
);
#5421=(
LENGTH_UNIT()
NAMED_UNIT(*)
SI_UNIT($,.METRE.)
);
#5422=(
LENGTH_UNIT()
NAMED_UNIT(*)
SI_UNIT($,.METRE.)
);
#5423=PRODUCT_DEFINITION_SHAPE('','',#5435);
#5424=PRODUCT_DEFINITION_SHAPE('','',#5436);
#5425=PRODUCT_DEFINITION_SHAPE('','',#5437);
#5426=PRODUCT_DEFINITION_SHAPE('','',#5438);
#5427=PRODUCT_DEFINITION_SHAPE('','',#5439);
#5428=PRODUCT_DEFINITION_SHAPE('','',#5440);
#5429=PRODUCT_DEFINITION_SHAPE('','',#5441);
#5430=PRODUCT_DEFINITION_SHAPE('','',#5442);
#5431=PRODUCT_DEFINITION_SHAPE('','',#5443);
#5432=PRODUCT_DEFINITION_SHAPE('','',#5444);
#5433=PRODUCT_DEFINITION_SHAPE('','',#5445);
#5434=PRODUCT_DEFINITION_SHAPE('','',#5446);
#5435=PRODUCT_DEFINITION('','',#5459,#5447);
#5436=PRODUCT_DEFINITION('','',#5460,#5448);
#5437=PRODUCT_DEFINITION('','',#5461,#5449);
#5438=PRODUCT_DEFINITION('','',#5462,#5450);
#5439=PRODUCT_DEFINITION('','',#5463,#5451);
#5440=PRODUCT_DEFINITION('','',#5464,#5452);
#5441=PRODUCT_DEFINITION('','',#5465,#5453);
#5442=PRODUCT_DEFINITION('','',#5466,#5454);
#5443=PRODUCT_DEFINITION('','',#5467,#5455);
#5444=PRODUCT_DEFINITION('','',#5468,#5456);
#5445=PRODUCT_DEFINITION('','',#5469,#5457);
#5446=PRODUCT_DEFINITION('','',#5470,#5458);
#5447=PRODUCT_DEFINITION_CONTEXT('',#5531,'design');
#5448=PRODUCT_DEFINITION_CONTEXT('',#5532,'design');
#5449=PRODUCT_DEFINITION_CONTEXT('',#5533,'design');
#5450=PRODUCT_DEFINITION_CONTEXT('',#5534,'design');
#5451=PRODUCT_DEFINITION_CONTEXT('',#5535,'design');
#5452=PRODUCT_DEFINITION_CONTEXT('',#5536,'design');
#5453=PRODUCT_DEFINITION_CONTEXT('',#5537,'design');
#5454=PRODUCT_DEFINITION_CONTEXT('',#5538,'design');
#5455=PRODUCT_DEFINITION_CONTEXT('',#5539,'design');
#5456=PRODUCT_DEFINITION_CONTEXT('',#5540,'design');
#5457=PRODUCT_DEFINITION_CONTEXT('',#5541,'design');
#5458=PRODUCT_DEFINITION_CONTEXT('',#5542,'design');
#5459=PRODUCT_DEFINITION_FORMATION_WITH_SPECIFIED_SOURCE('','',#5483,
 .NOT_KNOWN.);
#5460=PRODUCT_DEFINITION_FORMATION_WITH_SPECIFIED_SOURCE('','',#5484,
 .NOT_KNOWN.);
#5461=PRODUCT_DEFINITION_FORMATION_WITH_SPECIFIED_SOURCE('','',#5485,
 .NOT_KNOWN.);
#5462=PRODUCT_DEFINITION_FORMATION_WITH_SPECIFIED_SOURCE('','',#5486,
 .NOT_KNOWN.);
#5463=PRODUCT_DEFINITION_FORMATION_WITH_SPECIFIED_SOURCE('','',#5487,
 .NOT_KNOWN.);
#5464=PRODUCT_DEFINITION_FORMATION_WITH_SPECIFIED_SOURCE('','',#5488,
 .NOT_KNOWN.);
#5465=PRODUCT_DEFINITION_FORMATION_WITH_SPECIFIED_SOURCE('','',#5489,
 .NOT_KNOWN.);
#5466=PRODUCT_DEFINITION_FORMATION_WITH_SPECIFIED_SOURCE('','',#5490,
 .NOT_KNOWN.);
#5467=PRODUCT_DEFINITION_FORMATION_WITH_SPECIFIED_SOURCE('','',#5491,
 .NOT_KNOWN.);
#5468=PRODUCT_DEFINITION_FORMATION_WITH_SPECIFIED_SOURCE('','',#5492,
 .NOT_KNOWN.);
#5469=PRODUCT_DEFINITION_FORMATION_WITH_SPECIFIED_SOURCE('','',#5493,
 .NOT_KNOWN.);
#5470=PRODUCT_DEFINITION_FORMATION_WITH_SPECIFIED_SOURCE('','',#5494,
 .NOT_KNOWN.);
#5471=PRODUCT_RELATED_PRODUCT_CATEGORY('','',(#5483));
#5472=PRODUCT_RELATED_PRODUCT_CATEGORY('','',(#5484));
#5473=PRODUCT_RELATED_PRODUCT_CATEGORY('','',(#5485));
#5474=PRODUCT_RELATED_PRODUCT_CATEGORY('','',(#5486));
#5475=PRODUCT_RELATED_PRODUCT_CATEGORY('','',(#5487));
#5476=PRODUCT_RELATED_PRODUCT_CATEGORY('','',(#5488));
#5477=PRODUCT_RELATED_PRODUCT_CATEGORY('','',(#5489));
#5478=PRODUCT_RELATED_PRODUCT_CATEGORY('','',(#5490));
#5479=PRODUCT_RELATED_PRODUCT_CATEGORY('','',(#5491));
#5480=PRODUCT_RELATED_PRODUCT_CATEGORY('','',(#5492));
#5481=PRODUCT_RELATED_PRODUCT_CATEGORY('','',(#5493));
#5482=PRODUCT_RELATED_PRODUCT_CATEGORY('','',(#5494));
#5483=PRODUCT('Part 1','Part 1','Part 1',(#5507));
#5484=PRODUCT('Part 1','Part 1','Part 1',(#5508));
#5485=PRODUCT('Part 1','Part 1','Part 1',(#5509));
#5486=PRODUCT('Part 1','Part 1','Part 1',(#5510));
#5487=PRODUCT('Part 1','Part 1','Part 1',(#5511));
#5488=PRODUCT('Part 1','Part 1','Part 1',(#5512));
#5489=PRODUCT('Part 1','Part 1','Part 1',(#5513));
#5490=PRODUCT('Part 1','Part 1','Part 1',(#5514));
#5491=PRODUCT('Part 1','Part 1','Part 1',(#5515));
#5492=PRODUCT('Part 1','Part 1','Part 1',(#5516));
#5493=PRODUCT('Part 1','Part 1','Part 1',(#5517));
#5494=PRODUCT('Part 1','Part 1','Part 1',(#5518));
#5495=PRODUCT_CATEGORY('','');
#5496=PRODUCT_CATEGORY('','');
#5497=PRODUCT_CATEGORY('','');
#5498=PRODUCT_CATEGORY('','');
#5499=PRODUCT_CATEGORY('','');
#5500=PRODUCT_CATEGORY('','');
#5501=PRODUCT_CATEGORY('','');
#5502=PRODUCT_CATEGORY('','');
#5503=PRODUCT_CATEGORY('','');
#5504=PRODUCT_CATEGORY('','');
#5505=PRODUCT_CATEGORY('','');
#5506=PRODUCT_CATEGORY('','');
#5507=PRODUCT_CONTEXT('',#5531,'mechanical');
#5508=PRODUCT_CONTEXT('',#5532,'mechanical');
#5509=PRODUCT_CONTEXT('',#5533,'mechanical');
#5510=PRODUCT_CONTEXT('',#5534,'mechanical');
#5511=PRODUCT_CONTEXT('',#5535,'mechanical');
#5512=PRODUCT_CONTEXT('',#5536,'mechanical');
#5513=PRODUCT_CONTEXT('',#5537,'mechanical');
#5514=PRODUCT_CONTEXT('',#5538,'mechanical');
#5515=PRODUCT_CONTEXT('',#5539,'mechanical');
#5516=PRODUCT_CONTEXT('',#5540,'mechanical');
#5517=PRODUCT_CONTEXT('',#5541,'mechanical');
#5518=PRODUCT_CONTEXT('',#5542,'mechanical');
#5519=APPLICATION_PROTOCOL_DEFINITION('international standard',
'ap242_managed_model_based_3d_engineering',2020,#5531);
#5520=APPLICATION_PROTOCOL_DEFINITION('international standard',
'ap242_managed_model_based_3d_engineering',2020,#5532);
#5521=APPLICATION_PROTOCOL_DEFINITION('international standard',
'ap242_managed_model_based_3d_engineering',2020,#5533);
#5522=APPLICATION_PROTOCOL_DEFINITION('international standard',
'ap242_managed_model_based_3d_engineering',2020,#5534);
#5523=APPLICATION_PROTOCOL_DEFINITION('international standard',
'ap242_managed_model_based_3d_engineering',2020,#5535);
#5524=APPLICATION_PROTOCOL_DEFINITION('international standard',
'ap242_managed_model_based_3d_engineering',2020,#5536);
#5525=APPLICATION_PROTOCOL_DEFINITION('international standard',
'ap242_managed_model_based_3d_engineering',2020,#5537);
#5526=APPLICATION_PROTOCOL_DEFINITION('international standard',
'ap242_managed_model_based_3d_engineering',2020,#5538);
#5527=APPLICATION_PROTOCOL_DEFINITION('international standard',
'ap242_managed_model_based_3d_engineering',2020,#5539);
#5528=APPLICATION_PROTOCOL_DEFINITION('international standard',
'ap242_managed_model_based_3d_engineering',2020,#5540);
#5529=APPLICATION_PROTOCOL_DEFINITION('international standard',
'ap242_managed_model_based_3d_engineering',2020,#5541);
#5530=APPLICATION_PROTOCOL_DEFINITION('international standard',
'ap242_managed_model_based_3d_engineering',2020,#5542);
#5531=APPLICATION_CONTEXT('managed model based 3d engineering');
#5532=APPLICATION_CONTEXT('managed model based 3d engineering');
#5533=APPLICATION_CONTEXT('managed model based 3d engineering');
#5534=APPLICATION_CONTEXT('managed model based 3d engineering');
#5535=APPLICATION_CONTEXT('managed model based 3d engineering');
#5536=APPLICATION_CONTEXT('managed model based 3d engineering');
#5537=APPLICATION_CONTEXT('managed model based 3d engineering');
#5538=APPLICATION_CONTEXT('managed model based 3d engineering');
#5539=APPLICATION_CONTEXT('managed model based 3d engineering');
#5540=APPLICATION_CONTEXT('managed model based 3d engineering');
#5541=APPLICATION_CONTEXT('managed model based 3d engineering');
#5542=APPLICATION_CONTEXT('managed model based 3d engineering');
ENDSEC;
END-ISO-10303-21;
